name,brand,image_path
"Redmi 10 Power (Power Black, 8GB RAM, 128GB Storage)",Redmi,/kaggle/working/images/0.jpg
"OnePlus Nord CE 2 Lite 5G (Blue Tide, 6GB RAM, 128GB Storage)",OnePlus,/kaggle/working/images/1.jpg
"OnePlus Bullets Z2 Bluetooth Wireless in Ear Earphones with Mic, Bombastic Bass - 12.4 Mm Drivers, 10 Mins Charge - 20 Hrs...",OnePlus,/kaggle/working/images/10.jpg
"Samsung Galaxy M33 5G (Mystique Green, 6GB, 128GB Storage) | 6000mAh Battery | Upto 12GB RAM with RAM Plus | Travel Adapte...",Samsung,/kaggle/working/images/100.jpg
"OnePlus Nord CE 2 Lite 5G (Black Dusk, 6GB RAM, 128GB Storage)",OnePlus,/kaggle/working/images/1000.jpg
"Redmi 10 Power (Sporty Orange, 8GB RAM, 128GB Storage)",Redmi,/kaggle/working/images/1001.jpg
"boAt Airdopes 141 Bluetooth Truly Wireless in Ear Earbuds with mic, 42H Playtime, Beast Mode(Low Latency Upto 80ms) for Ga...",boAt,/kaggle/working/images/1002.jpg
"Apple 20W USB-C Power Adapter (for iPhone, iPad & AirPods)",Apple,/kaggle/working/images/1005.jpg
"Fire-Boltt Ninja Call Pro Plus 1.83"" Smart Watch with Bluetooth Calling, AI Voice Assistance, 100 Sports Modes IP67 Ratin...",Fire-Boltt,/kaggle/working/images/1006.jpg
"Samsung Galaxy M33 5G (Emerald Brown, 6GB, 128GB Storage) | 6000mAh Battery | Upto 12GB RAM with RAM Plus | Travel Adapter...",Samsung,/kaggle/working/images/1007.jpg
"realme narzo 50A Prime (Flash Black, 4GB RAM+64GB Storage) Full High Definition+ Display |50MP AI Triple Camera| Charger I...",realme,/kaggle/working/images/101.jpg
"Redmi A1 (Light Blue, 2GB RAM, 32GB Storage) | Segment Best AI Dual Cam | 5000mAh Battery | Leather Texture Design | Andro...",Redmi,/kaggle/working/images/102.jpg
"OnePlus Nord CE 2 Lite 5G (Blue Tide, 8GB RAM, 128GB Storage)",OnePlus,/kaggle/working/images/103.jpg
"boAt Airdopes Atom 81 True Wireless in Ear Earbuds with Upto 50H Playtime, Quad Mics ENx Tech, 13MM Drivers, Beast Mode(50...",boAt,/kaggle/working/images/1033.jpg
"boAt Airdopes 141 Bluetooth Truly Wireless in Ear Earbuds with 42H Playtime, Beast Mode(Low Latency Upto 80ms) for Gaming,...",boAt,/kaggle/working/images/1034.jpg
boAt BassHeads 100 in-Ear Wired Headphones with Mic (Black),boAt,/kaggle/working/images/1035.jpg
"boAt Rockerz 330 Bluetooth Wireless in Ear Earphones with mic, Upto 30 Hours Playtime, ASAP Charge, Signature Sound, Dual ...",boAt,/kaggle/working/images/1036.jpg
Lapster 5-in-1 Multi-Function Laptop Cleaning Brush/Keyboard Cleaning kit/Gadget Cleaning kit Gap Duster Key-Cap Puller fo...,Lapster,/kaggle/working/images/1038.jpg
"boAt Wave Call Smart Watch, Smart Talk with Advanced Dedicated Bluetooth Calling Chip, 1.69 HD Display with 550 NITS & 70%...",boAt,/kaggle/working/images/1039.jpg
"OnePlus Bullets Z2 Bluetooth Wireless in Ear Earphones with Mic, Bombastic Bass - 12.4 Mm Drivers, 10 Mins Charge - 20 Hrs...",OnePlus,/kaggle/working/images/104.jpg
"boAt Airdopes 121v2 in-Ear True Wireless Earbuds with Upto 14 Hours Playback, 8MM Drivers, Battery Indicators, Lightweight...",boAt,/kaggle/working/images/1040.jpg
"Redmi A1 (Black, 2GB RAM, 32GB Storage) | Segment Best AI Dual Cam | 5000mAh Battery | Leather Texture Design | Android 12",Redmi,/kaggle/working/images/1041.jpg
"Redmi 10A (Charcoal Black, 4GB RAM, 64GB Storage) | 2 Ghz Octa Core Helio G25 | 5000 mAh Battery | Finger Print Sensor | U...",Redmi,/kaggle/working/images/1043.jpg
"OnePlus 11R 5G (Galactic Silver, 16GB RAM, 256GB Storage)",OnePlus,/kaggle/working/images/1044.jpg
"OnePlus Nord 2T 5G (Jade Fog, 8GB RAM, 128GB Storage)",OnePlus,/kaggle/working/images/1045.jpg
"OnePlus Nord Buds True Wireless in Ear Earbuds with Mic, 12.4mm Titanium Drivers, Playback:Up to 30hr case, 4-Mic Design +...",OnePlus,/kaggle/working/images/1047.jpg
"OnePlus Nord 2T 5G (Gray Shadow, 8GB RAM, 128GB Storage)",OnePlus,/kaggle/working/images/1048.jpg
"boAt Rockerz 255 Pro+ in-Ear Bluetooth Neckband with Upto 40 Hours Playback, ASAP Charge, IPX7, Dual Pairing, BT v5.0, wi...",boAt,/kaggle/working/images/1049.jpg
"boAt Rockerz 255 Pro+ in-Ear Bluetooth Neckband with Upto 40 Hours Playback, ASAP Charge, IPX7, Dual Pairing, BT v5.0, wi...",boAt,/kaggle/working/images/105.jpg
"Hammer Ace 3.0 Bluetooth Calling Smart Watch with Largest 1.85"" IPS Display, Dual Mode, Spo2, Heart Rate, Strong Metallic ...",Hammer,/kaggle/working/images/1050.jpg
"iQOO Z6 Lite 5G by vivo (Stellar Green, 6GB RAM, 128GB Storage) | World's First Snapdragon 4 Gen 1 | 120Hz Refresh Rate | ...",iQOO,/kaggle/working/images/1051.jpg
MI Power Bank 3i 20000mAh Lithium Polymer 18W Fast Power Delivery Charging | Input- Type C | Micro USB| Triple Output | Sa...,MI,/kaggle/working/images/1052.jpg
SanDisk Cruzer Blade 32GB USB Flash Drive,SanDisk,/kaggle/working/images/1053.jpg
"SanDisk Ultra® microSDXC™ UHS-I Card, 64GB, 140MB/s R, 10 Y Warranty, for Smartphones",SanDisk,/kaggle/working/images/1054.jpg
"boAt Airdopes 141 Pro True Wireless in Ear Earbuds with 45H Playtime, Quad Mics Enx Tech, 12mm Drivers, ASAP Charge, Beast...",boAt,/kaggle/working/images/1055.jpg
"Redmi A1 (Light Green, 2GB RAM 32GB ROM) | Segment Best AI Dual Cam | 5000mAh Battery | Leather Texture Design | Android 12",Redmi,/kaggle/working/images/1056.jpg
"OnePlus 11R 5G (Galactic Silver, 8GB RAM, 128GB Storage)",OnePlus,/kaggle/working/images/1057.jpg
"Fire-Boltt Phoenix Smart Watch with Bluetooth Calling 1.3"",120+ Sports Modes, 240 * 240 PX High Res with SpO2, Heart Rate ...",Fire-Boltt,/kaggle/working/images/1058.jpg
Samsung 25W USB Travel Adapter for Cellular Phones - White,Samsung,/kaggle/working/images/1059.jpg
"boAt Airdopes 141 Bluetooth Truly Wireless in Ear Earbuds with 42H Playtime, Beast Mode(Low Latency Upto 80ms) for Gaming,...",boAt,/kaggle/working/images/106.jpg
"pTron Bassbuds Duo in Ear Earbuds with 32Hrs Total Playtime, Bluetooth 5.1 Wireless, Stereo Audio, Touch Control TWS, with...",pTron,/kaggle/working/images/1060.jpg
"TAGG Verve Sense Smartwatch with 1.70'' Large Display, Real SPO2, and Real-Time Heart Rate Tracking, 7 Days Battery Backu...",TAGG,/kaggle/working/images/1061.jpg
"Portronics Toad 23 Wireless Optical Mouse with 2.4GHz, USB Nano Dongle, Optical Orientation, Click Wheel, Adjustable DPI(B...",Portronics,/kaggle/working/images/1062.jpg
"Samsung Galaxy M04 Light Green, 4GB RAM, 64GB Storage | Upto 8GB RAM with RAM Plus | MediaTek Helio P35 | 5000 mAh Battery",Samsung,/kaggle/working/images/1063.jpg
"ZEBRONICS Zeb-Bro in Ear Wired Earphones with Mic, 3.5mm Audio Jack, 10mm Drivers, Phone/Tablet Compatible(Black)",ZEBRONICS,/kaggle/working/images/1064.jpg
"realme narzo 50A Prime (Flash Blue, 4GB RAM+128GB Storage) FHD+ Display | 50MP AI Triple Camera| Charger Included",realme,/kaggle/working/images/1065.jpg
boAt Bassheads 220 Wired in Ear Earphones(Black Indi),boAt,/kaggle/working/images/1066.jpg
"OnePlus Bullets Z2 Bluetooth Wireless in Ear Earphones with Mic, Bombastic Bass - 12.4 Mm Drivers, 10 Mins Charge - 20 Hrs...",OnePlus,/kaggle/working/images/1067.jpg
"boAt Rockerz 450 Bluetooth On Ear Headphones with Mic, Upto 15 Hours Playback, 40MM Drivers, Padded Ear Cushions, Integrat...",boAt,/kaggle/working/images/1068.jpg
"Redmi 10A (Slate Grey, 4GB RAM, 64GB Storage) | 2 Ghz Octa Core Helio G25 | 5000 mAh Battery | Finger Print Sensor | Upto ...",Redmi,/kaggle/working/images/1069.jpg
"JK Copier Paper - A4, 75 GSM, 1 Ream, 500 Sheets",JK,/kaggle/working/images/107.jpg
Fire TV Stick with Alexa Voice Remote (includes TV and app controls) | HD streaming device,Fire,/kaggle/working/images/1073.jpg
"WRISTIO 3 1.85"" HD, Bluetooth Calling Smart Watch, 50+ Sports Modes, Rotating Crown, 15 days battery life, Split-screen, W...",WRISTIO,/kaggle/working/images/1074.jpg
"Scotch Double Sided Heavy Duty Tape(1m holds 4.5Kgs) for indoor hanging applications (Photo frames, Mirrors, Key Holders, ...",Scotch,/kaggle/working/images/1075.jpg
"Noise Pulse Go Buzz Bluetooth Calling Smart Watch, 1.69"" Clear Display, 550Nits,150+ Watch face, Comfort Strap, Heart Rat...",Noise,/kaggle/working/images/1076.jpg
"STRIFF Mpad Mouse Mat 230X190X3mm Gaming Mouse Pad, Non-Slip Rubber Base, Waterproof Surface, Premium-Textured, Compatible...",STRIFF,/kaggle/working/images/1077.jpg
STRIFF Adjustable Laptop Tabletop Stand Patented Riser Ventilated Portable Foldable Compatible with MacBook Notebook Table...,STRIFF,/kaggle/working/images/1079.jpg
"Noise Pulse 2 Max Advanced Bluetooth Calling Smart Watch with 1.85'' Display, 550 NITS Brightness, Smart DND, 10 Days Batt...",Noise,/kaggle/working/images/108.jpg
Samsung EVO Plus 128GB microSDXC UHS-I U3 130MB/s Full HD & 4K UHD Memory Card with Adapter (MB-MC128KA),Samsung,/kaggle/working/images/1080.jpg
"Fire-Boltt Phoenix Pro 1.39"" Bluetooth Calling Smartwatch, AI Voice Assistant, Metal Body with 120+ Sports Modes, SpO2, He...",Fire-Boltt,/kaggle/working/images/1081.jpg
"Oppo A78 5G (Glowing Blue, 8GB RAM, 128 Storage) | 5000 mAh Battery with 33W SUPERVOOC Charger| 50MP AI Camera | 90Hz Refr...",Oppo,/kaggle/working/images/1082.jpg
LAPSTER Spiral Charger Spiral Charger Cable Protectors for Wires Data Cable Saver Charging Cord Protective Cable Cover Set...,LAPSTER,/kaggle/working/images/1083.jpg
"boAt Xtend Smartwatch with Alexa Built-in, 1.69” HD Display, Multiple Watch Faces, Stress Monitor, Heart & SpO2 Monitorin...",boAt,/kaggle/working/images/1085.jpg
"Duracell Alkaline AAA Batteries, Pack of 10",Duracell,/kaggle/working/images/1086.jpg
"Storio Kids Toys LCD Writing Tablet 8.5Inch E-Note Pad Best Birthday Gift for Girls Boys, Multicolor (SC1667)",Storio,/kaggle/working/images/1087.jpg
"boAt Type C A325 Tangle-free, Sturdy Type C Cable with 3A Rapid Charging & 480mbps Data Transmission(Black)",boAt,/kaggle/working/images/109.jpg
"boAt Flash Edition Smart Watch with Activity Tracker, Multiple Sports Modes, 1.3"" Screen, 170+ Watch Faces, Sleep Monitor,...",boAt,/kaggle/working/images/1090.jpg
"pTron Tangent Evo, 14Hrs Playback, Bluetooth 5.0 Earphones, In-Ear Headphones with Mic, Deep Bass, Clear Calls, IPX4 Water...",pTron,/kaggle/working/images/1092.jpg
"Samsung Galaxy M04 Dark Blue, 4GB RAM, 64GB Storage | Upto 8GB RAM with RAM Plus | MediaTek Helio P35 | 5000 mAh Battery",Samsung,/kaggle/working/images/1093.jpg
"JBL C100SI Wired In Ear Headphones with Mic, JBL Pure Bass Sound, One Button Multi-function Remote, Angled Buds for Comfor...",JBL,/kaggle/working/images/1094.jpg
"Logitech B170 Wireless Mouse, 2.4 GHz with USB Nano Receiver, Optical Tracking, 12-Months Battery Life, Ambidextrous, PC/M...",Logitech,/kaggle/working/images/1095.jpg
"Echo Dot (3rd Gen) - Alexa smart speaker for music, smart home, kids learning & added Bluetooth control",Echo,/kaggle/working/images/1096.jpg
"Fire-Boltt Invincible Plus 1.43"" AMOLED Display Smartwatch with Bluetooth Calling, TWS Connection, 300+ Sports Modes, 110 ...",Fire-Boltt,/kaggle/working/images/1097.jpg
"GM 3060 E-Book 4 + 1 Power Strip 240 Volts with Master Switch, Indicator, Safety Shutter & 4 International sockets, Red & ...",GM,/kaggle/working/images/1098.jpg
"OneAssist 1 Year Extended Warranty for Smartwatch up to 3000 - Email Delivery Within 2 Hours, No Physical Kit",OneAssist,/kaggle/working/images/1099.jpg
"HP X1000 Wired USB Mouse with 3 Handy Buttons, Fast-Moving Scroll Wheel and Optical Sensor works on most Surfaces, 3 years...",HP,/kaggle/working/images/11.jpg
"HP v236w USB 2.0 64GB Pen Drive, Metal",HP,/kaggle/working/images/110.jpg
boAt BassHeads 900 On-Ear Wired Headphones with Mic (White),boAt,/kaggle/working/images/1100.jpg
"Boult Audio Z40 True Wireless in Ear Earbuds with 60H Playtime, Zen™ ENC Mic, Low Latency Gaming, Type-C Fast Charging, Ma...",Boult,/kaggle/working/images/1101.jpg
SanDisk Cruzer Blade 64GB USB 2.0 Flash Drive,SanDisk,/kaggle/working/images/1102.jpg
"Samsung Galaxy M33 5G (Deep Ocean Blue, 6GB, 128GB Storage) | 6000mAh Battery | Upto 12GB RAM with RAM Plus | Travel Adapt...",Samsung,/kaggle/working/images/1103.jpg
"SanDisk Ultra® microSDXC™ UHS-I Card, 128GB, 140MB/s R, 10 Y Warranty, for Smartphones",SanDisk,/kaggle/working/images/1104.jpg
"Redmi 10A (Sea Blue, 4GB RAM, 64GB Storage) | 2 Ghz Octa Core Helio G25 | 5000 mAh Battery | Finger Print Sensor | Upto 5G...",Redmi,/kaggle/working/images/1105.jpg
"OnePlus Nord Buds True Wireless in Ear Earbuds with Mic, 12.4mm Titanium Drivers, Playback:Up to 30hr case, 4-Mic Design +...",OnePlus,/kaggle/working/images/1106.jpg
"MI Cordless Beard Trimmer 1C, with 20 length settings, 60 MInutes of usage, & USB Fast charging, black",MI,/kaggle/working/images/1107.jpg
"Fire-Boltt Gladiator 1.96"" Biggest Display Smart Watch with Bluetooth Calling, Voice Assistant &123 Sports Modes, 8 Unique...",Fire-Boltt,/kaggle/working/images/1108.jpg
"Redmi Note 11 (Space Black, 4GB RAM, 64GB Storage)|90Hz FHD+ AMOLED Display | Qualcomm® Snapdragon™ 680-6nm | 33W Charger ...",Redmi,/kaggle/working/images/1109.jpg
"OnePlus 11 5G (Titan Black, 16GB RAM, 256GB Storage)",OnePlus,/kaggle/working/images/111.jpg
"Dell USB Wireless Keyboard and Mouse Set- KM3322W, Anti-Fade & Spill-Resistant Keys, up to 36 Month Battery Life, 3Y Advan...",Dell,/kaggle/working/images/1112.jpg
"Mi 10000mAH Li-Polymer, Micro-USB and Type C Input Port, Power Bank 3i with 18W Fast Charging (Midnight Black)",Mi,/kaggle/working/images/1113.jpg
Classmate Octane Neon- Blue Gel Pens(Pack of 5)|Smooth Writing Pen|Attractive body colour for Boys & Girls|Waterproof ink ...,Classmate,/kaggle/working/images/1114.jpg
"Oppo F21s Pro (Dawnlight Gold, 8GB RAM, 128 Storage) with No Cost EMI/Additional Exchange Offers",Oppo,/kaggle/working/images/1115.jpg
"ZEBRONICS Zeb-Bro in Ear Wired Earphones with Mic, 3.5mm Audio Jack, 10mm Drivers, Phone/Tablet Compatible(Green)",ZEBRONICS,/kaggle/working/images/1116.jpg
"realme TechLife Buds T100 Bluetooth Truly Wireless in Ear Earbuds with mic, AI ENC for Calls, Google Fast Pair, 28 Hours T...",realme,/kaggle/working/images/1117.jpg
"Noise ColorFit Pulse Grand Smart Watch with 1.69""(4.29cm) HD Display, 60 Sports Modes, 150 Watch Faces, Fast Charge, Spo2,...",Noise,/kaggle/working/images/1118.jpg
realme Narzo 50 Pro 5G (Hyper Blue 6GB RAM+128GB Storage) Super AMOLED | Advanced Dimensity 920 5G Gaming Processor | 50% ...,realme,/kaggle/working/images/1120.jpg
boAt BassHeads 220 Wired in Ear Earphones with Inline Mic(Black),boAt,/kaggle/working/images/1121.jpg
"Samsung Galaxy M33 5G (Deep Ocean Blue, 8GB, 128GB Storage) | 6000mAh Battery | Upto 16GB RAM with RAM Plus | Travel Adapt...",Samsung,/kaggle/working/images/1125.jpg
"Fire-Boltt India's No 1 Smartwatch Brand Talk 2 Bluetooth Calling Smartwatch with Dual Button, Hands On Voice Assistance, ...",Fire-Boltt,/kaggle/working/images/1127.jpg
"ZEBRONICS Zeb-Bro in Ear Wired Earphones with Mic, 3.5mm Audio Jack, 10mm Drivers, Phone/Tablet Compatible(Blue)",ZEBRONICS,/kaggle/working/images/1128.jpg
"Dell MS116 1000Dpi USB Wired Optical Mouse, Led Tracking, Scrolling Wheel, Plug and Play.",Dell,/kaggle/working/images/1129.jpg
"Noise Pulse Go Buzz Bluetooth Calling Smart Watch, 1.69"" Clear Display, 550Nits,150+ Watch face, Comfort Strap, Heart Rat...",Noise,/kaggle/working/images/113.jpg
"SanDisk Ultra microSD UHS-I Card 32GB, 120MB/s R",SanDisk,/kaggle/working/images/1130.jpg
"HP w100 480P 30 FPS Digital Webcam with Built-in Mic, Plug and Play Setup, Wide-Angle View for Video Calling on Skype, Zoo...",HP,/kaggle/working/images/1131.jpg
"Samsung Original 25W USB Travel Lightning Adapter for Cellular Phones, Black",Samsung,/kaggle/working/images/1134.jpg
"Tygot Adjustable Aluminium Alloy Tripod Stand Holder for Mobile Phones & Camera, 360 mm -1060 mm (42 Inch), 1/4 inch Screw...",Tygot,/kaggle/working/images/1135.jpg
"boAt Wave Call Smart Watch, Smart Talk with Advanced Dedicated Bluetooth Calling Chip, 1.69” HD Display with 550 NITS & 7...",boAt,/kaggle/working/images/1137.jpg
"Portronics Konnect L 1.2M Fast Charging 3A 8 Pin USB Cable with Charge & Sync Function for iPhone, iPad (Grey)",Portronics,/kaggle/working/images/1138.jpg
"OnePlus Nord 2T 5G (Jade Fog, 12GB RAM, 256GB Storage)",OnePlus,/kaggle/working/images/1139.jpg
"boAt Airdopes 172 True Wireless in Ear Earbuds with ENx™ Tech, Beast Mode, 35H Playtime, 11mm Drivers, ASAP™ Charge, IPX4,...",boAt,/kaggle/working/images/114.jpg
Panasonic CR-2032/5BE Lithium Coin Battery - Pack of 5,Panasonic,/kaggle/working/images/1140.jpg
"OnePlus Nord Wired Earphones with mic, 3.5mm Audio Jack, Enhanced bass with 9.2mm Dynamic Drivers, in-Ear Wired Earphone -...",OnePlus,/kaggle/working/images/1141.jpg
"MI 10000mAh Lithium Ion, Lithium Polymer Power Bank Pocket Pro with 22.5 Watt Fast Charging, Dual Input Ports(Micro-USB an...",MI,/kaggle/working/images/1142.jpg
"pTron Bullet Pro 36W PD Quick Charger, 3 Port Fast Car Charger Adapter - Compatible with All Smartphones & Tablets (Black)",pTron,/kaggle/working/images/1143.jpg
Boya ByM1 Auxiliary Omnidirectional Lavalier Condenser Microphone with 20ft Audio Cable (Black),Boya,/kaggle/working/images/1144.jpg
HP 680 Original Ink Advantage Cartridge (Black),HP,/kaggle/working/images/1145.jpg
Samsung EVO Plus 64GB microSDXC UHS-I U1 130MB/s Full HD & 4K UHD Memory Card with Adapter (MB-MC64KA),Samsung,/kaggle/working/images/1146.jpg
"OnePlus Nord Buds CE Truly Wireless Bluetooth in Ear Earbuds (Mist Grey, True Wireless)",OnePlus,/kaggle/working/images/1147.jpg
"Nokia 105 Single SIM, Keypad Mobile Phone with Wireless FM Radio | Charcoal",Nokia,/kaggle/working/images/1148.jpg
Portronics MODESK POR-122 Universal Mobile Tabletop Holder (Black),Portronics,/kaggle/working/images/1149.jpg
MI Xiaomi Wireless Home Security Camera 2i 2022 Edition | Full HD Picture | 360 View | 2MP | AI Powered Motion Detection |...,MI,/kaggle/working/images/115.jpg
"JBL C50HI, Wired in Ear Headphones with Mic, One Button Multi-Function Remote, Lightweight & Comfortable fit (Black)",JBL,/kaggle/working/images/1151.jpg
Dell Kb216 Wired Multimedia USB Keyboard with Super Quite Plunger Keys with Spill-Resistant  Black,Dell,/kaggle/working/images/116.jpg
"boAt Rockerz 255 Pro+ in-Ear Bluetooth Neckband with Upto 40 Hours Playback, ASAP Charge, IPX7, Dual Pairing, BT v5.0, wi...",boAt,/kaggle/working/images/117.jpg
boAt bassheads 105 Wired in Ear Earphones with Mic (Green),boAt,/kaggle/working/images/1176.jpg
"OPPO A74 5G (Fantastic Purple,6GB RAM,128GB Storage) with No Cost EMI/Additional Exchange Offers",OPPO,/kaggle/working/images/1177.jpg
"Tygot 10 Inches Big LED Ring Light for Camera, Phone tiktok YouTube Video Shooting and Makeup, 10"" inch Ring Light with 7 ...",Tygot,/kaggle/working/images/1178.jpg
Fujifilm Instax Mini Picture Format Film (20 Shots),Fujifilm,/kaggle/working/images/1179.jpg
ELV Mobile Phone Mount Tabletop Holder for Phones and Tablets - Black,ELV,/kaggle/working/images/118.jpg
"PIDILITE Fevicryl Acrylic Colours Sunflower Kit (10 Colors x 15 ml) DIY Paint, Rich Pigment, Non-Craking Paint for Canvas,...",PIDILITE,/kaggle/working/images/1180.jpg
boAt Bassheads 242 in Ear Wired Earphones with Mic(Active Black),boAt,/kaggle/working/images/1181.jpg
"Oppo A78 5G (Glowing Black, 8GB RAM, 128 Storage) | 5000 mAh Battery with 33W SUPERVOOC Charger| 50MP AI Camera | 90Hz Ref...",Oppo,/kaggle/working/images/1182.jpg
"Logitech M221 Wireless Mouse, Silent Buttons, 2.4 GHz with USB Mini Receiver, 1000 DPI Optical Tracking, 18-Month Battery ...",Logitech,/kaggle/working/images/1183.jpg
"Duracell USB Type C, 3A Braided Sync & Fast Charging Cable, 3.9 Ft (1.2M), QC 2.0/3.0 Ultra Fast Charging, Compatible with...",Duracell,/kaggle/working/images/1184.jpg
"Mi Beard Trimmer for men, full body Waterproof IPX7, 90 mins runtime, Fast Charging, 40 length settings, cordless+ corded ...",Mi,/kaggle/working/images/1186.jpg
Portronics Konnect L POR-1081 Fast Charging 3A Type-C Cable 1.2Meter with Charge & Sync Function for All Type-C Devices (G...,Portronics,/kaggle/working/images/1187.jpg
"Ambrane Unbreakable 60W / 3A Fast Charging 1.5m Braided Type C Cable for Smartphones, Tablets, Laptops & other Type C devi...",Ambrane,/kaggle/working/images/1188.jpg
"boAt Micro USB 55 Tangle-free, Sturdy Micro USB Cable with 3A Fast Charging & 480mbps Data Transmission (Black)",boAt,/kaggle/working/images/1189.jpg
"Gizga Essentials Hard Drive Case Shell, 6.35cm/2.5-inch, Portable Storage Organizer Bag for Earphone USB Cable Power Bank ...",Gizga,/kaggle/working/images/119.jpg
"OnePlus 11R 5G (Sonic Black, 16GB RAM, 256GB Storage)",OnePlus,/kaggle/working/images/1190.jpg
"Sounce Fast Phone Charging Cable & Data Sync USB Cable Compatible for iPhone 13, 12,11, X, 8, 7, 6, 5, iPad Air, Pro, Mini...",Sounce,/kaggle/working/images/1191.jpg
"Mi Type C 3Amp 100cm Fast Charge Cable Black|USB to Type C|Supports Upto 22.5W Fast Charging|Suitable for All Smartphones,...",Mi,/kaggle/working/images/1192.jpg
boAt Rugged v3 Extra Tough Unbreakable Braided Micro USB Cable 1.5 Meter (Black),boAt,/kaggle/working/images/1193.jpg
"Tygot Bluetooth Extendable Selfie Sticks with Wireless Remote and Tripod Stand, 3-in-1 Multifunctional Selfie Stick with T...",Tygot,/kaggle/working/images/1194.jpg
Samsung 80 cm (32 Inches) Wondertainment Series HD Ready LED Smart TV UA32T4340BKXXL (Glossy Black),Samsung,/kaggle/working/images/1195.jpg
"boAt BassHeads 122 Wired in Ear Earphones with Heavy Bass, Integrated Controls and Mic (Gun Metal)",boAt,/kaggle/working/images/1196.jpg
Syska SSK-EBS-0402 ABS 4 Way Power Strip,Syska,/kaggle/working/images/1197.jpg
Agaro Blaze USB 3.0 to USB Type C OTG Adapter,Agaro,/kaggle/working/images/1198.jpg
"Ajanta Abstract Metal Quartz Wall Clock (32 cm x 32 cm x 3.5 cm, White)",Ajanta,/kaggle/working/images/12.jpg
CP PLUS 2MP Full HD Smart Wi-f CCTV Home Security Camera |360° with Pan Tilt | View & Talk | Motion Alert | Night Vision |...,CP,/kaggle/working/images/1272.jpg
"SanDisk Ultra Dual Drive Go USB Type C Pendrive for Mobile (Black, 128 GB, 5Y - SDDDC3-128G-I35)",SanDisk,/kaggle/working/images/1273.jpg
"Wayona Nylon Braided USB to Lightning Fast Charging and Data Sync Cable Compatible for iPhone 13, 12,11, X, 8, 7, 6, 5, iP...",Wayona,/kaggle/working/images/1274.jpg
"OnePlus 11 5G (Eternal Green, 16GB RAM, 256GB Storage)",OnePlus,/kaggle/working/images/1275.jpg
"Samsung Galaxy M13 (Aqua Green, 6GB, 128GB Storage) | 6000mAh Battery | Upto 12GB RAM with RAM Plus",Samsung,/kaggle/working/images/1276.jpg
"Syvo WT 3130 Aluminum Tripod (50 Inches), Universal Lightweight Tripod with Mobile Phone Holder Mount & Carry Bag for All ...",Syvo,/kaggle/working/images/1277.jpg
OnePlus Nord Buds CE Bluetooth Truly Wireless in Ear Earbuds,OnePlus,/kaggle/working/images/1278.jpg
"Duracell Ultra Alkaline AA Batteries, pack of 8",Duracell,/kaggle/working/images/1280.jpg
"boAt Airdopes 121v2 in-Ear True Wireless Earbuds with Upto 14 Hours Playback, 8MM Drivers, Battery Indicators, Lightweight...",boAt,/kaggle/working/images/1281.jpg
Oakter Mini UPS for 12V WiFi Router Broadband Modem | Backup Upto 4 Hours | WiFi Router UPS Power Backup During Power Cuts...,Oakter,/kaggle/working/images/1283.jpg
MI 80 cm (32 inches) 5A Series HD Ready Smart Android LED TV L32M7-5AIN (Black),MI,/kaggle/working/images/1284.jpg
"Noise Buds VS104 in-Ear Truly Wireless Earbuds with 30H of Playtime, Instacharge(10 min=150 min), 13mm Driver, Mic, Hyper ...",Noise,/kaggle/working/images/1285.jpg
"boAt Rockerz 245v2 Bluetooth Wireless in Ear Earphones with Upto 8 Hours Playback, 12mm Drivers, IPX5, Magnetic Eartips, I...",boAt,/kaggle/working/images/1286.jpg
"realme Buds Wireless 2 Neo Bluetooth in Ear Earphones with Mic, Fast Charging & Up to 17Hrs Playtime (Black)",realme,/kaggle/working/images/1287.jpg
"Samsung Galaxy M33 5G (Mystique Green, 8GB, 128GB Storage) | 6000mAh Battery | Upto 16GB RAM with RAM Plus | Travel Adapte...",Samsung,/kaggle/working/images/1288.jpg
"Fire-Boltt Visionary 1.78"" AMOLED Bluetooth Calling Smartwatch with 368 * 448 Pixel Resolution, Rotating Crown & 60Hz Refr...",Fire-Boltt,/kaggle/working/images/1289.jpg
"pTron Bassbuds Jade Truly Wireless in Ear Earbuds with 40ms Gaming Low Latency, HD Stereo Calls, 40Hrs Playtime, 1-Step Pa...",pTron,/kaggle/working/images/1290.jpg
"JK Easy Copier Paper | A4 Size | 70 GSM | 500 Sheets | White Paper, 1 Ream | For Laserjet & Inkjet Printer | Fast Drying |...",JK,/kaggle/working/images/1291.jpg
"pTron Solero MB301 3A Micro USB Data & Charging Cable, Made in India, 480Mbps Data Sync, Strong & Durable 1.5-Meter Nylon ...",pTron,/kaggle/working/images/1292.jpg
"Oppo F21s Pro (Starlight Black, 8GB RAM, 128 Storage) with No Cost EMI/Additional Exchange Offers",Oppo,/kaggle/working/images/1293.jpg
Canon PG-47 Ink Cartridge (Black),Canon,/kaggle/working/images/1294.jpg
boAt Bassheads 100 in Ear Wired Earphones with Mic(Furious Red),boAt,/kaggle/working/images/1295.jpg
realme Buds 2 Neo Wired in Ear Earphones with Mic (Blue),realme,/kaggle/working/images/1296.jpg
GIZGA ESSENTIALS Spiral Charger Cable Protector (Set of 10) (G55),GIZGA,/kaggle/working/images/1297.jpg
"Duracell Ultra Alkaline AA Battery, 4 Pcs",Duracell,/kaggle/working/images/1298.jpg
"Mi Xiaomi 22.5W Fast USB Type C Charger Combo|Compatible for Mobile,Power Banks|Fast Charging|(Adapter + USB to Type C Cab...",Mi,/kaggle/working/images/1299.jpg
realme narzo 50i Prime (Dark Blue 4GB RAM+64GB Storage) Octa-core Processor | 5000 mAh Battery,realme,/kaggle/working/images/13.jpg
"ZEBRONICS Zeb-Astra 20 Wireless BT v5.0 Portable Speaker with 10W RMS Output, TWS, 10H Backup Approx, Built in Rechargeabl...",ZEBRONICS,/kaggle/working/images/1300.jpg
realme Narzo 50 Pro 5G (Hyper Black 6GB RAM+128GB Storage) Super AMOLED | Advanced Dimensity 920 5G Gaming Processor | 50%...,realme,/kaggle/working/images/1301.jpg
"Fire-Boltt Ninja Call Pro Plus 1.83"" Smart Watch with Bluetooth Calling, AI Voice Assistance, 100 Sports Modes IP67 Ratin...",Fire-Boltt,/kaggle/working/images/1302.jpg
"Oppo Enco M32 Bluetooth Wireless in Ear Earbuds with Mic,10 Mins Charge - 20Hrs Music Fast Charge, 28Hrs Battery Life,10mm...",Oppo,/kaggle/working/images/1304.jpg
"Dell WM118 Wireless Mouse, 2.4 Ghz with USB Nano Receiver, Optical Tracking, 12-Months Battery Life, Ambidextrous, Pc/Mac/...",Dell,/kaggle/working/images/1305.jpg
Crucial BX500 500GB 2.5-inch SATA 3D NAND Internal SSD Upto 550 MB/s,Crucial,/kaggle/working/images/1306.jpg
SanDisk Ultra 128 GB USB 3.0 Pen Drive (Black),SanDisk,/kaggle/working/images/1307.jpg
CP PLUS 3MP Full HD Smart Wi-fi CCTV Home Security Camera | 360° View | 2 Way Talk | Cloud Monitor | Motion Detect | Night...,CP,/kaggle/working/images/1308.jpg
"Noise ColorFit Pulse Smartwatch with 1.4"" Full Touch HD Display, SpO2, Heart Rate, Sleep Monitors & 10-Day Battery - Royal...",Noise,/kaggle/working/images/1309.jpg
"Boult Audio Maverick Truly Wireless in Ear Earbuds with 35H Playtime, Quad Mic ENC, 45ms Xtreme Low Latency, Gaming LEDs, ...",Boult,/kaggle/working/images/1310.jpg
"SanDisk Ultra Flair 64GB USB 3.0 Pen Drive, Multicolor",SanDisk,/kaggle/working/images/1313.jpg
"pTron Tangentbeat in-Ear Bluetooth 5.0 Wireless Headphones with Mic, Enhanced Bass, 10mm Drivers, Clear Calls, Snug-Fit, F...",pTron,/kaggle/working/images/1314.jpg
"Portronics Ruffpad 8.5E Re-Writable LCD Writing Pad with Screen 21.5cm (8.5-inch) for Drawing, Playing, Handwriting Gifts ...",Portronics,/kaggle/working/images/1315.jpg
"Havells 240V 6A Four-Way 1440W Extension Board With Wire (White)- 1.5 Metre Cable, 10 Volt, 4 Universal sockets with Maste...",Havells,/kaggle/working/images/1316.jpg
"STRIFF Laptop Tabletop Stand, Fold-Up, Adjustable, Ventilated, Portable Holder For Desk, Aluminum Foldable Laptop Ergonomi...",STRIFF,/kaggle/working/images/1317.jpg
"Fire-Boltt Ninja 3 Smartwatch Full Touch 1.69 & 60 Sports Modes with IP68, Sp02 Tracking, Over 100 Cloud based watch faces...",Fire-Boltt,/kaggle/working/images/1318.jpg
"pTron Bassbuds Duo in Ear Earbuds with 32Hrs Total Playtime, Bluetooth 5.1 Wireless, Stereo Audio, Touch Control TWS, with...",pTron,/kaggle/working/images/1319.jpg
"Fire-Boltt Phoenix Smart Watch with Bluetooth Calling 1.3"",120+ Sports Modes, 240 * 240 PX High Res with SpO2, Heart Rate ...",Fire-Boltt,/kaggle/working/images/1368.jpg
"WeCool Bluetooth Extendable Selfie Sticks with Wireless Remote and Tripod Stand, 3-in-1 Multifunctional Selfie Stick with ...",WeCool,/kaggle/working/images/1369.jpg
"JBL C50HI, Wired in Ear Headphones with Mic, One Button Multi-Function Remote, Lightweight & Comfortable fit (Blue)",JBL,/kaggle/working/images/1370.jpg
"Redmi 9A Sport (Coral Green, 2GB RAM, 32GB Storage) | 2GHz Octa-core Helio G25 Processor | 5000 mAh Battery",Redmi,/kaggle/working/images/1372.jpg
"OnePlus Buds Z2 Bluetooth Truly Wireless in Ear Earbuds with mic, Active Noise Cancellation, 10 Minutes Flash Charge & Upt...",OnePlus,/kaggle/working/images/1373.jpg
"Fire-Boltt Ring 3 Smart Watch 1.8 Biggest Display with Advanced Bluetooth Calling Chip, Voice Assistance,118 Sports Modes,...",Fire-Boltt,/kaggle/working/images/1374.jpg
"Beetel B26 Corded Slim Landline Phone,Ringer Volume Control,Wall/Desk Mountable,Ringer On/Off Switch,Clear Call Quality,Co...",Beetel,/kaggle/working/images/1375.jpg
"SWAPKART Flexible Mobile Tabletop Stand, Metal Built, Heavy Duty Foldable Lazy Bracket Clip Mount Multi Angle Clamp for Al...",SWAPKART,/kaggle/working/images/1376.jpg
"boAt Rockerz 103 Pro Bluetooth in Ear Neckband with Beast Mode(40ms Low Latency), ENx Tech, ASAP Charge(Fast Charge), Upto...",boAt,/kaggle/working/images/1377.jpg
"STRIFF Multi Angle Mobile Tabletop Stand. Phone Holder for iPhone, Android, Samsung, OnePlus, Xiaomi. Portable,Foldable Ce...",STRIFF,/kaggle/working/images/1378.jpg
"OnePlus Warp Charge Type-C Cable (100cm, Red)",OnePlus,/kaggle/working/images/1379.jpg
Zebronics Zeb-Companion 107 USB Wireless Keyboard and Mouse Set with Nano Receiver (Black),Zebronics,/kaggle/working/images/1380.jpg
"boAt Rockerz 330 Pro in-Ear Bluetooth Neckband with 60HRS Playtime, ASAP Charge, ENx Tech, Signature Sound, BT v5.2, Dua...",boAt,/kaggle/working/images/1381.jpg
"Noise Buds VS104 in-Ear Truly Wireless Earbuds with 30H of Playtime, Instacharge(10 min=150 min), 13mm Driver, Mic, Hyper ...",Noise,/kaggle/working/images/1382.jpg
"Ambrane 10000mAh Slim Power Bank, 20W Fast Charging, Dual Output, Type C PD (Input & Output), Quick Charge, Li-Polymer, Mu...",Ambrane,/kaggle/working/images/1383.jpg
Lapster USB all types smartwatch charger cable for boat watch charger & boat xtend watch charger & boat storm watch charge...,Lapster,/kaggle/working/images/1384.jpg
boAt Bassheads 105 Wired in Ear Earphones with Mic (Black),boAt,/kaggle/working/images/1385.jpg
Eveready 1015 Carbon Zinc AA Battery - 10 Pieces,Eveready,/kaggle/working/images/1386.jpg
Redmi 80 cm (32 inches) Android 11 Series HD Ready Smart LED TV | L32M6-RA/L32M7-RA (Black),Redmi,/kaggle/working/images/1387.jpg
OnePlus 138 cm (55 inches) Y Series 4K Ultra HD Smart Android LED TV 55Y1S Pro (Black),OnePlus,/kaggle/working/images/1388.jpg
Boult Audio BassBuds X1 in-Ear Wired Earphones with 10mm Extra Bass Driver and HD Sound with mic(Blue),Boult,/kaggle/working/images/1389.jpg
"boAt Airdopes 181 in-Ear True Wireless Earbuds with ENx Tech, Beast Mode(Low Latency Upto 60ms) for Gaming, with Mic, AS...",boAt,/kaggle/working/images/1390.jpg
"boAt Wave Edge with 1.85"" HD Display, Advanced Bluetooth Calling Chip, Functional Crown, 100+ Sports Modes,Widget Control,...",boAt,/kaggle/working/images/1391.jpg
"TP-Link AC750 Wifi Range Extender | Up to 750Mbps | Dual Band WiFi Extender, Repeater, Wifi Signal Booster, Access Point| ...",TP-Link,/kaggle/working/images/14.jpg
"boAt Xtend Smartwatch with Alexa Built-in, 1.69” HD Display, Multiple Watch Faces, Stress Monitor, Heart & SpO2 Monitorin...",boAt,/kaggle/working/images/1416.jpg
"Fire-Boltt Ninja Call Pro Plus 1.83"" Smart Watch with Bluetooth Calling, AI Voice Assistance, 100 Sports Modes IP67 Ratin...",Fire-Boltt,/kaggle/working/images/1417.jpg
"Samsung Galaxy M13 (Midnight Blue, 6GB, 128GB Storage) | 6000mAh Battery | Upto 12GB RAM with RAM Plus",Samsung,/kaggle/working/images/1418.jpg
"ZEBRONICS Zeb-Sound Bomb 1 TWS Earbuds with BT5.0, Up to 12H Playback, Touch Controls, Voice Assistant, Splash Proof with ...",ZEBRONICS,/kaggle/working/images/1419.jpg
Boult Audio BassBuds X1 in-Ear Wired Earphones with 10mm Extra Bass Driver and HD Sound with mic(Black),Boult,/kaggle/working/images/1420.jpg
"pTron Bassbuds Duo in Ear Earbuds with 32Hrs Total Playtime, Bluetooth 5.1 Wireless, Stereo Audio, Touch Control TWS, with...",pTron,/kaggle/working/images/1421.jpg
Zebronics Zeb-Transformer-M Optical USB Gaming Mouse with LED Effect(Black),Zebronics,/kaggle/working/images/1422.jpg
"Zebronics ZEB-90HB USB Hub, 4 Ports, Pocket Sized, Plug & Play, for Laptop & Computers",Zebronics,/kaggle/working/images/1423.jpg
"boAt Rockerz 335 Bluetooth in Ear Neckband with Qualcomm aptX & CVC, Upto 30 Hours Playback, ASAP Charge, Signature Sound,...",boAt,/kaggle/working/images/1424.jpg
Redgear Cloak Wired RGB Wired Over Ear Gaming Headphones with Mic for PC,Redgear,/kaggle/working/images/1425.jpg
"Portronics AUTO 12 in-Car Bluetooth Receiver for Handsfree Calling, Music System, Supports All Smartphones (Black)",Portronics,/kaggle/working/images/1426.jpg
"boAt Airdopes 190 True Wireless in Ear Earbuds with Beast Mode(50ms) for Gaming, 40H Playtime, Breathing LEDs, Signature S...",boAt,/kaggle/working/images/1427.jpg
"Redgear Shadow Spear Gaming Wired On Ear Headphones with Mic, 50Mm Drivers, Over-Ear Design, Omnidirectional and Breathing...",Redgear,/kaggle/working/images/1428.jpg
"Gizga Essentials Professional 3-in-1 Cleaning Kit for Camera, Lens, Binocular, Laptop, TV, Monitor, Smartphone, Tablet (In...",Gizga,/kaggle/working/images/1429.jpg
boAt Bassheads 102 in Ear Wired Earphones with Mic(Charcoal Black),boAt,/kaggle/working/images/1430.jpg
"HP 150 Wireless USB Mouse with Ergonomic and ambidextrous Design, 1600 DPI Optical Tracking, 2.4 GHz Wireless connectivit...",HP,/kaggle/working/images/1431.jpg
"iQOO Neo 7 5G (Frost Blue, 8GB RAM, 128GB Storage) | Dimensity 8200, only 4nm Processor in The Segment | 50% Charge in 10 ...",iQOO,/kaggle/working/images/1432.jpg
"Zebronics ZEB-COUNTY 3W Wireless Bluetooth Portable Speaker With Supporting Carry Handle, USB, SD Card, AUX, FM & Call Fun...",Zebronics,/kaggle/working/images/1433.jpg
"Redgear Pro Wireless Gamepad with 2.4GHz Wireless Technology, Integrated Dual Intensity Motor, Illuminated Keys for PC(Com...",Redgear,/kaggle/working/images/1435.jpg
realme narzo 50i Prime (Dark Blue 3 GB RAM +32 GB Storage) Octa-core Processor | 5000 mAh Battery,realme,/kaggle/working/images/1436.jpg
"Samsung Galaxy Buds Live Bluetooth Truly Wireless in Ear Earbuds with Mic, Upto 21 Hours Playtime, Mystic Black",Samsung,/kaggle/working/images/1437.jpg
"Portronics Power Plate 7 with 6 USB Port + 8 Power Sockets Smart Electric Universal Extension Board Multi Plug with 2500W,...",Portronics,/kaggle/working/images/1438.jpg
"realme narzo 50 5G (Hyper Blue, 6GB RAM+128GB Storage) Dimensity 810 5G Processor | 48MP Ultra HD Camera",realme,/kaggle/working/images/1439.jpg
"PTron Solero TB301 3A Type-C Data and Fast Charging Cable, Made in India, 480Mbps Data Sync, Strong and Durable 1.5-Meter ...",PTron,/kaggle/working/images/1464.jpg
Inefable ( 12 Pcs ) Multicoloured Protection Spiral Cable & Wire Protectors Spring Wire for All Wired Accessories for USB ...,Inefable,/kaggle/working/images/1465.jpg
"OnePlus 10R 5G (Forest Green, 8GB RAM, 128GB Storage, 80W SuperVOOC)",OnePlus,/kaggle/working/images/1466.jpg
Wesley Milestone 2.0 Casual Waterproof Laptop Backpack/Office Bag/School Bag/College Bag/Business Bag/Travel Backpack (Dim...,Wesley,/kaggle/working/images/1467.jpg
"boAt Newly Launched Wave Call Plus with 1.83"" HD Display, ENx™ Tech(Clear Calls), Advanced Bluetooth Calling,Hindi & Engli...",boAt,/kaggle/working/images/1468.jpg
Duracell Chhota Power AA Battery Set of 10 Pcs,Duracell,/kaggle/working/images/1469.jpg
"Seagate Expansion 1TB External HDD - USB 3.0 for Windows and Mac with 3 yr Data Recovery Services, Portable Hard Drive (ST...",Seagate,/kaggle/working/images/1470.jpg
"SanDisk Ultra Dual Drive Go usb3.0 Type C Pendrive for Mobile (Black, 64 GB, 5Y - SDDDC3-064G-I35)",SanDisk,/kaggle/working/images/1472.jpg
"tizum HDMI to VGA Adapter/ Connector/ Converter Cable 1080P (Male to Female) for Media Players, Xbox, Projector, Computer,...",tizum,/kaggle/working/images/1473.jpg
"Lenovo 300 Wired Plug & Play USB Mouse, High Resolution 1600 DPI Optical Sensor, 3-Button Design with clickable Scroll Whe...",Lenovo,/kaggle/working/images/1474.jpg
"TP-Link USB WiFi Adapter for PC(TL-WN725N), N150 Wireless Network Adapter for Desktop - Nano Size WiFi Dongle Compatible w...",TP-Link,/kaggle/working/images/1475.jpg
"realme narzo 50A Prime (Flash Black, 4GB RAM+128GB Storage) FHD+ Display | 50MP AI Triple Camera | Charger Included",realme,/kaggle/working/images/1476.jpg
"LAPSTER 12pcs Spiral Cable Protectors for Charger, Wires, Data Charger Cable Protector for Computers, Cell Phones etc.(Grey)",LAPSTER,/kaggle/working/images/1477.jpg
"Stewit Plug in LED Night Light Mini USB LED Light Flexible USB LED Ambient Light Mini USB LED Light, LED Portable car Bul...",Stewit,/kaggle/working/images/1479.jpg
"TP-Link USB Bluetooth Adapter for PC, 5.0 Bluetooth Dongle Receiver (UB500) Supports Windows 11/10/8.1/7 for Desktop, Lapt...",TP-Link,/kaggle/working/images/1480.jpg
Crucial BX500 240GB 3D NAND SATA 6.35 cm (2.5-inch) SSD (CT240BX500SSD1),Crucial,/kaggle/working/images/1481.jpg
"Noise Pulse Go Buzz Smart Watch with Latest Bluetooth Calling tech, 1.69"" Clear Display, 550Nits,150+ Watch face, Comfort ...",Noise,/kaggle/working/images/1482.jpg
"TP-Link TL-WA850RE Single_Band 300Mbps RJ45 Wireless Range Extender, Broadband/Wi-Fi Extender, Wi-Fi Booster/Hotspot with ...",TP-Link,/kaggle/working/images/1483.jpg
Tizum Mouse Pad - Computer Mouse Mat with Anti-Slip Rubber Base & Smooth Mouse Control with Spill-Resistant Surface for La...,Tizum,/kaggle/working/images/1484.jpg
"Omron MC 246 Digital Thermometer With Quick Measurement of Oral & Underarm Temperature in Celsius & Fahrenheit, Water Resi...",Omron,/kaggle/working/images/1485.jpg
SUPER TOY 8.5 Inch LCD Writing Tablet E-Notepad Ruff Pad (Multicolor),SUPER,/kaggle/working/images/1486.jpg
Epson 003 65 ml for EcoTank L1110/L3100/L3101/L3110/L3115/L3116/L3150/L3151/L3152/L3156/L5190 Black Ink Bottle,Epson,/kaggle/working/images/1487.jpg
"DIGITEK® (DTR 260 GT) Gorilla Tripod/Mini 33 CM (13 Inch) Tripod for Mobile Phone with Phone Mount & Remote, Flexible Gori...",DIGITEK®,/kaggle/working/images/1488.jpg
Sounce Shutter Remote Control with Bluetooth Wireless Technology - Create Amazing Photos and Videos Hands-Free - Works wit...,Sounce,/kaggle/working/images/1489.jpg
"JBL C200SI, Premium in Ear Wired Earphones with Mic, Signature Sound, One Button Multi-Function Remote, Angled Earbuds for...",JBL,/kaggle/working/images/1490.jpg
"Ambrane Mobile Holding Tabletop Stand, 180 Perfect View, Height Adjustment, Wide Compatibility, Multipurpose, Anti-Skid De...",Ambrane,/kaggle/working/images/1491.jpg
"Samsung Galaxy M13 (Aqua Green, 4GB, 64GB Storage) | 6000mAh Battery | Upto 8GB RAM with RAM Plus",Samsung,/kaggle/working/images/1492.jpg
"Samsung Galaxy M13 (Midnight Blue, 4GB, 64GB Storage) | 6000mAh Battery | Upto 8GB RAM with RAM Plus",Samsung,/kaggle/working/images/1493.jpg
"Ambrane 60W / 3A Type C Fast Charging Unbreakable 1.5m L Shaped Braided Cable, PD Technology, 480Mbps Data Transfer for Sm...",Ambrane,/kaggle/working/images/1494.jpg
"Boult Audio Z20 True Wireless in Ear Earbuds with Zen ENC Mic, 40H Playtime, Type-C Fast Charging, Made in India, 10mm Ric...",Boult,/kaggle/working/images/1495.jpg
OnePlus 80 cm (32 inches) Y Series HD Ready LED Smart Android TV 32Y1 (Black),OnePlus,/kaggle/working/images/1496.jpg
"TP-Link Archer AC1200 Archer C6 Wi-Fi Speed Up to 867 Mbps/5 GHz + 400Mbps/2.4 GHz, 5 Gigabit Ports, 4 External Antennas, ...",TP-Link,/kaggle/working/images/1497.jpg
"Lapster USB all types smartwatch charger cable for Boat Xtend,boat storm, W26 W26+ W26m W55+, Noise ColorFit Pulse, Colorf...",Lapster,/kaggle/working/images/1498.jpg
"OnePlus Nord Buds True Wireless in Ear Earbuds with Mic, 12.4mm Titanium Drivers, Playback:Up to 30hr case, 4-Mic Design +...",OnePlus,/kaggle/working/images/1499.jpg
HP 805 Black Original Ink Cartridge,HP,/kaggle/working/images/15.jpg
Duracell Plus AAA Rechargeable Batteries (750 mAh) Pack of 4,Duracell,/kaggle/working/images/1500.jpg
"Noise Pulse 2 Max Advanced Bluetooth Calling Smart Watch with 1.85'' Display, 550 NITS Brightness, Smart DND, 10 Days Batt...",Noise,/kaggle/working/images/1501.jpg
"Fire-Boltt Ninja Call Pro Smart Watch Dual Chip Bluetooth Calling, AI Voice Assistance with HD Display, 100 Sports Modes, ...",Fire-Boltt,/kaggle/working/images/1502.jpg
Acer 80 cm (32 inches) I Series HD Ready Android Smart LED TV AR32AR2841HDFL (Black),Acer,/kaggle/working/images/1503.jpg
"WeCool C1 Car Mobile Holder with One Click Technology,360° Rotational, Strong Suction Cup,Compatible with 4 to 6 Inch Devi...",WeCool,/kaggle/working/images/1504.jpg
boAt Bassheads 100 Wired in Ear Earphones with Mic (Mint Green),boAt,/kaggle/working/images/1505.jpg
"ZEBRONICS Zeb-Dash Plus 2.4GHz High Precision Wireless Mouse with up to 1600 DPI, Power Saving Mode, Nano Receiver and Plu...",ZEBRONICS,/kaggle/working/images/1506.jpg
"Xiaomi Wired in-Ear Earphones with Mic, Ultra Deep Bass & Metal Sound Chamber (Black)",Xiaomi,/kaggle/working/images/1507.jpg
"Noise ColorFit Pro 4 Advanced Bluetooth Calling Smart Watch with 1.72"" TruView Display, Fully-Functional Digital Crown, 31...",Noise,/kaggle/working/images/1508.jpg
Cello Bling Pastel Ball Pen | Blue Ball Pen | Jar of 25 Units | Best Ball Pens for Smooth Writing | Ball Point Pen Set | P...,Cello,/kaggle/working/images/1509.jpg
"PTron Bassbuds Plus True Wireless Bluetooth 5.0 in Ear Earbuds, Deep Bass, IPX4 Water/Sweat Resistant, Passive Noise Cance...",PTron,/kaggle/working/images/1510.jpg
Logitech H111 Wired On Ear Headphones With Mic Black,Logitech,/kaggle/working/images/1511.jpg
"boAt Wave Lite Smartwatch with 1.69"" HD Display, Sleek Metal Body, HR & SpO2 Level Monitor, 140+ Watch Faces, Activity Tra...",boAt,/kaggle/working/images/1536.jpg
"Juârez Acoustic Guitar, 38 Inch Cutaway, 038C with Bag, Strings, Pick and Strap, Black",Juârez,/kaggle/working/images/1538.jpg
"Fire-Boltt Tank 1.85"" Outdoor Rugged Bluetooth Calling Smart Watch, 123 Sports Mode, 8 UI Interactions, Built in Speaker &...",Fire-Boltt,/kaggle/working/images/1539.jpg
AmazonBasics AAA Performance Alkaline Non-Rechargeable Batteries (8-Pack) - Appearance May Vary,AmazonBasics,/kaggle/working/images/1540.jpg
"Boult Audio Z25 True Wireless in Ear Earbuds with 32H Playtime, 45ms Low Latency, Type-C Fast Charging (10=150Mins), Made ...",Boult,/kaggle/working/images/1541.jpg
SanDisk Ultra Dual 64 GB USB 3.0 OTG Pen Drive (Black),SanDisk,/kaggle/working/images/1542.jpg
"boAt Xtend/Xtend RTL Smartwatch with Alexa Built-in, 1.69” HD Display, Multiple Watch Faces, Stress Monitor, Heart & SpO2 ...",boAt,/kaggle/working/images/1543.jpg
HP Wireless Mouse 250/2.4 GHz Wireless USB connectivity/12 Months Battery Life/LED Optical Sensor/ 1600 DPI/3 Years Warran...,HP,/kaggle/working/images/1544.jpg
"realme Buds Air 3S Bluetooth Truly Wireless in Ear Earbuds, 11mm Triple Titanium Driver, with Mic AI ENC for Calls, Dual D...",realme,/kaggle/working/images/1545.jpg
Goldmedal Curve Plus 202042 Plastic Spice 3-Pin 240V Universal Travel Adaptor (White),Goldmedal,/kaggle/working/images/1546.jpg
"iQOO Z6 5G by vivo (Chromatic Blue, 4GB RAM, 128GB Storage) | Snapdragon 695-6nm Processor | 120Hz FHD+ Display | 5000mAh ...",iQOO,/kaggle/working/images/1547.jpg
Sounce Spiral Charger Cable Protector Data Cable Saver Charging Cord Protective Cable Cover Headphone MacBook Laptop Earph...,Sounce,/kaggle/working/images/1548.jpg
"Samsung Galaxy S20 FE 5G (Cloud Navy, 8GB RAM, 128GB Storage) with No Cost EMI & Additional Exchange Offers",Samsung,/kaggle/working/images/1549.jpg
"Boult Audio X30 True Wireless in Ear Earbuds with 40H Playtime, Quad Mic ENC, 45ms Xtreme Low Latency, Made in India, Typ...",Boult,/kaggle/working/images/1550.jpg
"Logitech B100 Wired USB Mouse, 3 yr Warranty, 800 DPI Optical Tracking, Ambidextrous PC/Mac/Laptop - Black",Logitech,/kaggle/working/images/1551.jpg
"USB Charger, Oraimo Elite Dual Port 5V/2.4A Wall Charger, USB Wall Charger Adapter for iPhone 11/Xs/XS Max/XR/X/8/7/6/Plu...",USB,/kaggle/working/images/1553.jpg
Zodo 8. 5 inch LCD E-Writer Electronic Writing Pad/Tablet Drawing Board (Paperless Memo Digital Tablet),Zodo,/kaggle/working/images/1554.jpg
"Juarez JRZ250 One Handed Trigger Guitar Metal Capo Quick Change For Ukulele, Electric And Acoustic Guitars, Black",Juarez,/kaggle/working/images/1556.jpg
HP 680 Tri-color Original Ink Advantage Cartridge,HP,/kaggle/working/images/1557.jpg
"boAt Stone 352 Bluetooth Speaker with 10W RMS Stereo Sound, IPX7 Water Resistance, TWS Feature, Up to 12H Total Playtime, ...",boAt,/kaggle/working/images/1558.jpg
"OPPO A74 5G (Fluid Black, 6GB RAM, 128GB Storage) with No Cost EMI/Additional Exchange Offers",OPPO,/kaggle/working/images/1559.jpg
"Noise Pulse Go Buzz Smart Watch with Latest Bluetooth Calling tech, 1.69"" Clear Display, 550Nits,150+ Watch face, Comfort ...",Noise,/kaggle/working/images/1584.jpg
Apple Lightning to 3.5 mm Headphone Jack Adapter,Apple,/kaggle/working/images/1586.jpg
"Oppo Enco Buds Bluetooth True Wireless in Ear Earbuds(TWS) with Mic, 24H Battery Life, Supports Dolby Atmos Noise Cancella...",Oppo,/kaggle/working/images/1587.jpg
boAt Bassheads 220 Wired in Ear Earphones(Indi Lime),boAt,/kaggle/working/images/1588.jpg
"Portronics Clamp M2 Adjustable Car Mobile Phone Holder Stand, 360° Rotational, Strong Suction Cup, Compatible with 4 to 6 ...",Portronics,/kaggle/working/images/1589.jpg
"STRIFF Webcam Cover Slide, Ultra Thin Laptop Camera Cover Slide Blocker for Computer MacBook Pro iMac PC Tablet (Pack of ...",STRIFF,/kaggle/working/images/1591.jpg
MYVN WARP/Dash Charging Type c Charging Adapter Cable Compatible for One Plus 8T 8 8pro 7 Pro / 7T / 7T Pro Nord and Dash ...,MYVN,/kaggle/working/images/1593.jpg
Syska 4 Way Power Plug Adapter (White) (1),Syska,/kaggle/working/images/1594.jpg
TP-link N300 WiFi Wireless Router TL-WR845N | 300Mbps Wi-Fi Speed | Three 5dBi high gain Antennas | IPv6 Compatible | AP/R...,TP-link,/kaggle/working/images/1595.jpg
"Ambrane 10000 mAh Lithium Polymer Stylo-10k Power Bank with 20 Watt Fast Charging, 1 USB and Type C Port,Blue",Ambrane,/kaggle/working/images/1596.jpg
Fujifilm Instax Mini Single Pack 10 Sheets Instant Film for Fuji Instant Cameras,Fujifilm,/kaggle/working/images/1597.jpg
"Nokia 110 Dual sim Keypad Phone with Wireless FM Radio, Free Earphone, Snake Game, Auto Call Recording, 1 Year Replacement...",Nokia,/kaggle/working/images/1598.jpg
"iQOO Z6 Lite 5G by vivo (Stellar Green, 4GB RAM, 64GB Storage) | World's First Snapdragon 4 Gen 1 | 120Hz Refresh Rate | 5...",iQOO,/kaggle/working/images/16.jpg
Redmi Note 12 5G Mystique Blue 6GB RAM 128GB ROM | 1st Phone with 120Hz Super AMOLED and Snapdragon® 4 Gen 1 | 48MP AI Tri...,Redmi,/kaggle/working/images/1600.jpg
"Nokia 110 Dual sim Keypad Phone with Wireless FM Radio, Free Earphone, Snake Game, Auto Call Recording, 1 Year Replacement...",Nokia,/kaggle/working/images/1601.jpg
"boAt Rockerz 330ANC Bluetooth Neckband in Ear Earphones with mic, Crystal Bionic Sound Powered by Dirac Opteo, ANC, 13mm D...",boAt,/kaggle/working/images/1602.jpg
"Amazon Basics Magic Slate 8.5-inch LCD Writing Tablet with Stylus Pen, for Drawing, Playing, Noting by Kids & Adults, Black",Amazon,/kaggle/working/images/1603.jpg
Onsitego 1 year Extended Warranty for Small Appliances up to Rs 2500 (Email Delivery - No Physical Kit),Onsitego,/kaggle/working/images/1604.jpg
Amozo Ultra Hybrid Camera and Drop Protection Back Cover Case for iPhone 13 (TPU + Polycarbonate | Crystal Transparent),Amozo,/kaggle/working/images/1605.jpg
"Elv Foldable, Portable, Tablet / Phone Stand. Compatible Phone Holder for iPhone, Android, Samsung, OnePlus, Xiaomi, Oppo,...",Elv,/kaggle/working/images/1606.jpg
"Ambrane Unbreakable 60W / 3A Fast Charging 1.5m Braided Type C to Type C Cable for Smartphones, Tablets, Laptops & Other T...",Ambrane,/kaggle/working/images/1607.jpg
Noise Buds VS201 V2 in-Ear Truly Wireless Earbuds with Dual Equalizer | Total 14-Hour Playtime | Full Touch Control | with...,Noise,/kaggle/working/images/1608.jpg
"SanDisk Ultra 64 GB USB 3.0 Pen Drive (SDCZ48-064G-135/SDCZ48-064G-UAM46, Black)",SanDisk,/kaggle/working/images/1609.jpg
"Boult Audio Z20 True Wireless in Ear Earbuds with Zen ENC Mic, 40H Playtime, Type-C Fast Charging, Made in India, 10mm Ric...",Boult,/kaggle/working/images/1610.jpg
"Redgear Blaze Semi-Mechanical wired Gaming keyboard with 3 colour backlit, full aluminium body & Windows key lock for PC (...",Redgear,/kaggle/working/images/1611.jpg
HP 680 Ink Cartridges Combo Pack (1 Black Cartridge + 1 tri-Color Cartridge),HP,/kaggle/working/images/1612.jpg
"Pidilite Rangeela Holi Ke Rang - 4 Fluorescent Shades of Holi Colours (Floro Pink, Floro Yellow, Floro Orange, Floro Gree...",Pidilite,/kaggle/working/images/1613.jpg
"boAt Xtend Smart Watch with Alexa Built-in, 1.69” HD Display, Multiple Watch Faces, Stress Monitor, HR & SpO2 Monitoring, ...",boAt,/kaggle/working/images/1614.jpg
"iQOO Z6 Pro 5G by vivo (Phantom Dusk, 6GB RAM, 128GB Storage) | Snapdragon 778G 5G | 66W FlashCharge | 1300 nits Peak Brig...",iQOO,/kaggle/working/images/1615.jpg
"Samsung Original EHS64 Wired in Ear Earphones with Mic, Black",Samsung,/kaggle/working/images/1616.jpg
"Lenovo 300 Wireless Compact Mouse, 1000 DPI Optical sensor, 2.4GHz Wireless Nano USB, 10m range, 3-button(left,right,scrol...",Lenovo,/kaggle/working/images/1617.jpg
"Lava Blaze 5G (Glass Blue, 6GB RAM, UFS 2.2 128GB Storage) | 5G Ready | 50MP AI Triple Camera | Upto 9GB Expandable RAM | ...",Lava,/kaggle/working/images/1618.jpg
"OnePlus Buds Z2 Bluetooth Truly Wireless in Ear Earbuds with mic, Active Noise Cancellation, 10 Minutes Flash Charge & Upt...",OnePlus,/kaggle/working/images/1619.jpg
"KINGONE Upgraded Stylus Pen, iPad Pencil, Ultra High Precision & Sensitivity, Palm Rejection, Prevents False ON/Off Touch,...",KINGONE,/kaggle/working/images/1620.jpg
"Boult Audio Curve ANC Wireless in Ear Wireless Earphones with 25dB Active Noise Cancellation, ENC Mic, 30H Playtime, 60ms ...",Boult,/kaggle/working/images/1621.jpg
"Redgear A-10 Wired Gaming Mouse with RGB LED, Lightweight and Durable Design, DPI Upto 2400, Compatible with Windows and MAC.",Redgear,/kaggle/working/images/1622.jpg
"Classmate Long Notebook - 140 Pages, Single Line, 297Mm X 210Mm (Pack Of 12)",Classmate,/kaggle/working/images/1623.jpg
"Boult Audio ZCharge Wireless in Ear Bluetooth Neckband with ENC Mic, 40H Playtime, Type-C Fast Charging (10Mins=15Hrs Play...",Boult,/kaggle/working/images/1624.jpg
"Lava Blaze 5G (Glass Green, 6GB RAM, UFS 2.2 128GB Storage) | 5G Ready | 50MP AI Triple Camera | Upto 9GB Expandable RAM |...",Lava,/kaggle/working/images/1625.jpg
"Echo Dot (4th Gen, 2020 release)| Smart speaker with Alexa (White)",Echo,/kaggle/working/images/1626.jpg
"Infinity (JBL Fuze Pint, Wireless Ultra Portable Mini Speaker with Mic, Deep Bass, Dual Equalizer, Bluetooth 5.0 with Voic...",Infinity,/kaggle/working/images/1627.jpg
"boAt Wave Call Smart Watch, Smart Talk with Advanced Dedicated Bluetooth Calling Chip, 1.69 HD Display with 550 NITS & 70%...",boAt,/kaggle/working/images/1628.jpg
Zebronics ZEB-KM2100 Multimedia USB Keyboard Comes with 114 Keys Including 12 Dedicated Multimedia Keys & with Rupee Key,Zebronics,/kaggle/working/images/1629.jpg
SanDisk Cruzer Blade SDCZ50-016G-135 16 GB USB 2.0 Pen Drive (Red),SanDisk,/kaggle/working/images/1630.jpg
Sounce USB 3.0 to Type-C OTG Cable Male-Female Adapter Compatible with All C Type Supported Mobile Smartphone and Other De...,Sounce,/kaggle/working/images/1631.jpg
TECHONTO 360° Degree Cell Phone Holder with Adjustable Clamp Phone Tripod Mount Adapter Compatible with Smartphones & All ...,TECHONTO,/kaggle/working/images/1656.jpg
Mi 33W SonicCharge 2.0 USB Charger|Wall Charger Adapter with USB to Type-C Cable Included|Fast Charging|QC Charging|(Adapt...,Mi,/kaggle/working/images/1657.jpg
"Samsung Galaxy M04 Light Green, 4GB RAM, 128GB Storage | Upto 8GB RAM with RAM Plus | MediaTek Helio P35 | 5000 mAh Battery",Samsung,/kaggle/working/images/1658.jpg
boAt Dual Port Rapid Car Charger (Qualcomm Certified) with Quick Charge 3.0 + Free Micro USB Cable - (Black),boAt,/kaggle/working/images/1659.jpg
"pTron Tangent Duo Bluetooth 5.2 Wireless in Ear Earphones, 13mm Driver, Deep Bass, HD Calls, Fast Charging Type-C Neckban...",pTron,/kaggle/working/images/1660.jpg
"Boult Audio Newly Launched X10 True Wireless in Ear Earbuds with 45H Playtime, 40ms Xtreme Low Latency Mode, ENC Mic, Made...",Boult,/kaggle/working/images/1661.jpg
"OnePlus 10R 5G (Sierra Black, 8GB RAM, 128GB Storage, 80W SuperVOOC)",OnePlus,/kaggle/working/images/1662.jpg
"OnePlus 10R 5G (Sierra Black, 8GB RAM, 128GB Storage, 80W SuperVOOC)",OnePlus,/kaggle/working/images/1663.jpg
"realme Buds Wireless 2 Neo Bluetooth in Ear Earphones with Mic, Fast Charging & Up to 17Hrs Playtime (Blue)",realme,/kaggle/working/images/1664.jpg
"Classmate Soft Cover 6 Subject Spiral Binding Notebook, Single Line, 300 Pages",Classmate,/kaggle/working/images/1665.jpg
"ELV Aluminum Adjustable Mobile Phone Foldable Tabletop Stand Dock Mount for All Smartphones, Tabs, Kindle, iPad (Black)",ELV,/kaggle/working/images/1666.jpg
"Portronics Power Plate 6 with 4 USB Port + 5 Power Sockets Extension Board, 2500W Power Converter, Cord Length 3Mtr (Black)",Portronics,/kaggle/working/images/1667.jpg
Onsitego 1 Year Extended Warranty for Small Household Appliances from Rs. 3001-4000 (Email Delivery - No Physical Kit),Onsitego,/kaggle/working/images/1668.jpg
"boAt Stone 620 Bluetooth Speaker with 12W RMS Stereo Sound, 10HRS Playtime, TWS Feature, IPX4, Multi-Compatibility Mode(Bl...",boAt,/kaggle/working/images/1669.jpg
"Samsung Galaxy M53 5G (Deep Ocean Blue, 6GB, 128GB Storage) | 108MP | sAmoled+ 120Hz | 12GB RAM with RAM Plus | Travel Ada...",Samsung,/kaggle/working/images/1670.jpg
"boAt Rockerz 450 Pro Bluetooth On Ear Headphones with Mic with 70 Hours Battery, 40Mm Drivers, Bluetooth V5.0 Padded Ear C...",boAt,/kaggle/working/images/1671.jpg
Redmi Note 12 5G Matte Black 6GB RAM 128GB ROM | 1st Phone with 120Hz Super AMOLED and Snapdragon® 4 Gen 1 | 48MP AI Tripl...,Redmi,/kaggle/working/images/1672.jpg
"Noise Newly Launched Twist Bluetooth Calling Smart Watch with 1.38"" TFT Biggest Display, Up-to 7 Days Battery, 100+ Watch ...",Noise,/kaggle/working/images/1673.jpg
"Oppo Enco M32 with Mic, 10 Mins Charge 20 Hrs Playtime, 28H Battery Life, Bluetooth 5.0 in Ear Wireless Earphone, Noise Ca...",Oppo,/kaggle/working/images/1674.jpg
"realme narzo 50 5G (Hyper Blue, 4GB RAM+64GB Storage) Dimensity 810 5G Processor | 48MP Ultra HD Camera",realme,/kaggle/working/images/1675.jpg
"Callas Multipurpose Foldable Laptop Table with Cup Holder | Drawer | Mac Holder | Table Holder Study Table, Breakfast Tabl...",Callas,/kaggle/working/images/1677.jpg
"boAt Airdopes 190 True Wireless in Ear Earbuds with Beast Mode(50ms) for Gaming, 40H Playtime, Breathing LEDs, Signature S...",boAt,/kaggle/working/images/1678.jpg
"pTron Tangent Duo Bluetooth 5.2 Wireless Earphones with Mic, 24Hrs Playback, 13mm Driver, Deep Bass, Fast Charging Type-C ...",pTron,/kaggle/working/images/1679.jpg
SUPER TOY Multicolor LCD Graphic Writing Tablet 8.5Inch E-Note Pad Best Birthday Gift for Kids Boys Girls,SUPER,/kaggle/working/images/1680.jpg
"Samsung 7 kg Fully-Automatic Top Loading Washing Machine (WA70A4002GS/TL, Imperial Silver, Diamond drum)",Samsung,/kaggle/working/images/1681.jpg
"pTron Solero M241 2.4A Micro USB Data & Charging Cable, Made in India, 480Mbps Data Sync, Durable 1-Meter Long USB Cable f...",pTron,/kaggle/working/images/1682.jpg
"ZEBRONICS Zeb-Evolve BTv5.0, Voice Assistant, Rapid Charge, Dual Pairing, Call Function, Magnetic Earpiece Bluetooth Wirel...",ZEBRONICS,/kaggle/working/images/1683.jpg
"Echo Dot (4th Gen, 2020 release)| Smart speaker with Alexa (Black)",Echo,/kaggle/working/images/1684.jpg
"Western Digital WD Green SATA 240GB, Up to 545MB/s, 2.5 Inch/7 mm, 3Y Warranty, Internal Solid State Drive (SSD) (WDS240G3...",Western,/kaggle/working/images/1685.jpg
boAt BassHeads 100 in-Ear Wired Headphones with Mic (White),boAt,/kaggle/working/images/1686.jpg
"pTron Pride Lite HBE (High Bass Earphones) in Ear Wired Earphones with Mic, 10mm Powerful Driver for Stereo Audio, Noise C...",pTron,/kaggle/working/images/1687.jpg
"Boult Audio FXCharge Wireless in Ear Bluetooth Neckband with ENC Mic, 32H Playtime, Type-C Fast Charging (5Mins=7.5Hrs Pla...",Boult,/kaggle/working/images/1688.jpg
"Kratos Thump Wired Earphones, Powerful Bass, HD Sound Quality Earphones, Tangle Free Cable, Comfortable in Ear Fit, with m...",Kratos,/kaggle/working/images/1689.jpg
"Boult Audio Z25 True Wireless in Ear Earbuds with 32H Playtime, 45ms Low Latency, Type-C Fast Charging (10=150Mins), Made ...",Boult,/kaggle/working/images/169.jpg
"Noise Pulse 2 Max Advanced Bluetooth Calling Smart Watch with 1.85'' TFT and 550 Nits Brightness, Smart DND, 10 Days Batte...",Noise,/kaggle/working/images/1690.jpg
"Fire-Boltt Phoenix Smart Watch with Bluetooth Calling 1.3"",120+ Sports Modes, 240 * 240 PX High Res with SpO2, Heart Rate ...",Fire-Boltt,/kaggle/working/images/1691.jpg
"Fire-Boltt Ninja Call Pro Plus 1.83"" Smart Watch with Bluetooth Calling, AI Voice Assistance, 100 Sports Modes IP67 Ratin...",Fire-Boltt,/kaggle/working/images/1692.jpg
"SanDisk Ultra® microSDXC™ UHS-I Card, 256GB, 150MB/s R, 10 Y Warranty, for Smartphones",SanDisk,/kaggle/working/images/1693.jpg
boAt Bassheads 102 in Ear Wired Earphones with Mic(Jazzy Blue),boAt,/kaggle/working/images/1694.jpg
"Noise Buds VS104 in-Ear Truly Wireless Earbuds with 30H of Playtime, Instacharge(10 min=150 min), 13mm Driver, Mic, Hyper ...",Noise,/kaggle/working/images/1695.jpg
MI 10000mAh 3i Lithium Polymer Power Bank Dual Input(Micro-USB and Type C) and Output Ports 18W Fast Charging (Metallic Blue),MI,/kaggle/working/images/1696.jpg
"Boult Audio Z25 True Wireless in Ear Earbuds with 32H Playtime, 45ms Low Latency, Type-C Fast Charging (10=150Mins), Made ...",Boult,/kaggle/working/images/1697.jpg
Gear Aspire 30L Water Restant Office Laptop Bag/Backpack for Men/Women/(Black),Gear,/kaggle/working/images/1698.jpg
"boAt Airdopes 172 True Wireless in Ear Earbuds with Enx Tech, Beast Mode, 35H Playtime, 11mm Drivers, ASAP Charge, IPX4, I...",boAt,/kaggle/working/images/17.jpg
COI Note Pad/Memo Book with Sticky Notes & Clip Holder with Pen for Gifting,COI,/kaggle/working/images/170.jpg
"Redmi Note 11 (Horizon Blue, 6GB RAM, 128GB Storage)|90Hz FHD+ AMOLED Display | Qualcomm® Snapdragon™ 680-6nm | 33W Charge...",Redmi,/kaggle/working/images/1700.jpg
"Portronics CarPower Mini Car Charger with Dual Output, Fast Charging (Type C PD 18W + QC 3.0A) Compatible with All Smartph...",Portronics,/kaggle/working/images/1701.jpg
Cello Signature Carbon Ball Pen | Blue Ball Pen | Pack of 1 | Premium Ball Pens | Best Ball Pen for Smooth Writing | Gifti...,Cello,/kaggle/working/images/1702.jpg
Casio MJ-12D 150 Steps Check and Correct Desktop Calculator,Casio,/kaggle/working/images/1703.jpg
"JBL Tune 215BT, 16 Hrs Playtime with Quick Charge, in Ear Bluetooth Wireless Earphones with Mic, 12.5mm Premium Earbuds wi...",JBL,/kaggle/working/images/171.jpg
Crucial RAM 8GB DDR4 3200MHz CL22 (or 2933MHz or 2666MHz) Laptop Memory CT8G4SFRA32A,Crucial,/kaggle/working/images/172.jpg
HP 678 Black Ink Advantage Cartridge (CZ107AA),HP,/kaggle/working/images/173.jpg
"SanDisk Ultra Dual Drive Luxe USB Type C Flash Drive (Silver, 128 GB, 5Y - SDDDC4-128G-I35)",SanDisk,/kaggle/working/images/174.jpg
"boAt Rockerz 550 Bluetooth Wireless Over Ear Headphones with Mic Upto 20 Hours Playback, 50MM Drivers, Soft Padded Ear Cus...",boAt,/kaggle/working/images/175.jpg
"Ambrane 20000mAh Power Bank with 20W Fast Charging, Triple Output, Power Delivery, Type C Input, Made in India, Multi-Laye...",Ambrane,/kaggle/working/images/1752.jpg
"Zebronics Zeb-Transformer Gaming Keyboard and Mouse Combo (USB, Braided Cable)",Zebronics,/kaggle/working/images/1753.jpg
"Pentonic Multicolor Gel Pen With Hard Box Case | 0.6 mm-1.0 mm | Sleek Matt Finish, Featherlite feel | Waterproof Gel Ink,...",Pentonic,/kaggle/working/images/1754.jpg
"Zebronics Zeb-Power Wired USB Mouse, 3-Button, 1200 DPI Optical Sensor, Plug & Play, for Windows/Mac",Zebronics,/kaggle/working/images/1755.jpg
"pTron Pride Lite HBE (High Bass Earphones) in Ear Wired Earphones with Mic, 10mm Powerful Driver for Stereo Audio, Noise C...",pTron,/kaggle/working/images/1756.jpg
"Ambrane Wired in Ear Earphones with in-line Mic for Clear Calling, 14mm Dynamic Drivers for BoostedBass, 3.5mm Jack, Mult...",Ambrane,/kaggle/working/images/1757.jpg
"OnePlus Nord CE 2 Lite 5G (Black Dusk, 8GB RAM, 128GB Storage)",OnePlus,/kaggle/working/images/1758.jpg
"Noise Pulse Go Buzz Smart Watch with Latest Bluetooth Calling tech, 1.69"" Clear Display, 550Nits,150+ Watch face, Comfort ...",Noise,/kaggle/working/images/1759.jpg
SanDisk SDCZ50-128G-I35 USB2.0 128 GB Pen Drive (Red and Black),SanDisk,/kaggle/working/images/176.jpg
"realme TechLife Buds T100 Bluetooth Truly Wireless in Ear Earbuds with mic, AI ENC for Calls, Google Fast Pair, 28 Hours T...",realme,/kaggle/working/images/1760.jpg
"iQOO Neo 6 5G (Dark Nova, 8GB RAM, 128GB Storage) | Only Snapdragon 870 in The Segment | 50% Charge in Just 12 Mins | 90 F...",iQOO,/kaggle/working/images/1761.jpg
"OnePlus 10R 5G (Forest Green, 12GB RAM, 256GB Storage, 80W SuperVOOC)",OnePlus,/kaggle/working/images/1762.jpg
"boAt Flash Edition Smart Watch with Activity Tracker, Multiple Sports Modes, 1.3"" Screen, 170+ Watch Faces, Sleep Monitor,...",boAt,/kaggle/working/images/1763.jpg
"boAt Rockerz 335 Bluetooth in Ear Neckband with Qualcomm aptX & CVC, Upto 30 Hours Playback, ASAP Charge, Signature Sound,...",boAt,/kaggle/working/images/1764.jpg
realme narzo 50i Prime (Mint Green 3GB RAM+32GB Storage) Octa-core Processor | 5000 mAh Battery,realme,/kaggle/working/images/1766.jpg
"Casio FX-991ES Plus-2nd Edition Scientific Calculator, Black",Casio,/kaggle/working/images/1767.jpg
"boAt Wave Electra with 1.81"" HD Display, Smart Calling with Ultra-Seamless BT Calling Chip,20 Built-in Watch Faces,100 + S...",boAt,/kaggle/working/images/1768.jpg
"Boult Audio Probass Curve Bluetooth Wireless in Ear Earphones with Mic with Ipx5 Water Resistant, 12H Battery Life & Extra...",Boult,/kaggle/working/images/1769.jpg
"3M Post-it Sticky Note Cube, 200 Sheets (4 Colors x 50 Sheets) | 3"" x 3"" Size | For notes, reminders, study, school and or...",3M,/kaggle/working/images/177.jpg
"boAt Wave Style with 1.69"" Square HD Display, HR & SpO2 Monitoring, 7 Days Battery Life, Multiple Watch Faces, Crest App H...",boAt,/kaggle/working/images/1770.jpg
"Redmi 11 Prime 5G (Chrome Silver, 4GB RAM 64GB ROM) | Prime Design | MTK Dimensity 700 | 50 MP Dual Cam | 5000mAh | 7 Band 5G",Redmi,/kaggle/working/images/1771.jpg
"boAt Rockerz 550 Bluetooth Wireless Over Ear Headphones with Upto 20 Hours Playback, 50MM Drivers, Soft Padded Ear Cushion...",boAt,/kaggle/working/images/1772.jpg
"Mivi Rock and Roll E5 Wired In Ear Earphones with HD Sound and Extra Powerful Bass with Mic, Tangle Free & Extra Length Ca...",Mivi,/kaggle/working/images/1773.jpg
"Digitek DTR 550 LW (67 Inch) Tripod For DSLR, Camera |Operating Height: 5.57 Feet | Maximum Load Capacity up to 4.5kg | Po...",Digitek,/kaggle/working/images/1774.jpg
MemeHo® Smart Standard Multi-Purpose Laptop Table with Dock Stand/Study Table/Bed Table/Foldable and Portable/Ergonomic & ...,MemeHo®,/kaggle/working/images/1775.jpg
MemeHo® Smart Standard Multi-Purpose Laptop Table with Dock Stand/Study Table/Bed Table/Foldable and Portable/Ergonomic & ...,MemeHo®,/kaggle/working/images/1776.jpg
VW 80 cm (32 inches) Frameless Series HD Ready Android Smart LED TV VW32S (Black),VW,/kaggle/working/images/1777.jpg
"Boult Audio Powerbuds True Wireless in Ear Earbuds with 120H Playtime, in-Built Powerbank, Type-C Fast Charging, Made in I...",Boult,/kaggle/working/images/1778.jpg
boAt Dual Port Rapid 120V Car Charger (Qualcomm Certified) Smart Charging for Cellular Phones with Quick Charge 3.0 + Free...,boAt,/kaggle/working/images/1779.jpg
"Noise ColorFit Pulse Grand Smart Watch with 1.69"" HD Display, 60 Sports Modes, 150 Watch Faces, Spo2 Monitoring, Call Noti...",Noise,/kaggle/working/images/178.jpg
"rts [2 Pack] Mini USB C Type C Adapter Plug, Type C Female to USB A Male Charger Charging Cable Adapter Converter compatib...",rts,/kaggle/working/images/1780.jpg
"Portronics Toad One Wireless 2.4GHz & Bluetooth Connectivity Optical Mouse with 7 Colors RGB Lights, Rechargeable Battery(...",Portronics,/kaggle/working/images/1781.jpg
Portronics MPORT 31C 4-in-1 USB Hub (Type C to 4 USB-A Ports) with Fast Data Transfer,Portronics,/kaggle/working/images/1782.jpg
Portronics Adapto 20 Type C 20W Fast PD/Type C Adapter Charger with Fast Charging for iPhone 12/12 Pro/12 Mini/12 Pro Max/...,Portronics,/kaggle/working/images/1783.jpg
"ZEBRONICS Zeb-Comfort Wired USB Mouse, 3-Button, 1000 DPI Optical Sensor, Plug & Play, for Windows/Mac, Black",ZEBRONICS,/kaggle/working/images/1784.jpg
"Redmi Note 11T 5G (Stardust White, 8GB RAM, 128GB ROM) | Dimensity 810 5G | 33W Pro Fast Charging | Charger Included | Add...",Redmi,/kaggle/working/images/1785.jpg
SanDisk SDCZ48-032G-UAM46 Ultra CZ48 32GB USB 3.0 Pen Drive (Black),SanDisk,/kaggle/working/images/1787.jpg
"boAt Rockerz 330 in-Ear Bluetooth Neckband with Upto 30 Hours Playtime, ASAP Charge, Signature Sound, Dual Pairing & IPX5...",boAt,/kaggle/working/images/1788.jpg
"Motorola a10 Dual Sim keypad Mobile with 1750 mAh Battery, Expandable Storage Upto 32GB, Wireless FM with Recording - Rose...",Motorola,/kaggle/working/images/1789.jpg
TP-Link Tapo 360° 3MP 2304 Full HD 1296P Video Pan/Tilt Smart Wi-Fi Security Camera | Alexa Enabled | 2-Way Audio| Night V...,TP-Link,/kaggle/working/images/179.jpg
"MI Type B/Micro USB 120cm fast Charging cable|480mbps support|Suitable for all Smartphones,tablet and accessories with typ...",MI,/kaggle/working/images/1790.jpg
Maped Universal Scissors (Black),Maped,/kaggle/working/images/1791.jpg
"truke Buds BTG 1 Bluetooth Truly Wireless Gaming in Ear Earbuds with (ENC) & Quad MEMS Mic for Clear Calls, 13mm Titanium ...",truke,/kaggle/working/images/1792.jpg
"PHILIPS Audio TAE1126 Wired in Ear Earphones with mic, 10 mm Driver, Powerful bass and Clear Sound, Black",PHILIPS,/kaggle/working/images/1793.jpg
"Samsung Galaxy M04 Dark Blue, 4GB RAM, 128GB Storage | Upto 8GB RAM with RAM Plus | MediaTek Helio P35 | 5000 mAh Battery",Samsung,/kaggle/working/images/1794.jpg
Tygot Lightweight & Portable Portable 7 Feet (84 Inch) Long Tripod Stand with Adjustable Mobile Clip Holder for All Mobile...,Tygot,/kaggle/working/images/1795.jpg
"Ant Esports MP290 Gaming Mouse Pad-L- Large with Stitched Edges, Waterproof Non-Slip Base for Gaming & Office – Black",Ant,/kaggle/working/images/1796.jpg
Onsitego 1 year Extended Warranty for Small Appliances up to Rs 5000 (Email Delivery - No Physical Kit),Onsitego,/kaggle/working/images/1799.jpg
"SanDisk Extreme microSD UHS I Card 128GB for 4K Video on Smartphones,Action Cams 190MB/s Read,90MB/s Write",SanDisk,/kaggle/working/images/180.jpg
Aroma NB140 Dhamaal 24 Hours* Playtime | Deep Bass | Made in India | TrueWireless Bluetooth Headset (Black),Aroma,/kaggle/working/images/1800.jpg
Zebronics Wired Keyboard and Mouse Combo with 104 Keys and a USB Mouse with 1200 DPI - JUDWAA 750,Zebronics,/kaggle/working/images/1801.jpg
"realme Buds Wireless 2S in Ear Earphone with mic, Dual Device Switching & Type C Fast Charge & Up to 24Hrs Playtime, Bluet...",realme,/kaggle/working/images/1802.jpg
"boAt Newly Launched Airdopes 458 TWS Earbuds with Spatial Bionic Sound by THX,in Ear Detection, ENx™Tech, 30H Playtime, Be...",boAt,/kaggle/working/images/1803.jpg
Samsung 108 cm (43 inches) Crystal 4K Neo Series Ultra HD Smart LED TV UA43AUE65AKXXL (Black),Samsung,/kaggle/working/images/1804.jpg
"Boult Audio X1 Buds True Wireless in Ear Earbuds with 24H Playtime, Quad Mic ENC, Made in India, Type-C Fast Charging, Env...",Boult,/kaggle/working/images/1805.jpg
"Ambrane Unbreakable 3 in 1 Fast Charging Braided Multipurpose Cable for Speaker with 2.1 A Speed - 1.25 meter, Black",Ambrane,/kaggle/working/images/1806.jpg
"D-Link DIR-615 Wi-fi Ethernet-N300 Single_band 300Mbps Router, Mobile App Support, Router | AP | Repeater | Client Modes(B...",D-Link,/kaggle/working/images/1807.jpg
"Beetel M59 Caller Id Corded Landline Phone With 16 Digit Lcd Display & Adjustable Contrast,10 One Touch Memory Buttons,2Wa...",Beetel,/kaggle/working/images/1808.jpg
CLAVIER Super Bass Type-C in-Ear Earphones with Stereo Mic for All Smartphones with Rich Bass & Noise Cancellation,CLAVIER,/kaggle/working/images/1809.jpg
Amazon Basics Portable Multimedia Speaker| Suitable for Laptop & Desktop (Black) | USB 2.0 | Deep Bass,Amazon,/kaggle/working/images/181.jpg
Zinq Cool Slate Dual Fan Cooling Pad for Notebook/Laptop with Dual USB Port(Black),Zinq,/kaggle/working/images/1810.jpg
Samsung 108 cm (43 inches) Crystal 4K Series Ultra HD Smart LED TV UA43AUE60AKLXL (Black),Samsung,/kaggle/working/images/1811.jpg
"Crucial P3 500GB PCIe 3.0 3D NAND NVMe M.2 SSD, up to 3500MB/s - CT500P3SSD8",Crucial,/kaggle/working/images/1812.jpg
"Amazon Basics High-Speed HDMI Cable - 10 Feet (Latest Standard) - Supports Ethernet, 3D, 4K video,Black",Amazon,/kaggle/working/images/1813.jpg
"FEDUS Cat6 Ethernet Cable, 10 Meter High Speed 550MHZ / 10 Gigabit Speed UTP LAN Cable, Network Cable Internet Cable RJ45 ...",FEDUS,/kaggle/working/images/1814.jpg
"Zebronics Zeb-Buds 30 3.5Mm Stereo Wired In Ear Earphones With Mic For Calling, Volume Control, Multifunction Button, 14Mm...",Zebronics,/kaggle/working/images/1815.jpg
"Redmi 11 Prime 5G (Thunder Black, 4GB RAM, 64GB Storage) | Prime Design | MTK Dimensity 700 | 50 MP Dual Cam | 5000mAh | 7...",Redmi,/kaggle/working/images/1816.jpg
"Nokia 105 Plus Single SIM, Keypad Mobile Phone with Wireless FM Radio, Memory Card Slot and MP3 Player | Red",Nokia,/kaggle/working/images/1818.jpg
"OPPO A31 (Mystery Black, 6GB RAM, 128GB Storage) with No Cost EMI/Additional Exchange Offers",OPPO,/kaggle/working/images/1819.jpg
"PTron Boom Ultima V2 Dual Driver, in Ear Gaming Wired Earphones with Mic, Volume Control, Passive Noise Cancelling Boom 3 ...",PTron,/kaggle/working/images/182.jpg
"HP 330 Wireless Black Keyboard and Mouse Set with Numeric Keypad, 2.4GHz Wireless Connection and 1600 DPI, USB Receiver, L...",HP,/kaggle/working/images/1820.jpg
"boAt Rockerz 450 Pro Bluetooth Wireless On Ear Headphones with Mic with 70 Hours Battery, 40Mm Drivers, Bluetooth V5.0 Pad...",boAt,/kaggle/working/images/1821.jpg
"Mivi Roam 2 Bluetooth 5W Portable Speaker,24 Hours Playtime,Powerful Bass, Wireless Stereo Speaker with Studio Quality Sou...",Mivi,/kaggle/working/images/1822.jpg
"boAt Flash Edition Smartwatch with Activity Tracker,Multiple Sports Modes,Full Touch 3.30 cm (1.3"") Screen,Gesture, Sleep ...",boAt,/kaggle/working/images/1823.jpg
"FUR JADEN Anti Theft Number Lock Backpack Bag with 15.6 Inch Laptop Compartment, USB Charging Port & Organizer Pocket for ...",FUR,/kaggle/working/images/1824.jpg
Fastrack Reflex Vox Smartwatch|Alexa Built-In|Bright HD Display|Upto 10 Days Battery|5 ATM Water Resistance|Multiple Sport...,Fastrack,/kaggle/working/images/1825.jpg
"pTron Tangent Lite Bluetooth 5.0 Earphones with Mic, Hi-Fi Stereo Sound Neckband, 8Hrs Playtime, Lightweight Snug-fit in-E...",pTron,/kaggle/working/images/1826.jpg
"Lapster Caddy for ssd and HDD, Optical Bay 2nd Hard Drive Caddy, Caddy 9.5mm for Laptop",Lapster,/kaggle/working/images/1827.jpg
Canon Compatible for Canon GI-790 Ink Bottle (Black),Canon,/kaggle/working/images/1828.jpg
RESONATE RouterUPS CRU12V2A | Zero Drop | UPS for WiFi Router | Mini UPS | Up to 4 Hours PowerBackup | Battery Replacement...,RESONATE,/kaggle/working/images/1829.jpg
Cuzor 12V Mini ups for WiFi Router | Power Backup up to 4 Hours | Replaceable Battery | Ups for Wi-Fi Router and Modem | U...,Cuzor,/kaggle/working/images/183.jpg
"Ambrane Mobile Holding Tabletop Stand, 180 Perfect View, Height Adjustment, Wide Compatibility, Multipurpose, Anti-Skid De...",Ambrane,/kaggle/working/images/1831.jpg
"Tecno Spark 9 (Sky Mirror, 6GB RAM,128GB Storage) | 11GB Expandable RAM | Helio G37 Gaming Processor",Tecno,/kaggle/working/images/1832.jpg
"Casio FX-82MS 2nd Gen Non-Programmable Scientific Calculator, 240 Functions and 2-line Display, Black",Casio,/kaggle/working/images/1834.jpg
"Rapidotzz Band Straps - 3 Pcs (Unisex) | Removable Straps ONLY for Amazfit Bip, Amazfit GTS, Galaxy Watch Active 2, Gear S...",Rapidotzz,/kaggle/working/images/1838.jpg
"iQOO Neo 7 5G (Interstellar Black, 8GB RAM, 128GB Storage) | Dimensity 8200, only 4nm Processor in The Segment| 50% Charge...",iQOO,/kaggle/working/images/1839.jpg
"SYSKA PW-0301 Power Wheel - Extension Board, Grey and White, 1500 watt, 240V, 4m Wire",SYSKA,/kaggle/working/images/184.jpg
"Oppo Enco Air 2 Pro Bluetooth Truly Wireless in Ear Earbuds with Mic, Fast Charging & Up to 28Hrs - Grey",Oppo,/kaggle/working/images/1840.jpg
"ZEBRONICS Zeb-Sound Bomb 1 TWS Earbuds with BT5.0, Up to 12H Playback, Touch Controls, Voice Assistant, Splash Proof with ...",ZEBRONICS,/kaggle/working/images/1841.jpg
"boAt Rockerz 450 Bluetooth On Ear Headphones with Mic, Upto 15 Hours Playback, 40MM Drivers, Padded Ear Cushions, Integrat...",boAt,/kaggle/working/images/1842.jpg
"boAt Immortal 121 TWS Gaming Truly Wireless in Ear Earbuds with Beast Mode(40ms Low Latency), 40H Playtime, Blazing LEDs, ...",boAt,/kaggle/working/images/1843.jpg
"Gizga Essentials Earphone Carrying Case, Multi-Purpose Pocket Storage Travel Organizer for Earphones, Headset, Pen Drives,...",Gizga,/kaggle/working/images/1844.jpg
"Nokia 105 Plus Single SIM, Keypad Mobile Phone with Wireless FM Radio, Memory Card Slot and MP3 Player | Charcoal",Nokia,/kaggle/working/images/1845.jpg
"Beetel B11 Corded Landline Phone, Ringer Volume Control, LED for Ring Indication, Wall/Desk Mountable, Classic Design, Cle...",Beetel,/kaggle/working/images/1846.jpg
"Zebronics ZEB-COUNTY 3W Wireless Bluetooth Portable Speaker With Supporting Carry Handle, USB, SD Card, AUX, FM & Call Fun...",Zebronics,/kaggle/working/images/1847.jpg
"JBL Commercial CSLM20B Auxiliary Omnidirectional Lavalier Microphone With Battery For Content Creation, Voiceover/Dubbing,...",JBL,/kaggle/working/images/185.jpg
"Seagate Expansion 2TB External HDD - USB 3.0 for Windows and Mac with 3 yr Data Recovery Services, Portable Hard Drive (ST...",Seagate,/kaggle/working/images/186.jpg
Canon PG-745s (Small) Ink Cartridge (Black),Canon,/kaggle/working/images/1872.jpg
"Sounce Case Silicone Cover, Compatible with Keychain for Oneplus Nord Buds Full Protection Shockproof Case Cover Anti Fall...",Sounce,/kaggle/working/images/1873.jpg
"Duracell Specialty CR2025 Lithium Coin Battery 3V, Pack of 5 Suitable for use in keyfobs, Scales, wearables and Medical De...",Duracell,/kaggle/working/images/1874.jpg
Onsitego 1 Year Extended Warranty for Small Household Appliances from Rs. 501-1000 (Email Delivery - No Physical Kit),Onsitego,/kaggle/working/images/1875.jpg
"Fire-Boltt Ninja 3 1.83"" Display Smartwatch Full Touch with 100+ Sports Modes with IP68, Sp02 Tracking, Over 100 Cloud Bas...",Fire-Boltt,/kaggle/working/images/1876.jpg
"Nokia 110 Dual sim Keypad Phone with Wireless FM Radio, Free Earphone, Snake Game, Auto Call Recording, 1 Year Replacement...",Nokia,/kaggle/working/images/1878.jpg
"FACTOR NOTES Notebook: 90 GSM, B6, Ruled, 112 Pages Journal Diary (Little Things in Life)",FACTOR,/kaggle/working/images/1879.jpg
Spigen Lithium Polymer 10000 mAh 3 in 1 Wireless Charging Power Bank with USB-A | USB-C 20W Fast Charging - Black,Spigen,/kaggle/working/images/188.jpg
"HP 150 Wired Keyboard, Quick, Comfy and Ergonomically Design, 12Fn Shortcut Keys, Plug and Play USB Connection and LED Ind...",HP,/kaggle/working/images/1880.jpg
"Acer EK220Q 21.5 Inch (54.61 Cm) Full HD (1920x1080 Pixels) VA Panel LCD Monitor with LED Back Light I 250 Nits I HDMI, VG...",Acer,/kaggle/working/images/1881.jpg
"Noise Pulse 2 Max Advanced Bluetooth Calling Smart Watch with 1.85'' TFT and 550 Nits Brightness, Smart DND, 10 Days Batte...",Noise,/kaggle/working/images/1882.jpg
Spigen EZ Fit Tempered Glass Screen Protector Guard for iPhone 14/13/13 Pro - 2 Pack,Spigen,/kaggle/working/images/1883.jpg
Sounce Silicone Adjustable Watch Band Strap For Xiaomi Mi Band 3/ Mi Band 4 (Not Compatible For Mi Band 1/2),Sounce,/kaggle/working/images/1884.jpg
"WeCool B1 Mobile Holder for Bikes or Bike Mobile Holder for Maps and GPS Navigation, one Click Locking, Firm Gripping, Ant...",WeCool,/kaggle/working/images/1887.jpg
"Redgear A-15 Wired Gaming Mouse with Upto 6400 DPI, RGB & Driver Customization for PC(Black)",Redgear,/kaggle/working/images/1888.jpg
"boAt Wave Call Smart Watch, Smart Talk with Advanced Dedicated Bluetooth Calling Chip, 1.69” HD Display with 550 NITS & 7...",boAt,/kaggle/working/images/1889.jpg
"AmazonBasics Expanding File Folder, Letter Size (Fits A4 Paper) - Black - with 13 pockets",AmazonBasics,/kaggle/working/images/189.jpg
"Redmi 9A Sport (Carbon Black, 2GB RAM, 32GB Storage) | 2GHz Octa-core Helio G25 Processor | 5000 mAh Battery",Redmi,/kaggle/working/images/1890.jpg
Apple EarPods with 3.5mm Headphone Plug,Apple,/kaggle/working/images/1891.jpg
"Mi 5V Charger|10W Wall Charger with USB Cable|Compatible for Mobile, Headphones, TWS, Game Console, Power Banks|Fast Charg...",Mi,/kaggle/working/images/1893.jpg
boAt Bassheads 220 Wired in Ear Earphones(Indi Blue),boAt,/kaggle/working/images/1894.jpg
"ZEBRONICS Zeb-Thunder Wireless Bluetooth Over The Ear Headphone, FM, mSD, 9 hrs Playback with Mic (Blue)",ZEBRONICS,/kaggle/working/images/1895.jpg
Dyazo 6 Angles Adjustable Aluminum Ergonomic Foldable Portable Tabletop Laptop/Desktop Riser Stand Holder Compatible for M...,Dyazo,/kaggle/working/images/1896.jpg
"Tribit XSound Go 16W 5.0 Bluetooth Speaker with Loud Sound & Rich Bass, 24H Playtime, IPX7 Waterproof, Wireless Stereo Pai...",Tribit,/kaggle/working/images/1899.jpg
"Tribit XSound Go 16W 5.0 Bluetooth Speaker with Loud Sound & Rich Bass, 24H Playtime, IPX7 Waterproof, Wireless Stereo Pai...",Tribit,/kaggle/working/images/19.jpg
"GIZGA Essentials Portable Tabletop Tablet Stand Mobile Holder, Desktop Stand, Cradle, Dock for iPad, Smartphone, Kindle, ...",GIZGA,/kaggle/working/images/190.jpg
Tizum High Speed HDMI Cable with Ethernet | Supports 3D 4K | for All HDMI Devices Laptop Computer Gaming Console TV Set To...,Tizum,/kaggle/working/images/1900.jpg
"Kanget [2 Pack] Type C Female to USB A Male Charger | Charging Cable Adapter Converter compatible for iPhone 14, 13, 12,11...",Kanget,/kaggle/working/images/1901.jpg
Half Moon 35 L Waterproof Laptop College School Office Bag Backpack for Men Women Boys Girls with 15.6 inch Padded Laptop ...,Half,/kaggle/working/images/1902.jpg
"AirCase Protective Laptop Bag Sleeve fits Upto 15.6"" Laptop/ MacBook, Wrinkle Free, Padded, Waterproof Light Neoprene case...",AirCase,/kaggle/working/images/1904.jpg
Doubledicestore Tempered Glass Screen Protector Compatible for iPhone XR / 11 with Edge to Edge Coverage and Easy Installa...,Doubledicestore,/kaggle/working/images/1905.jpg
"Fire-Boltt Invincible Plus 1.43"" AMOLED Display Smartwatch with Bluetooth Calling, TWS Connection, 300+ Sports Modes, 110 ...",Fire-Boltt,/kaggle/working/images/1906.jpg
wipro Ns9400 9-Watt B22D Wifi Smart Led Bulb With Music Sync Compatible With Amazon Alexa And Google Assistant ( Warm Whit...,wipro,/kaggle/working/images/1907.jpg
"Boult Audio FXCharge Wireless in Ear Bluetooth Neckband with ENC Mic, 32H Playtime, Type-C Fast Charging (5Mins=7.5Hrs Pla...",Boult,/kaggle/working/images/1908.jpg
"Fire-Boltt Invincible Plus 1.43"" AMOLED Display Smartwatch with Bluetooth Calling, TWS Connection, 300+ Sports Modes, 110 ...",Fire-Boltt,/kaggle/working/images/1909.jpg
LG 80 cm (32 inches) HD Ready Smart LED TV 32LM563BPTC (Dark Iron Gray),LG,/kaggle/working/images/191.jpg
"Boult Audio Curve ANC Wireless in Ear Wireless Earphones with 25dB Active Noise Cancellation, ENC Mic, 30H Playtime, 60ms ...",Boult,/kaggle/working/images/1910.jpg
Quantum QHM6633 4-Port Hi-Speed USB Hub with 480 Mbps Speed (Multicolor),Quantum,/kaggle/working/images/1911.jpg
"Samsung Galaxy M33 5G (Emerald Brown, 8GB, 128GB Storage) | 6000mAh Battery | 16GB RAM with RAM Plus | Travel Adapter to b...",Samsung,/kaggle/working/images/1912.jpg
"JBL Tune 230NC TWS, Active Noise Cancellation Earbuds with Mic, Massive 40 Hrs Playtime with Speed Charge, Adjustable EQ A...",JBL,/kaggle/working/images/1913.jpg
"Fire-Boltt Ninja Call Pro Plus 1.83"" Smart Watch with Bluetooth Calling, AI Voice Assistance, 100 Sports Modes IP67 Ratin...",Fire-Boltt,/kaggle/working/images/1914.jpg
"JBL C200SI, Premium in Ear Wired Earphones with Mic, Signature Sound, One Button Multi-Function Remote, Angled Earbuds for...",JBL,/kaggle/working/images/1915.jpg
Oppo Enco Air 2 Pro Bluetooth Truly Wireless in Ear Earbuds with Mic - White,Oppo,/kaggle/working/images/1916.jpg
Luxor Finewriter Assorted color (Pack of 10 Pen),Luxor,/kaggle/working/images/1917.jpg
MAONO AU-400 Lavalier Auxiliary Omnidirectional Microphone (Black),MAONO,/kaggle/working/images/1918.jpg
"Portronics Ruffpad 8.5M Multicolor LCD Writing Pad with Screen 21.5cm (8.5-inch) for Drawing, Playing, Handwriting Gifts f...",Portronics,/kaggle/working/images/1919.jpg
Orpat OT-512GT Calculator (Black),Orpat,/kaggle/working/images/192.jpg
"ZEBRONICS Zeb-Thunder Bluetooth Wireless Over Ear Headphone FM, mSD, 9 hrs Playback with Mic (Black)",ZEBRONICS,/kaggle/working/images/194.jpg
boAt Stone 200 3W Portable Bluetooth Speakers (Black),boAt,/kaggle/working/images/196.jpg
"pTron Pride Lite HBE (High Bass Earphones) in Ear Wired Earphones with Mic, 10mm Powerful Driver for Stereo Audio, Noise C...",pTron,/kaggle/working/images/1968.jpg
"TAGG Verve Sense Smartwatch with 1.70'' Large Display, Real SPO2, and Real-Time Heart Rate Tracking, 7 Days Battery Backu...",TAGG,/kaggle/working/images/1969.jpg
"Redgear Cosmo 7,1 Usb Gaming Wired Over Ear Headphones With Mic With Virtual Surround Sound,50Mm Driver, Rgb Leds & Remote...",Redgear,/kaggle/working/images/1971.jpg
"pTron Volta 12W Fast Charging USB Wall Charger with 1m Micro USB Cable, Made in India, BIS Certified Single Port USB Wall ...",pTron,/kaggle/working/images/1972.jpg
New Fastrack Reflex Beat+ 1.69” UltraVU Display|500 Nits Brightness|60 Sports Modes|24*7 Heart Rate Monitor|SpO2 Monitor|S...,New,/kaggle/working/images/1973.jpg
"Zebronics Zeb-Warrior 2.0 Multimedia Speaker With Aux Connectivity,USB Powered And Volume Control",Zebronics,/kaggle/working/images/1974.jpg
boAt Airdopes 441 Bluetooth Truly Wireless in Ear Earbuds with Mic with Up to 35H Total Playback Iwp Technology Immersive ...,boAt,/kaggle/working/images/1975.jpg
"Tukzer Capacitive Stylus Pen for Touch Screens Devices, Fine Point, Lightweight Metal Body with Magnetism Cover Cap for Sm...",Tukzer,/kaggle/working/images/1976.jpg
"AirCase Protective Laptop Bag Sleeve fits Upto 13.3"" Laptop/ MacBook, Wrinkle Free, Padded, Waterproof Light Neoprene case...",AirCase,/kaggle/working/images/1977.jpg
"Ambrane 20000mAh Power Bank, 20W Fast Charging, Tripe Output, Type C PD (Input & Output), Quick Charge, Li-Polymer, Multi-...",Ambrane,/kaggle/working/images/1979.jpg
HP 682 Black Original Ink Cartridge,HP,/kaggle/working/images/198.jpg
Portronics MPORT 31 4 Ports USB Hub (USB A to 4 USB-A Ports 4 in 1 Connector USB HUB(Grey),Portronics,/kaggle/working/images/1980.jpg
"iPhone Original 20W Charger Type C Adapter for iPhone 14/ 14 Plus/ 14 Pro/ 14 Pro Max, iPhone 13/13 Pro/13 Pro Max/13 Min...",iPhone,/kaggle/working/images/1981.jpg
"WeCool S2 Bluetooth Extendable Selfie Stick with Wireless Remote, 103 Cms Long Selfie Stick , Adjustable and Rotatable Des...",WeCool,/kaggle/working/images/1982.jpg
realme narzo 50i Prime (Mint Green 4GB RAM+64GB Storage) Octa-core Processor |5000 mAh Battery,realme,/kaggle/working/images/1983.jpg
"SanDisk Ultra Flair 128GB USB 3.0 Pen Drive, Silver Black",SanDisk,/kaggle/working/images/1984.jpg
Wesley Milestone 2.0 Casual Waterproof Laptop Backpack/Office Bag/School Bag/College Bag/Business Bag/Travel Backpack (Dim...,Wesley,/kaggle/working/images/1985.jpg
"Pidilite Fevicryl Acrylic Colour, White acrylic paint, 500 ml, Art and Craft Paint, DIY Paint, Rich Pigment, Non-Craking P...",Pidilite,/kaggle/working/images/1986.jpg
Cello Finegrip Ball Pen | Blue Ball Pens | Jar of 25 Units | Best Ball Pens for Smooth Writing | Ball Point Pen Set  | Pen...,Cello,/kaggle/working/images/1987.jpg
"smashtronics - Adjustable Aluminum Laptop Stand - Foldable, Ventilated, Portable Stand for Desk & Tabletop, Compatible wit...",smashtronics,/kaggle/working/images/1988.jpg
"Boult Audio Z40 True Wireless in Ear Earbuds with 60H Playtime, Zen™ ENC Mic, Low Latency Gaming, Type-C Fast Charging, Ma...",Boult,/kaggle/working/images/1989.jpg
"Duracell 36W Fast Car Charger Adapter with Dual USB Port. Qualcomm Certified 3.0, Quick Charge. Compatible with iPhone, Al...",Duracell,/kaggle/working/images/199.jpg
"Amazfit Bip 3 Smart Watch with 1.69"" Large Color Display,2 Weeks' Battery Life,5 ATM Water-Resistance, Cricket Sports Data...",Amazfit,/kaggle/working/images/1991.jpg
"Tecno POP 7 Pro (Uyuni Blue, 2GB RAM,64GB Storage) | Type C Port | 12MP Dual Camera | Up to 4GB RAM with Memory Fusion",Tecno,/kaggle/working/images/1992.jpg
"ZEBRONICS Zeb-Sound Bomb 1 TWS Earbuds with BT5.0, Up to 12H Playback, Touch Controls, Voice Assistant, Splash Proof with ...",ZEBRONICS,/kaggle/working/images/1994.jpg
CROSSVOLT Tough Rugged TPU Cover Case for Airpods Pro (2019) - Matte Black,CROSSVOLT,/kaggle/working/images/1995.jpg
"Fire-Boltt Ring 3 Smart Watch 1.8"" Biggest Display Advanced Bluetooth Calling Chip, Voice Assistance,118 Sports Modes, in ...",Fire-Boltt,/kaggle/working/images/1996.jpg
"boAt Aavante Bar 1750 2.1 Channel Bluetooth Soundbar with 120W RMS Signature Sound, Wireless Subwoofer, Multi-Compatibilit...",boAt,/kaggle/working/images/1997.jpg
"Portronics Portable RuffPad E-Writer 21.59Cm (8.5-inch) LCD with App Support, 4 Magnet, Stylus Drawing Handwriting Board, ...",Portronics,/kaggle/working/images/2.jpg
"iQOO Z6 44W by vivo (Lumina Blue, 6GB RAM, 128GB Storage) | 6.44"" FHD+ AMOLED Display | 50% Charge in just 27 mins | in-Di...",iQOO,/kaggle/working/images/200.jpg
"Logitech MK215 Wireless Keyboard and Mouse Combo for Windows, 2.4 GHz Wireless, Compact Design, 2-Year Battery Life(Keyboa...",Logitech,/kaggle/working/images/2000.jpg
"Hp Wired On Ear Headphones With Mic With 3.5 Mm Drivers, In-Built Noise Cancelling, Foldable And Adjustable For Laptop/Pc/...",Hp,/kaggle/working/images/2001.jpg
"Duracell USB Lightning Apple Certified (Mfi) Braided Sync & Charge Cable For Iphone, Ipad And Ipod. Fast Charging Lightnin...",Duracell,/kaggle/working/images/2002.jpg
Ant Esports GM320 RGB Optical Wired Gaming Mouse | 8 Programmable Buttons | 12800 DPI,Ant,/kaggle/working/images/2003.jpg
Wipro 3 way multiplug with built in Surge Protector,Wipro,/kaggle/working/images/2004.jpg
"boAt Stone 180 5W Bluetooth Speaker with Upto 10 Hours Playback, 1.75"" Driver, IPX7 & TWS Feature(Blue)",boAt,/kaggle/working/images/2005.jpg
"Seagate One Touch 2TB External HDD with Password Protection – Black, for Windows and Mac, with 3 yr Data Recovery Service...",Seagate,/kaggle/working/images/2006.jpg
"HP v236w 32GB USB 2.0 Pen Drive, Grey",HP,/kaggle/working/images/2007.jpg
Redgear MP35 Speed-Type Gaming Mousepad (Black/Red),Redgear,/kaggle/working/images/2008.jpg
"boAt A 350 Type C Cable for Personal Computer, 1.5m (Black)",boAt,/kaggle/working/images/2009.jpg
"boAt Deuce USB 300 2 in 1 Type-C & Micro USB Stress Resistant, Sturdy Cable with 3A Fast Charging & 480mbps Data Transmiss...",boAt,/kaggle/working/images/201.jpg
"Sony WI-XB400 Wireless Extra Bass in-Ear Headphones with 15 hrs Battery, Quick Charge, Magnetic Earbuds, Tangle Free Cord,...",Sony,/kaggle/working/images/2010.jpg
"Zebronics, ZEB-NC3300 USB Powered Laptop Cooling Pad with Dual Fan, Dual USB Port and Blue LED Lights","Zebronics,",/kaggle/working/images/2011.jpg
boAt Bassheads 220 Wired in Ear Earphones with Mic(Raging Red),boAt,/kaggle/working/images/2013.jpg
"Noise ColorFit Pulse Grand Smart Watch with 1.69""(42.9cm) HD Display, 60 Sports Modes, 150 Watch Faces, Fast Charge, Spo2,...",Noise,/kaggle/working/images/2014.jpg
"HP 200 USB Wireless Mouse with 1000 DPI optical sensor, 2.4 GHz wireless connectivity, built-in scrolling and ambidextrous...",HP,/kaggle/working/images/2015.jpg
Zinq Five Fan Cooling Pad and Laptop Stand with Dual Height Adjustment and Dual USB Port Extension (Black),Zinq,/kaggle/working/images/202.jpg
"Energizer CR2032, 3 Volt Zero Mercury Lithium Battery",Energizer,/kaggle/working/images/203.jpg
"boAt Rockerz 450 Pro Bluetooth Wireless On Ear Headphones with Mic with 70 Hours Battery, 40Mm Drivers, Bluetooth V5.0 Pad...",boAt,/kaggle/working/images/204.jpg
"JBL C100SI Wired In Ear Headphones with Mic, JBL Pure Bass Sound, One Button Multi-function Remote, Premium Metallic Finis...",JBL,/kaggle/working/images/2040.jpg
"Noise Buds VS104 in-Ear Truly Wireless Earbuds with 30H of Playtime, Instacharge(10 min=150 min), 13mm Driver, Mic, Hyper ...",Noise,/kaggle/working/images/2042.jpg
"Fire-Boltt Invincible Plus 1.43"" AMOLED Display Smartwatch with Bluetooth Calling, TWS Connection, 300+ Sports Modes, 110 ...",Fire-Boltt,/kaggle/working/images/2044.jpg
"Amazon Basics Flexible Premium HDMI Cable (Black, 4K@60Hz, 18Gbps), 3-Foot",Amazon,/kaggle/working/images/2046.jpg
Camlin Kokuyo Student 24-Shade Water Color Paint Cake Set,Camlin,/kaggle/working/images/2047.jpg
"Portronics Key2 Combo Multimedia USB Wireless Keyboard and Mouse Set with 2.4 GHz Wireless Technology, Soft & Silent Butto...",Portronics,/kaggle/working/images/205.jpg
boAt Bassheads 105 Wired in Ear Earphones with Mic (Blue),boAt,/kaggle/working/images/2050.jpg
"truke Buds F1 Bluetooth Truly Wireless in Ear Earbuds with mic, 48H Playtime, Instant Paring, Exceptional Sound with AAC C...",truke,/kaggle/working/images/2053.jpg
OpenTech® Military-Grade Tempered Glass Screen Protector Compatible for iPhone 13/13 Pro / 14 with Edge to Edge Coverage a...,OpenTech®,/kaggle/working/images/2054.jpg
"boAt Newly Launched Wave Call Plus with 1.83"" HD Display, ENx™ Tech(Clear Calls),Advanced Bluetooth Calling,Hindi & Englis...",boAt,/kaggle/working/images/2056.jpg
"Noise ColorFit Pulse 2: 1.8"" Biggest Display Smart Watch, 550 NITS Brightness, Sleek Metallic Body, HR, Sleep & Spo2 Monit...",Noise,/kaggle/working/images/2058.jpg
"Duracell Rechargeable AA 1300mAh Batteries, 4Pcs",Duracell,/kaggle/working/images/2059.jpg
"3M Scotch Scissors | 6"" Multipurpose | Comfort Grip Handle and Stainless Steel Blades | Paper, Photos, Crafts",3M,/kaggle/working/images/206.jpg
"NoiseFit Force Rugged Round Dial Bluetooth Calling Smart Watch with 1.32"" HD Screen, Functional Crown, 550 NITS, 7 Days Ba...",NoiseFit,/kaggle/working/images/2060.jpg
Boult Audio BassBuds X1 in-Ear Wired Earphones with 10mm Extra Bass Driver and HD Sound with mic(Red),Boult,/kaggle/working/images/2061.jpg
"Samsung Galaxy M53 5G (Deep Ocean Blue, 8GB, 128GB Storage) | 108MP | sAmoled+ 120Hz | 16GB RAM with RAM Plus | Travel Ada...",Samsung,/kaggle/working/images/2062.jpg
"realme Buds Wireless 2S in Ear Earphone with mic, Dual Device Switching & Type C Fast Charge & Up to 24Hrs Playtime, Bluet...",realme,/kaggle/working/images/207.jpg
"Boult Audio ZCharge Wireless in Ear Bluetooth Neckband with ENC Mic, 40H Playtime, Type-C Fast Charging (10Mins=15Hrs Play...",Boult,/kaggle/working/images/208.jpg
INEFABLE Mi Band 5 and 6 Strap Original Band Strap M5/M6 - Pack of 1 - Black - (Device Not Included - Not Compatible with ...,INEFABLE,/kaggle/working/images/2088.jpg
boAt Bassheads 242 in Ear Wired Earphones with Mic(Red),boAt,/kaggle/working/images/2089.jpg
Noise Buds VS201 V2 in-Ear Truly Wireless Earbuds with Dual Equalizer | with Mic | Total 14-Hour Playtime | Full Touch Con...,Noise,/kaggle/working/images/209.jpg
"Classmate 2100117 Soft Cover 6 Subject Spiral Binding Notebook, Single Line, 300 Pages",Classmate,/kaggle/working/images/2090.jpg
Canon CL57s Ink Cartridge,Canon,/kaggle/working/images/2091.jpg
Robustrion Tempered Glass Screen Protector for iPad 10.2 inch 9th Gen Generation 2021 8th Gen 2020 7th Gen 2019,Robustrion,/kaggle/working/images/2092.jpg
"ZEBRONICS Zeb-Bro in Ear Wired Earphones with Mic, 3.5mm Audio Jack, 10mm Drivers, Phone/Tablet Compatible(Red)",ZEBRONICS,/kaggle/working/images/2093.jpg
"DIGITEK® (DRL-14C) Professional (31cm) Dual Temperature LED Ring Light with Tripod Stand & Mini Tripod for YouTube, Photo-...",DIGITEK®,/kaggle/working/images/2094.jpg
"MINIMART Aluminum Tabletop Laptop Stand Ergonomic Foldable Portable Laptop Stand Holder Compatible for MacBook, HP, Dell, ...",MINIMART,/kaggle/working/images/2095.jpg
"Fire-Boltt Visionary 1.78"" AMOLED Bluetooth Calling Smartwatch with 368 * 448 Pixel Resolution, Rotating Crown & 60Hz Refr...",Fire-Boltt,/kaggle/working/images/2096.jpg
"Camlin Brush Pens, 24 Shades",Camlin,/kaggle/working/images/2098.jpg
"boAt Stone 250 Portable Wireless Speaker with 5W RMS Immersive Audio, RGB LEDs, Up to 8HRS Playtime, IPX7 Water Resistanc...",boAt,/kaggle/working/images/2099.jpg
Oraimo 18W USB & Type-C Dual Output Super Fast Charger Wall Adapter PE2.0&Quick Charge 3.0 & Power Delivery 3.0 Compatible...,Oraimo,/kaggle/working/images/2100.jpg
"Fire-Boltt Gladiator 1.96"" Biggest Display Smart Watch with Bluetooth Calling, Voice Assistant &123 Sports Modes, 8 Unique...",Fire-Boltt,/kaggle/working/images/2101.jpg
"E-COSMOS 5V 1.2W Portable Flexible USB LED Light (Colors May Vary, Small) - Set of 2 Pieces",E-COSMOS,/kaggle/working/images/2102.jpg
"Redmi Buds 3 Lite, True Wireless in Ear Earbuds with Mic, Bluetooth 5.2,IP54 Splash Resistant, Ultra-Light,Fast Charging &...",Redmi,/kaggle/working/images/2104.jpg
"Fire-Boltt India's No 1 Smartwatch Brand Talk 2 Bluetooth Calling Smartwatch with Dual Button, Hands On Voice Assistance, ...",Fire-Boltt,/kaggle/working/images/2105.jpg
"TP-Link AC750 Dual Band Wireless Cable Router, 4 10/100 LAN + 10/100 WAN Ports, Support Guest Network and Parental Contro...",TP-Link,/kaggle/working/images/2106.jpg
"Oppo F21s Pro 5G (Dawnlight Gold, 8GB RAM, 128 Storage) with No Cost EMI/Additional Exchange Offers",Oppo,/kaggle/working/images/2108.jpg
"Samsung Galaxy M13 5G (Aqua Green, 4GB, 64GB Storage) | 5000mAh Battery | Upto 8GB RAM with RAM Plus",Samsung,/kaggle/working/images/2109.jpg
"iQOO Z6 44W by vivo (Raven Black, 4GB RAM, 128GB Storage) | 6.44"" FHD+ AMOLED Display | 50% Charge in just 27 mins | in-Di...",iQOO,/kaggle/working/images/211.jpg
HP 32GB Class 10 MicroSD Memory Card (U1 TF Card 32GB),HP,/kaggle/working/images/2110.jpg
"TP-Link Archer C50 AC1200 Dual Band Wireless Cable Router, Wi-Fi Speed Up to 867 Mbps/5 GHz + 300 Mbps/2.4 GHz, Supports P...",TP-Link,/kaggle/working/images/2111.jpg
"Samsung Galaxy M53 5G (Mystique Green, 6GB, 128GB Storage) | 108MP | sAmoled+ 120Hz | 12GB RAM with RAM Plus | Travel Adap...",Samsung,/kaggle/working/images/2112.jpg
Spigen EZ Fit Tempered Glass Screen Protector for iPhone 14 Pro Max - 2 Pack (Sensor Protection),Spigen,/kaggle/working/images/2113.jpg
"boAt Rockerz 330 Bluetooth Wireless in Ear Earphones with mic, Upto 30 Hours Playtime, ASAP Charge, Signature Sound, Dual ...",boAt,/kaggle/working/images/2114.jpg
"APC Back-UPS BX600C-IN 600VA / 360W, 230V, UPS System, an Ideal Power Backup & Protection for Home Office, Desktop PC & Ho...",APC,/kaggle/working/images/2115.jpg
AmazonBasics AA Performance Alkaline Non-Rechargeable Batteries (8-Pack) - Appearance May Vary,AmazonBasics,/kaggle/working/images/2116.jpg
Kingston DataTraveler Exodia DTX/32 GB Pen Drive USB 3.2 Gen 1 (Multicolor),Kingston,/kaggle/working/images/2117.jpg
"Boult Audio X30 True Wireless in Ear Earbuds with 40H Playtime, Quad Mic ENC, 45ms Xtreme Low Latency, Made in India, Typ...",Boult,/kaggle/working/images/2118.jpg
Tygot Gorilla Tripod/Mini 33 CM (13 Inch) Tripod for Mobile Phone with Phone Mount | Flexible Gorilla Stand for DSLR & Act...,Tygot,/kaggle/working/images/2119.jpg
"Fire-Boltt Invincible Plus 1.43"" AMOLED Display Smartwatch with Bluetooth Calling, TWS Connection, 300+ Sports Modes, 110 ...",Fire-Boltt,/kaggle/working/images/212.jpg
"iQOO Z6 5G by vivo (Dynamo Black, 4GB RAM, 128GB Storage) | Snapdragon 695-6nm Processor | 120Hz FHD+ Display | 5000mAh Ba...",iQOO,/kaggle/working/images/2120.jpg
"Yogi MART Foldable Wooden Laptop Bed Tray Table, Multifunction Lap Tablet Desk with Cup Holder, Perfect for Eating Breakfa...",Yogi,/kaggle/working/images/2121.jpg
TP-Link Tapo 360° 2MP 1080p Full HD Pan/Tilt Home Security Wi-Fi Smart Camera| Alexa Enabled| 2-Way Audio| Night Vision| M...,TP-Link,/kaggle/working/images/2122.jpg
"boAt Xtend Talk with Advanced Dedicated Bluetooth Calling Chip, Built-in Alexa, 1.69"" HD Display, Premium Design, 60+ Spor...",boAt,/kaggle/working/images/2123.jpg
Tygot Gorilla Tripod/Mini 33 CM (13 Inch) Tripod for Mobile Phone with Phone Mount & Remote | Flexible Gorilla Stand for D...,Tygot,/kaggle/working/images/2124.jpg
Vantro Car Power Inverter 200W with 4 USB & 2 AC Port with Digital Display and QC3.0,Vantro,/kaggle/working/images/2125.jpg
Redmi Note 12 5G Frosted Green 6GB RAM 128GB ROM | 1st Phone with 120Hz Super AMOLED and Snapdragon® 4 Gen 1 | 48MP AI Tri...,Redmi,/kaggle/working/images/2127.jpg
"Duracell USB Type C, 3A Braided Sync & Quick Charging Cable, 3.9 Feet (1.2M), QC 2.0/3.0 Fast Charging, Compatible with Sa...",Duracell,/kaggle/working/images/2129.jpg
"ELV DIRECT Lightweight Metal Body Fine Point Capacitive Stylus Pen for Touchscreen Devices, , Compatible with All Smartpho...",ELV,/kaggle/working/images/213.jpg
"Portronics Ruffpad 15 Re-Writable LCD Screen 38.1cm (15-inch) Writing Pad for Drawing, Playing, Handwriting Gifts for Kids...",Portronics,/kaggle/working/images/2130.jpg
"Oppo Enco Buds Bluetooth True Wireless in Ear Earbuds(TWS) with Mic, 24H Battery Life, Supports Dolby Atmos Noise Cancella...",Oppo,/kaggle/working/images/2131.jpg
"boAt Airdopes 413ANC True Wireless in Ear Earbuds with Active Noise Cancellation, 2 Mics ENx Tech, Signature Sound, Touch ...",boAt,/kaggle/working/images/2132.jpg
DOMS X1 Pencil 10 Pcs,DOMS,/kaggle/working/images/2133.jpg
Panasonic LR44 Alkaline Coin Battery - Pack of 10,Panasonic,/kaggle/working/images/2135.jpg
AmazonBasics Type C to Type C Braided 60W Fast Charging Data Cable (Black/Blackish Green - 1.2 Meter),AmazonBasics,/kaggle/working/images/216.jpg
Onsitego 1 Year Extended Warranty for Small Household Appliances from Rs. 1001-1500 (Email Delivery - No Physical Kit),Onsitego,/kaggle/working/images/2160.jpg
"Tarkan Portable Folding Laptop Desk for Bed, Lapdesk with Handle, Drawer, Cup & Mobile/Tablet Holder for Study, Eating, Wo...",Tarkan,/kaggle/working/images/2161.jpg
"boAt Newly Launched Aavante Bar Mystiq Soundbar with 100W RMS Signature Sound, 2.1 CH,Multi-Connectivity Modes,BT v5.3,Wir...",boAt,/kaggle/working/images/2162.jpg
"BOBO BM4 Jaw-Grip Waterproof Bike / Motorcycle / Scooter Mobile Phone Holder Mount, Ideal for Maps and GPS Navigation (Black)",BOBO,/kaggle/working/images/2163.jpg
"USM I8 Pro Max Smart Watch Latest Fitness Smart Watch, Bluetooth Function 50 Sports Mode Smartwatch for Mens & Women, Hear...",USM,/kaggle/working/images/2164.jpg
"JBL Wave 200 True Wireless In Ear Earbuds with Mic, 20 Hours Playtime, Deep Bass Sound, Dual Connect Technology, Quick Cha...",JBL,/kaggle/working/images/2165.jpg
Qubo Car Dash Camera Pro Dash Cam from Hero Group | Made in India Dashcam | Full HD 1080p | Wide Angle View | G-Sensor | W...,Qubo,/kaggle/working/images/2166.jpg
"JBL Go 2, Wireless Portable Bluetooth Speaker with Mic, JBL Signature Sound, Vibrant Color Options with IPX7 Waterproof & ...",JBL,/kaggle/working/images/2167.jpg
Spigen EZ Fit Tempered Glass Screen Protector for iPhone 14 Pro - 2 Pack (Sensor Protection),Spigen,/kaggle/working/images/2168.jpg
"Duracell Ultra Alkaline AAA Battery, 4 Pcs",Duracell,/kaggle/working/images/217.jpg
"ZEBRONICS Zeb-Buds 30 3.5mm Stereo Wired in Ear Earphone with Microphone for Calling, Volume Control, 14mm Drivers, Stylis...",ZEBRONICS,/kaggle/working/images/2171.jpg
"Lava Blaze 5G (Glass Blue, 4GB RAM, UFS 2.2 128GB Storage) | 5G Ready | 50MP AI Triple Camera | Upto 7GB Expandable RAM | ...",Lava,/kaggle/working/images/2172.jpg
"boAt Airdopes 113 Bluetooth Truly Wireless in Ear Earbuds with ENx Tech, Beast Mode, ASAP Charge, 24H Playtime, Immersive ...",boAt,/kaggle/working/images/2174.jpg
"LS LAPSTER Quality Assured Universal Silicone 15.6"" Keyboard Protector Skin|| Keyboard Dust Cover|| Keyboard Skin for 15....",LS,/kaggle/working/images/2175.jpg
Doms Neon Rubber Tipped HB/2 Graphite Pencils Box Pack | Non-Toxic | Free Sharpner Inside The Box | Easy & Smooth Sharpeni...,Doms,/kaggle/working/images/2176.jpg
"OnePlus Nord Watch with 1.78” AMOLED Display, 60 Hz Refresh Rate, 105 Fitness Modes, 10 Days Battery, SPO2, Heart Rate, St...",OnePlus,/kaggle/working/images/2177.jpg
"CRUST CS30 Car Bluetooth Device with Call Receiver, FM Transmitter for Music System & Dual USB + Type C Fast Charger; 7 Co...",CRUST,/kaggle/working/images/2178.jpg
"Portronics C-Konnect, 3-in-1 USB Type C Adapter to Project Screen of Your USB Type-C Enabled Device on a Large Screen of A...",Portronics,/kaggle/working/images/2179.jpg
"Noise Buds VS104 Pro Truly Wireless Earbuds with 40H of Playtime, Quad Mic with ENC, Instacharge(10 min=150 min), 14.2mm D...",Noise,/kaggle/working/images/2180.jpg
"pTron Volta 12W USB Charger, Fast Charging, Made in India, BIS Certified Single Port USB Wall Adapter Without Cable for Al...",pTron,/kaggle/working/images/2182.jpg
"pTron Bassbuds Sports V2 Bluetooth 5.3 Wireless Over Ear Headphone with Mic, Earhooks, 48Hrs Playtime, Snug-fit Design, EN...",pTron,/kaggle/working/images/219.jpg
Apple iPhone 13 (128GB) - Midnight,Apple,/kaggle/working/images/22.jpg
"ENVIE® (AA10004PLNi-CD) AA Rechargeable Batteries, Low Self Discharge, AA 1000mAh Ni-CD (Pack of 4)",ENVIE®,/kaggle/working/images/220.jpg
"Vero Forza Glide PRO (4 Piece) Thumb & Finger Sleeve for Mobile Game, Pubg,Cod,Freefire & Fortnite -Pack of 2 Pair- Black",Vero,/kaggle/working/images/2208.jpg
"ZEBRONICS Zeb Evolve Wireless Bluetooth in Ear Neckband Earphone, Rapid Charge, Dual Pairing, Magnetic earpiece,Voice Assi...",ZEBRONICS,/kaggle/working/images/2209.jpg
"Nokia 5310 Dual SIM Keypad Phone with MP3 Player, Wireless FM Radio and Rear Camera with Flash | White/Red",Nokia,/kaggle/working/images/221.jpg
"Skypearll Bluetooth Car Adapter, Mini USB Bluetooth 5.0 Transmitter Receiver Wireless 3.5mm Aux Jack Adapter Hands-Free Ca...",Skypearll,/kaggle/working/images/2210.jpg
"Samsung Original Type C to C Cable - 3.28 Feet (1 Meter) Compatible with Smartphone,White",Samsung,/kaggle/working/images/2211.jpg
OneAssist 1 Year Extended Warranty Plan for Headphones 500 to 1000 - Email Delivery Within 2 Hours,OneAssist,/kaggle/working/images/2212.jpg
Apple iPhone 13 (128GB) - Starlight,Apple,/kaggle/working/images/2214.jpg
"HP v236w 16GB USB 2.0 Pen Drive, Multi",HP,/kaggle/working/images/2215.jpg
"boAt Stone 135 Portable Wireless Speaker with 5W RMS Immersive Sound, IPX4 Water Resistance, True Wireless Feature, Up to ...",boAt,/kaggle/working/images/2216.jpg
"Brand Conquer 3 in 1 SD Card Reader | USB Type C, USB 3.0 and Micro USB, OTG, Memory Card | Portable Card Reader | Compati...",Brand,/kaggle/working/images/2217.jpg
"Samsung Galaxy Tab A8 10.5 inches Display, RAM 3 GB, ROM 32 GB Expandable, Wi-Fi Tablets, Gray, (SM-X200NZAAINU)",Samsung,/kaggle/working/images/2218.jpg
Apple Pencil (2nd Generation),Apple,/kaggle/working/images/2219.jpg
OnePlus 126 cm (50 inches) Y Series 4K Ultra HD Smart Android LED TV 50Y1S Pro (Black),OnePlus,/kaggle/working/images/222.jpg
"Gizga Essentials Professional 6-in-1 Cleaning Kit for Cameras & Sensitive Electronics (Includes: Air Blower, Cotton Swabs,...",Gizga,/kaggle/working/images/2220.jpg
Portronics Konnect L 1.2M POR-1401 Fast Charging 3A 8 Pin USB Cable with Charge & Sync Function (White),Portronics,/kaggle/working/images/2221.jpg
"Western Digital WD 2TB My Passport Portable Hard Disk Drive, Compatible with Windows and Mac, External HDD-Black",Western,/kaggle/working/images/2222.jpg
Classmate Octane Gel 25s Jar- 20 Blue Gel Pens + 5 Black Gel Pens,Classmate,/kaggle/working/images/2223.jpg
"Portronics Clamp Y Adjustable Air Vent Mobile Holder for Car with 360° Rotational, One Click Release Button, Compatible wi...",Portronics,/kaggle/working/images/2224.jpg
"TABLE MAGIC Multipurpose Laptop Table Mat Finish Top Work at Home Study Table (TM Regular- Black, Alloy Steel)",TABLE,/kaggle/working/images/2225.jpg
Razer Viper Mini Ultralight Gaming USB Mouse- Classic Black|Fastest Gaming Switches-8500 DPI Optical Sensor - Chroma RGB U...,Razer,/kaggle/working/images/2226.jpg
HP F6V97AA#ACJ External USB DVD-RW Drive,HP,/kaggle/working/images/2227.jpg
TheGiftKart Crystal Clear Back Cover Case for OnePlus Nord CE 2 LITE 5G | 360 Degree Protection | Shock Proof Design | Tra...,TheGiftKart,/kaggle/working/images/2228.jpg
"Nokia 2660 Flip 4G Volte keypad Phone with Dual SIM, Dual Screen, inbuilt MP3 Player & Wireless FM Radio | Black",Nokia,/kaggle/working/images/2229.jpg
"Wipro 4 Way multiplug with 2 Universal sockets [2020 Model], White (NWM0100)",Wipro,/kaggle/working/images/223.jpg
Faber-Castell Triangular Colour Pencils - Pack of 24 (Assorted),Faber-Castell,/kaggle/working/images/2230.jpg
Sounce Cleaning Soft Brush Keyboard Cleaner 5-in-1 Multi-Function Computer Cleaning Tools Kit Corner Gap Duster Keycap Pul...,Sounce,/kaggle/working/images/2231.jpg
STRIFF Laptop Stand Adjustable Laptop Computer Stand Multi-Angle Stand Phone Stand Portable Foldable Laptop Riser Notebook...,STRIFF,/kaggle/working/images/224.jpg
Acer 139 cm (55 inches) I Series 4K Ultra HD Android Smart LED TV AR55AR2851UDFL (Black),Acer,/kaggle/working/images/2256.jpg
"iQOO Z6 44W by vivo (Lumina Blue, 4GB RAM, 128GB Storage) | 6.44"" FHD+ AMOLED Display | 50% Charge in just 27 mins | in-Di...",iQOO,/kaggle/working/images/2257.jpg
Noise Buds VS201 V2 in-Ear Truly Wireless Earbuds with Dual Equalizer | with Mic | Total 14-Hour Playtime | Full Touch Con...,Noise,/kaggle/working/images/2258.jpg
Reliance Smart - E-Gift Card - Flat 1% Off - Redeemable in Stores,Reliance,/kaggle/working/images/2259.jpg
"TP-Link USB Bluetooth Adapter for PC 4.0 Bluetooth Dongle Receiver Support Windows 11/10/8.1/8/7 for Desktop, Laptop, Mous...",TP-Link,/kaggle/working/images/226.jpg
"ID-116 Smartwatch for Men's Womens Boys Girls, Bluetooth Smart Fitness Band Watch with Heart Rate Activity Tracker Step & ...",ID-116,/kaggle/working/images/2260.jpg
"Boult Audio Truebuds with 30H Playtime, IPX7 Waterproof, Made in India, Type C Fast Charging (10Min=100Mins), Rich Bass, P...",Boult,/kaggle/working/images/2262.jpg
Samsung EVO Plus 256GB microSDXC UHS-I U3 130MB/s Full HD & 4K UHD Memory Card with Adapter (MB-MC256KA),Samsung,/kaggle/working/images/2263.jpg
"AmazonBasics microSDHC Memory Card with Full Size Adapter, A1, U1, Read Speed up to 98 MB/s, 32GB",AmazonBasics,/kaggle/working/images/2264.jpg
"Samsung Galaxy S20 FE 5G (Cloud Mint, 8GB RAM, 128GB Storage)",Samsung,/kaggle/working/images/2265.jpg
"Juarez JRZ100 Guitar Wall Hanger/Mount With Fittings/Accessories, Black",Juarez,/kaggle/working/images/2266.jpg
Amozo Designed for iPhone 14 Cover | Ultra Hybrid Drop and Camera Protection Back Cover Case for iPhone 14 (TPU + Polycarb...,Amozo,/kaggle/working/images/2268.jpg
"Sounce Universal Phone Mount for Car [Solid & Durable] Car Mobile Phone Holder Mount for Dashboard 360° Rotational, Strong...",Sounce,/kaggle/working/images/2269.jpg
"Logitech Pebble Wireless Mouse with Bluetooth or 2.4 GHz Receiver, Silent, Slim Computer Mouse with Quiet Clicks, for Lapt...",Logitech,/kaggle/working/images/227.jpg
"Portronics Bubble Multimedia Wireless Keyboard 2.4 GHz & Bluetooth 5.0 Connectivity, Noiseless Experience, Compact Size, S...",Portronics,/kaggle/working/images/2270.jpg
"boAt Rockerz 245v2 Bluetooth Wireless in Ear Earphones with Upto 8 Hours Playback, 12mm Drivers, IPX5, Magnetic Eartips, I...",boAt,/kaggle/working/images/2271.jpg
"American Tourister VALEX BLUE LAPTOP BACKPACK 28 Ltrs,Volume, LAPTOP COMPARTMENT, BOTTLE POCKET, FRONT ORGANIZER",American,/kaggle/working/images/2272.jpg
"Noise Fit Halo with Standard Strap, Bluetooth Calling Round Dial Smart Watch, 1.43"" AMOLED Display, Premium Metallic Buil...",Noise,/kaggle/working/images/2273.jpg
URBN 10000 mAh Li-Polymer Ultra Compact Power Bank | 12W Fast Charge | Dual USB Output | Type C | Micro Input | Pocket Siz...,URBN,/kaggle/working/images/2274.jpg
"Sounce AirPods Pro Case, Soft Silicone Skin Case Cover Shock-Absorbing Protective Case with Keychain Compatible with AirPo...",Sounce,/kaggle/working/images/2275.jpg
"Duracell Rechargeable AAA 750mAh Batteries, 2 Pcs",Duracell,/kaggle/working/images/2276.jpg
"ZEBRONICS ZEB-LPC88A Laser Toner Printer Cartridge for HP Laser Jet P1007/P1008/P1106/P1108, Pro M1136/M1213nf/M1216, Pro ...",ZEBRONICS,/kaggle/working/images/2277.jpg
"OnePlus 10R 5G (Sierra Black, 12GB RAM, 256GB Storage, 80W SuperVOOC)",OnePlus,/kaggle/working/images/2278.jpg
"Sounce 65W OnePlus Dash Warp Charge Cable, 6.5A Type-C to USB C PD Data Sync Fast Charging Cable Compatible with One Plus ...",Sounce,/kaggle/working/images/2279.jpg
"‎GIZGA essentials â Portable 360 Rotating Tabletop Mobile Holder, Dock for Ipad, Smartphone, Kindle, E-Reader, Fully Folda...",‎GIZGA,/kaggle/working/images/2280.jpg
Epson 6641 Black Ink Bottle - 70 ml,Epson,/kaggle/working/images/2281.jpg
"Nokia 105 Single SIM, Keypad Mobile Phone with Wireless FM Radio | Blue",Nokia,/kaggle/working/images/2282.jpg
"Duracell USB C To Lightning Apple Certified (Mfi) Braided Sync & Charge Cable For Iphone, Ipad And Ipod. Fast Charging Lig...",Duracell,/kaggle/working/images/2283.jpg
ANCHOR by Panasonic 5219 6A Cherry Flecicord Socket 2 Pin 8M (White),ANCHOR,/kaggle/working/images/2284.jpg
"Oneplus 10R Type c to 3.5mm Audio Jack, 1-Plus Audio Jack Adapter, car Audio Connector USB Type c, Headphone Converter Cab...",Oneplus,/kaggle/working/images/2285.jpg
"Logitech C270 Digital HD Webcam with Widescreen HD Video Calling, HD Light Correction, Noise-Reducing Mic, for Skype, Face...",Logitech,/kaggle/working/images/2287.jpg
AmazonBasics AA Performance Alkaline Non-Rechargeable Batteries (20-Pack) - Appearance May Vary,AmazonBasics,/kaggle/working/images/2288.jpg
"Mobilife Selfie Stick,Long Selfie Stick with Tripod Stand upto 37.8 inch,4 in 1 Extendable Selfie Stick for Mobile Phone B...",Mobilife,/kaggle/working/images/2289.jpg
"SYSKA Power Bank 10000mah | 6 Months Warranty | Powerbank, Battery Bank, Quick Charging 18W P1029J Power Bank with High-En...",SYSKA,/kaggle/working/images/229.jpg
"Beetel X90 Cordless 2.4Ghz Landline Phone with Caller ID Display, Stores 50 Contacts, Upto 8Hrs of Talk time, Solid Build ...",Beetel,/kaggle/working/images/2290.jpg
"HUMBLE Dynamic Lapel Collar Mic Voice Recording Filter Microphone for Singing Youtube SmartPhones, Black",HUMBLE,/kaggle/working/images/2291.jpg
"Verilux® USB C Hub Multiport Adapter- 6 in 1 Portable Aluminum Type C Hub with 4K HDMI Output, USB 2.0/3.0 Ports, SD/Micro...",Verilux®,/kaggle/working/images/2292.jpg
"truke Newly Launched Buds A1 True Wireless Earbuds with 30dB Hybrid ANC, 48H Playtime, Quad-Mics with ENC, 3+1 EQ Modes, F...",truke,/kaggle/working/images/2293.jpg
"pTron Bassbuds Fute 5.1 Bluetooth Truly Wireless Featherlite TWS in Ear Earbuds with Mic 25Hrs Playtime, 13Mm Dynamic Driv...",pTron,/kaggle/working/images/2294.jpg
Kraft Seeds Assorted Hand Pruner Cutter - 1 Pc (Steel Blades) | Heavy Duty Gardening Cutter Tool | Plant Cutter for Home G...,Kraft,/kaggle/working/images/2295.jpg
"truke Buds F1 Bluetooth 5.3 Truly Wireless in Ear Earbuds with mic, 48H Playtime, Instant Paring, Exceptional Sound with A...",truke,/kaggle/working/images/2296.jpg
Apple AirPods Pro (2nd Generation) ​​​​​​​,Apple,/kaggle/working/images/2297.jpg
boAt Bassheads 242 in Ear Wired Earphones with Mic(Neon Green),boAt,/kaggle/working/images/2298.jpg
"Zebronics Zeb-Pluto 2.0 Multimedia Speaker with Aux Connectivity,USB Powered and Volume Control",Zebronics,/kaggle/working/images/2299.jpg
ADISA 15.6 inch Laptop Backpack Office Bag College Travel Back Pack 32 Ltrs (z-Navy Blue),ADISA,/kaggle/working/images/23.jpg
VW 80 cm (32 inches) Frameless Series HD Ready LED TV VW32A (Black),VW,/kaggle/working/images/230.jpg
"LIRAMARK Webcam Cover Slide, Ultra Thin Laptop Camera Cover Slide Blocker for Computer MacBook Pro iMac PC Tablet (Pack of 3)",LIRAMARK,/kaggle/working/images/2300.jpg
Parker Classic Gold Gold Trim Ball Pen,Parker,/kaggle/working/images/2301.jpg
"realme narzo 50 5G (Hyper Blue, 4GB RAM+128GB Storage) Dimensity 810 5G Processor | 48MP Ultra HD Camera",realme,/kaggle/working/images/2302.jpg
"Noise ColorFit Ultra 2 Buzz 1.78"" AMOLED Bluetooth Calling Watch with 368 * 448px Always On Display, Premium Metallic Fini...",Noise,/kaggle/working/images/2303.jpg
"Motorola a10 Dual Sim keypad Mobile with 1750 mAh Battery, Expandable Storage Upto 32GB, Wireless FM with Recording - Dark...",Motorola,/kaggle/working/images/2304.jpg
"Amazon Basics High-Speed Braided HDMI Cable - 6 Feet - Supports Ethernet, 3D, 4K and Audio Return - Single Pack (Black)",Amazon,/kaggle/working/images/2305.jpg
OpenTech® Tempered Glass Screen Protector Compatible for Samsung Galaxy S21 FE 5G with Edge to Edge Coverage and Easy Inst...,OpenTech®,/kaggle/working/images/2306.jpg
"Lapster 3 in 1 Screen Cleaning Kit with Brush and Micro Cloth for PC, laptops, LCD led mobiles and TV (80ML)",Lapster,/kaggle/working/images/2307.jpg
"All-New Echo Dot (5th Gen, 2023 release) | Smart speaker with Bigger sound, Motion Detection, Temperature Sensor and Alex...",All-New,/kaggle/working/images/2308.jpg
ADDMAX Extension Cord with USB Port – 10A 220V-50/60Hz [6 socket Outlet with 2 USB Port] [Fire flame proof] [USB Charging ...,ADDMAX,/kaggle/working/images/2309.jpg
"boAt Xtend Pro with Advanced Dedicated Bluetooth Calling Chip, Dial Pad, 1.78” AMOLED Display, ASAP™(Fast) Charge, 700+ Ac...",boAt,/kaggle/working/images/231.jpg
Fastrack Reflex Vox Smartwatch|Alexa Built-In|Bright HD Display|Upto 10 Days Battery|5 ATM Water Resistance|Multiple Sport...,Fastrack,/kaggle/working/images/2310.jpg
"JBL Wave Beam in-Ear Earbuds (TWS) with Mic, App for Customized Extra Bass EQ, 32 Hrs Battery and Quick Charge, IP54, Ambi...",JBL,/kaggle/working/images/2311.jpg
"boAt WCDV 20W Wall Charger with Fast Charging for PD Devices, Smart IC Protection, Auto Detection and Corrosion Resistant ...",boAt,/kaggle/working/images/2312.jpg
"Western Digital WD Blue SN570 NVMe 500GB, Upto 3500MB/s, with Free 1 Month Adobe Creative Cloud Subscription, 5 Y Warrant...",Western,/kaggle/working/images/2313.jpg
"AirCase Rugged Hard Drive Case for 2.5-inch Western Digital, Seagate, Toshiba, Portable Storage Shell for Gadget Hard Disk...",AirCase,/kaggle/working/images/2314.jpg
Bennett Khadi + Polyester Drax Laptops Bag Sleeve Case Cover Pouch for 15.6 inches 39cm Laptop Apple/Dell/Lenovo/ASUS/Hp/S...,Bennett,/kaggle/working/images/2315.jpg
i12 Bluetooth Ear Buds Bluetooth Headset in Ear Earbuds with Mic Touch Sensor with and High Bass Level Supporting All Smar...,i12,/kaggle/working/images/2316.jpg
"ZEBRONICS K24 USB Keyboard with Long Life 8 Million Keystrokes, Silent & Comfortable Use, Slim Design, Retractable Stand, ...",ZEBRONICS,/kaggle/working/images/2317.jpg
SanDisk Extreme SD UHS I 64GB Card for 4K Video for DSLR and Mirrorless Cameras 170MB/s Read & 80MB/s Write,SanDisk,/kaggle/working/images/2318.jpg
PLATEFORCE Smart Watch for Men - ID116 Water Proof Touchscreen Smart Watch Bluetooth 1.44 HD Screen Smart Watch with Daily...,PLATEFORCE,/kaggle/working/images/2319.jpg
"iQOO Z6 5G by vivo (Dynamo Black, 4GB RAM, 128GB Storage) | Snapdragon 695-6nm Processor | 120Hz FHD+ Display | Travel Ada...",iQOO,/kaggle/working/images/232.jpg
"SanDisk Ultra Dual Drive Go USB Type C Pendrive for Mobile, Navy Blue, 64GB, 5Y Warranty",SanDisk,/kaggle/working/images/2320.jpg
"Classmate Soft Cover 6 Subject Spiral Binding Notebook, Unruled, 300 Pages",Classmate,/kaggle/working/images/2321.jpg
Portronics Adapto III Dual USB Adapter with 1 AC Power Socket 3.4Amp Total Output (White),Portronics,/kaggle/working/images/2322.jpg
"Samsung Galaxy M13 (Stardust Brown, 6GB, 128GB Storage) | 6000mAh Battery | Upto 12GB RAM with RAM Plus",Samsung,/kaggle/working/images/2324.jpg
"STRIFF 12 Pieces Highly Flexible Silicone Micro USB Protector, Mouse Cable Protector, Suit for All Cell Phones, Computers ...",STRIFF,/kaggle/working/images/2325.jpg
"AmazonBasics 24W Phone Charger for Cellular Phones | Fast Charging, Dual Output | Type C and A Adapter (White)",AmazonBasics,/kaggle/working/images/2326.jpg
"CROSSVOLT Tough Rugged Cover for Airpods Pro GEN-2 (2022) Black, Polycarbonate",CROSSVOLT,/kaggle/working/images/2327.jpg
SHREENOVA ID116 Plus Bluetooth Fitness Smart Watch for Men Women and Kids Activity Tracker (Black),SHREENOVA,/kaggle/working/images/233.jpg
"Lapster USB 3.0 sata Cable for 2.5 inch SSD and HDD , USB 3.0 to SATA III Hard Driver Adapter , sata to USB Cable-(Blue)",Lapster,/kaggle/working/images/234.jpg
"Fire-Boltt Gladiator 1.96"" Biggest Display Smart Watch with Bluetooth Calling, Voice Assistant &123 Sports Modes, 8 Unique...",Fire-Boltt,/kaggle/working/images/235.jpg
"Infinity (JBL Glide 510, 72 Hrs Playtime with Quick Charge, Wireless On Ear Headphone with Mic, Deep Bass, Dual Equalizer,...",Infinity,/kaggle/working/images/2352.jpg
"INOVERA World Map Extended Anti Slip Rubber Gaming Stitched Mouse Pad Desk Mat for Computer Laptop (Black, 900L x 400B x 2...",INOVERA,/kaggle/working/images/2353.jpg
"PHILIPS Audio TAE1136 Wired in Ear Earphones with Built in Mic, 10 mm Driver, Powerful bass and Clear Sound",PHILIPS,/kaggle/working/images/2354.jpg
LAPSTER Accessories Power Cable Cord 2 Pin Laptop Adapter and Tape Recorder 1.5M,LAPSTER,/kaggle/working/images/2355.jpg
"Noise ColorFit Pro 2 Full Touch Control Smart Watch with 35g Weight & Upgraded LCD Display,IP68 Waterproof,Heart Rate Moni...",Noise,/kaggle/working/images/2356.jpg
"Original Super Fast Charging 18W Adapter for iQOO Z6 5G, iQOO Z6 Lite 5G, iQOO Z6 Lite, iQOO U5e 5G, iQOO Z8 5G, iQOO U5x ...",Original,/kaggle/working/images/2357.jpg
"AmazonBasics 20W Phone Charger | Type C Adapter, Fast Charging for Cellular Phones (White)",AmazonBasics,/kaggle/working/images/2358.jpg
"JBL Commercial CSLM20 Auxiliary Omnidirectional Lavalier Microphone, Earphone For calls, Video Conferences, And Monitorin...",JBL,/kaggle/working/images/2359.jpg
Portronics Power Plate 5 1500W Power Converter with USB Charger & Mobile Holder 3AC Socket + 3USB Ports I 1.5 m Cord Lengt...,Portronics,/kaggle/working/images/236.jpg
"Fire TV Stick 4K Max streaming device, Wi-Fi 6, Alexa Voice Remote (includes TV controls)",Fire,/kaggle/working/images/2360.jpg
"Tecno Spark 8 Pro (Interstellar Black, 4GB RAM,64GB Storage) | 48MP Triple Camera | 33W Fast Charger",Tecno,/kaggle/working/images/2361.jpg
HP 678 2-Pack Black/Tri-Color Original Ink Advantage Cartridges,HP,/kaggle/working/images/2362.jpg
Lapster 1.5 mtr USB 2.0 Type A Male to USB A Male Cable for computer and laptop,Lapster,/kaggle/working/images/2363.jpg
"Duracell Ultra Alkaline AAA Batteries, Pack of 8",Duracell,/kaggle/working/images/2364.jpg
SD CASS® Hanging Car Rear View Mirror Mobile Phone Holder Mount Stand 360 Degree RotationalCompatible with All Smartphones,SD,/kaggle/working/images/2365.jpg
"Mi Step Out 12 L Mini Backpack (Small Size, Dark Blue, Water Repellant)",Mi,/kaggle/working/images/2366.jpg
"Sony Wh-Ch510 Bluetooth Wireless On Ear Headphones Up-To 35Hrs Playtime Lightweight, Type-C, Play/Pause Control, 30Mm Driv...",Sony,/kaggle/working/images/2367.jpg
"Ambrane Unbreakable 60W / 3A Fast Charging 1.5m Braided Micro USB Cable for Smartphones, Tablets, Laptops & Other Micro US...",Ambrane,/kaggle/working/images/2368.jpg
"POSH Male to Male VGA Cable 1.5 Meter, Support PC/Monitor/LCD/LED, Plasma, Projector, TFT. VGA to VGA Converter Adapter Cable",POSH,/kaggle/working/images/2369.jpg
GIZGA Club-laptop Neoprene Reversible for 15.6-inches Laptop Sleeve - Black-Red,GIZGA,/kaggle/working/images/237.jpg
"ZEBRONICS Zeb-Buds C2 in Ear Type C Wired Earphones with Mic, Braided 1.2 Metre Cable, Metallic Design, 10mm Drivers, in L...",ZEBRONICS,/kaggle/working/images/2370.jpg
"Xiaomi Wired in-Ear Earphones with Mic, Ultra Deep Bass & Metal Sound Chamber (Blue)",Xiaomi,/kaggle/working/images/2371.jpg
AmazonBasics AAA Performance Alkaline Batteries (20-Pack) - Appearance May Vary,AmazonBasics,/kaggle/working/images/2372.jpg
"Mobilife Long Selfie Stick,Extra-long Selfie Stick with Large Reinforced Tripod Stand Upto 61 inch/156 cm,Super Long Mult...",Mobilife,/kaggle/working/images/2373.jpg
"XIAOMI Dual Driver Dynamic Bass in-Ear Wired Earphones with Mic, 10mm & 8mm Dual Dynamic Drivers for Heavy Bass & Crystal-...",XIAOMI,/kaggle/working/images/2374.jpg
"Redmi 11 Prime 5G (Meadow Green, 6GB RAM, 128GB Storage) | Prime Design | MTK Dimensity 700 | 50 MP Dual Cam | 5000mAh | 7...",Redmi,/kaggle/working/images/2375.jpg
"Lava Hero 600i (Sapphire Blue) with Sleek and Stylish Design, 10 Regional Languages Input Support, Auto Call Recording, Wi...",Lava,/kaggle/working/images/2376.jpg
boAt Bassheads 220 Wired in Ear Earphones(Raging Red Indi),boAt,/kaggle/working/images/2377.jpg
"boAt Rockerz 330ANC Bluetooth in Ear Neckband with mic, Crystal Bionic Sound Powered by Dirac Opteo, Active Noise Cancella...",boAt,/kaggle/working/images/2378.jpg
Cello Geltech Fun Glitter Gel Pen | Pack of 10 | Glitter gel pens for art lovers and kids| Glitter pen set | Drawing Pen S...,Cello,/kaggle/working/images/2379.jpg
"SanDisk Ultra Luxe USB 3.1 Flash Drive 64GB, Upto 150MB/s, All Metal, Metallic Silver",SanDisk,/kaggle/working/images/238.jpg
"Noise Buds VS104 Pro Truly Wireless Earbuds with 40H of Playtime, Quad Mic with ENC, Instacharge(10 min=150 min), 14.2mm D...",Noise,/kaggle/working/images/2380.jpg
"Fire-Boltt Ninja 3 Smartwatch Full Touch 1.69 "" & 60 Sports Modes with IP68, Sp02 Tracking, Over 100 Cloud based watch fac...",Fire-Boltt,/kaggle/working/images/2381.jpg
"iQOO Z6 Pro 5G by vivo (Phantom Dusk, 8GB RAM, 128GB Storage) | Snapdragon 778G 5G | 66W FlashCharge | 1300 nits Peak Brig...",iQOO,/kaggle/working/images/2382.jpg
"STRIFF Invisible and Foldable Mobile Stand for Phone, Ultra-Light Phone Card Holder, The Thinnest Vertical Phone Wallet(Bl...",STRIFF,/kaggle/working/images/2384.jpg
CP PLUS 3 MP Full HD Smart Wi-fi CCTV Camera | 360° Pan & Tilt | View & Talk | Motion Alert | Night Vision | SD Card (Up t...,CP,/kaggle/working/images/2385.jpg
"Boult Audio Z40 True Wireless in Ear Earbuds with 60H Playtime, Zen™ ENC Mic, Low Latency Gaming, Type-C Fast Charging, Ma...",Boult,/kaggle/working/images/2386.jpg
"Logitech M235 Wireless Mouse, 1000 DPI Optical Tracking, 12 Month Life Battery, Compatible with Windows, Mac, Chromebook/P...",Logitech,/kaggle/working/images/2387.jpg
"PTron Force X12N 1.85"" Full Touch HD Display Bluetooth Calling Smartwatch, Functional Crown, 580 NITS Brightness, HR, SpO...",PTron,/kaggle/working/images/2388.jpg
HP 678 Tri-Color Ink Cartridge,HP,/kaggle/working/images/2389.jpg
BROTHER TN-B021 Toner Cartridge,BROTHER,/kaggle/working/images/239.jpg
"MI XIAOMI Dual Driver Dynamic Bass in-Ear Wired Earphones with Mic, 10mm& 8mm for Heavy Bass & Crystal Clear Vocals, Passi...",MI,/kaggle/working/images/2390.jpg
Flix Micro Usb Cable For Smartphone (Black),Flix,/kaggle/working/images/2391.jpg
"Redmi 9A Sport (Coral Green, 3GB RAM, 32GB Storage) | 2GHz Octa-core Helio G25 Processor | 5000 mAh Battery",Redmi,/kaggle/working/images/2392.jpg
"Wayona Type C To Type C 65W/3.25A Nylon Braided Fast Charging Cable Compatible For Laptop, Macbook, Samsung Galaxy M33 M53...",Wayona,/kaggle/working/images/2393.jpg
Zebronics Zeb-Alex Wired USB Optical Mouse with 3 Buttons,Zebronics,/kaggle/working/images/2394.jpg
"boAt Newly Launched Wave Style Call with Advanced Dedicated Bluetooth Calling Chip, 600+ Watch Faces, 1.69"" HD Display, He...",boAt,/kaggle/working/images/2395.jpg
"Redgear Shadow Blade Mechanical Keyboard with Drive Customization, Spectrum LED Lights, Media Control Knob and Wrist Suppo...",Redgear,/kaggle/working/images/2396.jpg
KYOSEI Advanced Tempered Glass Compatible with Google Pixel 6a with Military-Grade Anti-Explosion Edge-to-Edge Coverage Sc...,KYOSEI,/kaggle/working/images/2397.jpg
"Duracell Rechargeable AA 2500mAh Batteries, 4 Pcs",Duracell,/kaggle/working/images/2398.jpg
"OLICOM M1 Smart Watch Id-116 Bluetooth Smartwatch Wireless Fitness Band for Boys, Girls, Men, Women & Kids | Sports Gym Wa...",OLICOM,/kaggle/working/images/2399.jpg
"JBL Go 2, Wireless Portable Bluetooth Speaker with Mic, Signature Sound, Vibrant Color Options with IPX7 Waterproof & AUX...",JBL,/kaggle/working/images/24.jpg
"COSTAR Mateband Bluetooth Wireless Neckband Earphones - 24H Playtime, Dual Equalizer Bass Boost Drivers, Metal Magnetic Ea...",COSTAR,/kaggle/working/images/240.jpg
boAt Bassheads 100 Wired in Ear Earphones with Mic (Mint Orange),boAt,/kaggle/working/images/241.jpg
"ZEBRONICS Zeb-Thunder Wireless Bluetooth Over The Ear Headphone FM, mSD, 9 hrs Playback with Mic (Red)",ZEBRONICS,/kaggle/working/images/242.jpg
Electvision Remote Control Compatible with Amazon Fire tv Stick (Pairing Manual Will be Back Side Remote Control)(PP),Electvision,/kaggle/working/images/243.jpg
"Sounce Mouse Pad, Ergonomic Mouse Pad with Comfortable Gel Wrist Rest Support and Lycra Cloth, Non-Slip PU Base for Easy T...",Sounce,/kaggle/working/images/2448.jpg
"pTron Volta Dual Port 12W Smart USB Charger Adapter, Multi-Layer Protection, Made in India, BIS Certified, Fast Charging P...",pTron,/kaggle/working/images/2449.jpg
"Lenovo 300 FHD Webcam with Full Stereo Dual Built-in mics | FHD 1080P 2.1 Megapixel CMOS Camera |Ultra-Wide 95 Lens, Digit...",Lenovo,/kaggle/working/images/245.jpg
"boAt Aavante Bar Orion Soundbar with 160W RMS Signature Sound, 2.1 CH, BT v5.3, Multi-Compatibility Modes, Wired Subwoofe...",boAt,/kaggle/working/images/2450.jpg
Bagneeds Men's Black Synthetic Leather Briefcase Best Laptop Messenger Bag Satchel for Men,Bagneeds,/kaggle/working/images/2451.jpg
"STRIFF Foldable Portable Laptop/Tablet Tabletop Stand with 6 Level Height & Angle Adjustment & Air Ventilation, Anti-Slip ...",STRIFF,/kaggle/working/images/2453.jpg
Cello Aqua Blue Gel Pen Jar of 25 Units || Gel Pens Blue | Jar of 25 Units | Gel Pens Set for Students | Pens for Office U...,Cello,/kaggle/working/images/2454.jpg
"AGARO USB to Type C OTG Cable, On The Go Adapter USB Type C Male to USB Female Compatible with Most Type C Devices",AGARO,/kaggle/working/images/2456.jpg
"boAt Deuce USB 300 2 in 1 Type-C & Micro USB Stress Resistant, Tangle-Free, Sturdy Cable with 3A Fast Charging & 480mbps D...",boAt,/kaggle/working/images/2457.jpg
JBL Tune 130NC True Wireless in Ear Earbuds Active Noise Cancellation (Upto 40dB) Adjust EQ for Extra Bass Massive 40Hrs P...,JBL,/kaggle/working/images/2458.jpg
"JBL C200SI, Premium in Ear Wired Earphones with Mic, Signature Sound, One Button Multi-Function Remote, Angled Earbuds for...",JBL,/kaggle/working/images/2459.jpg
STRIFF Adjustable Laptop Stand Patented Riser Ventilated Portable Foldable Compatible with MacBook Notebook Tablet Tray De...,STRIFF,/kaggle/working/images/246.jpg
Samsung Ehs64 Ehs64Avfwecinu Hands-Free Wired In Ear Earphones With Mic With Remote Note (White),Samsung,/kaggle/working/images/2460.jpg
"keskriva Foldable Wooden Mini Laptop Table for Bed, Study Table with Drawer, Tablet/Mobile Holder for Kids And Adults",keskriva,/kaggle/working/images/2461.jpg
"Samsung Galaxy M32 Prime Edition (Light Blue, 6GB RAM, 128GB)",Samsung,/kaggle/working/images/2462.jpg
"Panasonic eneloop CC61N Portable with USB Input Charger for AA & AAA Rechargeable Batteries, Input AC100‐240V 50‐60HzWhit...",Panasonic,/kaggle/working/images/2463.jpg
"Boult Audio Probass Curve Bluetooth Wireless in Ear Earphones with Mic with Ipx5 Water Resistant, 12H Battery Life & Extra...",Boult,/kaggle/working/images/2464.jpg
"realme narzo 50 5G (Hyper Black, 4GB RAM+64GB Storage) Dimensity 810 5G Processor | 48MP Ultra HD Camera",realme,/kaggle/working/images/2465.jpg
"Camel Artist Acrylic Color Box - 9ml Tubes, 12 Shades",Camel,/kaggle/working/images/2466.jpg
"pTron Pride Indie in-Ear Wired Earphones with Mic, Stereo Sound, 10mm Drivers, Snug-fit Design, Passive Noise Cancellatio...",pTron,/kaggle/working/images/2467.jpg
20W 20 WATT 7MM HOT MELT Glue Gun with ON Off Switch and LED Indicator (Free 10 Transparent Glue Sticks),20W,/kaggle/working/images/247.jpg
"FATMUG Laptop Bag For Men - Convertible Backpack For Office And Travel (Dark Grey,Oxford Fabric)",FATMUG,/kaggle/working/images/2470.jpg
"Lenovo 300 FHD Webcam with Full Stereo Dual Built-in mics | FHD 1080P 2.1 Megapixel CMOS Camera |Ultra-Wide 95 Lens, Digit...",Lenovo,/kaggle/working/images/2472.jpg
"SanDisk 1TB Extreme Portable SSD 1050MB/s R, 1000MB/s W,Upto 2 Meter Drop Protection with IP55 Water/dust Resistance, HW E...",SanDisk,/kaggle/working/images/2473.jpg
"Redmi 10A Sport (Slate Grey, 6GB RAM, 128GB Storage) | 2 Ghz Octa Cor Helio G25 | 5000 mAh Battery | Finger Print Sensor |...",Redmi,/kaggle/working/images/2474.jpg
GIZGA Essentials Universal Silicone Keyboard Protector Skin for 15.6-Inches Laptop (5 X 6 X 3 Inches),GIZGA,/kaggle/working/images/2475.jpg
"Cablet 2.5 Inch SATA USB 3.0 HDD/SSD Portable External Enclosure for 7mm and 9.5mm, Tool-Free Design, Supports UASP Max 6TB",Cablet,/kaggle/working/images/2477.jpg
"Redmi 11 Prime 5G (Thunder Black, 6GB RAM, 128GB Storage) | Prime Design | MTK Dimensity 700 | 50 MP Dual Cam | 5000mAh | ...",Redmi,/kaggle/working/images/2478.jpg
WeCool Moonwalk Mini Earbuds with Magnetic Charging Case IPX5 Wireless Earphones with Digital Battery Indicator for Crisp ...,WeCool,/kaggle/working/images/2479.jpg
Universal Remote Control for All Sony TV for All LCD LED and Bravia TVs Remote,Universal,/kaggle/working/images/248.jpg
D'Addario Bronze Acoustic Guitar Strings_{.010-.050_Extra Light Gauge}_Stainless Steel Material,D'Addario,/kaggle/working/images/2480.jpg
Zebronics Zeb Wonderbar 10 USB Powered 2.0 Computer Speaker with RGB Lights,Zebronics,/kaggle/working/images/2483.jpg
"SanDisk Ultra Luxe USB 3.1 Flash Drive 128GB, Upto 150MB/s, All Metal, Metallic Silver",SanDisk,/kaggle/working/images/2484.jpg
"boAt AUX 500 Indestructible 3.5mm Male to Male Metallic Aux Audio Cable with Gold Plated Connectors for Smartphone, 1.5 Me...",boAt,/kaggle/working/images/2485.jpg
"Nokia 8210 4G Volte keypad Phone with Dual SIM, Big Display, inbuilt MP3 Player & Wireless FM Radio | Blue",Nokia,/kaggle/working/images/2488.jpg
"Nokia C12 Android 12 (Go Edition) Smartphone, All-Day Battery, 4GB RAM (2GB RAM + 2GB Virtual RAM) + 64GB Capacity | Light...",Nokia,/kaggle/working/images/2489.jpg
"Fire-Boltt Gladiator 1.96"" Biggest Display Smart Watch with Bluetooth Calling, Voice Assistant &123 Sports Modes, 8 Unique...",Fire-Boltt,/kaggle/working/images/249.jpg
"Portronics Toad Ergo Vertical Advanced Wireless Ergonomic Mouse 2.4Ghz, 6D Button, Wrist Support, Adjustable DPI Upto 120...",Portronics,/kaggle/working/images/2490.jpg
"TOSHIBA Canvio Basics 1TB Portable External HDD - USB 3.2 for PC Laptop Windows and Mac, 3 Years Warranty, External Hard D...",TOSHIBA,/kaggle/working/images/2493.jpg
"Redmi LCD Writing Pad with Stylus, 21.59 cm(8.5-inch), Smart Lock, ABS Material, Anti-Blue Light Screen, Handwriting Gifts...",Redmi,/kaggle/working/images/2494.jpg
Apple iPhone 13 (128GB) - Blue,Apple,/kaggle/working/images/2495.jpg
SUNMI Bike Phone Mount Anti Shake and Stable Cradle Clamp with 360° Rotation Bicycle Phone Mount/Bike Accessories/Bike Pho...,SUNMI,/kaggle/working/images/2496.jpg
"Scotch 3M BOPP Packaging Brown Tape (Tan) | 48mm x 50 Meter | Pack of 2 | for Packaging, Decorating and DIY",Scotch,/kaggle/working/images/2497.jpg
"ZEBRONICS Zeb-Thunder Wireless Bluetooth Over The Ear Headphone FM, mSD, 9 hrs Playback with Mic (Brown)",ZEBRONICS,/kaggle/working/images/2498.jpg
TP-LINK WiFi Dongle 300 Mbps Mini Wireless Network USB Wi-Fi Adapter for PC Desktop Laptop(Supports Windows 11/10/8.1/8/7/...,TP-LINK,/kaggle/working/images/2499.jpg
"SanDisk Ultra Dual USB Drive 3.1, SDDDC2-256G-I35 256GB, USB 3.1/Type C Reversible Connector, Retractable Design, Type-C O...",SanDisk,/kaggle/working/images/25.jpg
"Ambrane 27000mAh Power Bank, 20W Fast Charging, Triple Output, Type C PD (Input & Output), Quick Charge, Li-Polymer, Mult...",Ambrane,/kaggle/working/images/250.jpg
"Western Digital WD 1.5TB Elements Portable Hard Disk Drive, USB 3.0, Compatible with PC, PS4 and Xbox, External HDD (WDBU6...",Western,/kaggle/working/images/2500.jpg
"WeCool S3 Selfie Stick with Detachable Wireless Remote , 3 in 1 Function Sturdy Tripod Stand and Mobile Stand Bluetooth Se...",WeCool,/kaggle/working/images/2503.jpg
Smart Watch id-116 Men Women Fitness Tracker Blood Pressure Heart Rate Monitor for Girls & Boys with HT1 Wireless Bluetoot...,Smart,/kaggle/working/images/2506.jpg
Fur Jaden Anti Theft Backpack 15.6 Inch Laptop Bag with USB Charging Port,Fur,/kaggle/working/images/2507.jpg
"HP GK320 Wired Full Size RGB Backlight Mechanical Gaming Keyboard, 4 LED Indicators, Mechanical Switches, Double Injection...",HP,/kaggle/working/images/251.jpg
GM 3041 Trio 2 Pin Flex Box 5 Mtr. with Indicator & International Socket,GM,/kaggle/working/images/2510.jpg
"SanDisk Ultra SDHC UHS-I Card 32GB 120MB/s R for DSLR Cameras, for Full HD Recording, 10Y Warranty",SanDisk,/kaggle/working/images/2511.jpg
MI 360 Home Security Wireless Camera 2K Pro with Bluetooth Gateway BLE 4.2 l Dual Band Wi-fi Connection l 3 Million HD 129...,MI,/kaggle/working/images/2512.jpg
Cello Deco Gel Pen | Gel Pens Blue | Jar of 25 Units | Gel Pens for Students | Pens for Office Use | Gel Pens for Writing...,Cello,/kaggle/working/images/2513.jpg
"Digitek Wireless Microphone System for DSLR, Camcorder, Smartphone & Tablet DWM 101",Digitek,/kaggle/working/images/2517.jpg
ZEBRONICS Zeb-Bro Wired Earphone (White),ZEBRONICS,/kaggle/working/images/2518.jpg
"HIFFIN® Helmet Chin Strap Mount with Mobile Clip & Screw Compatible with All Smart Phones Go pro Hero (Helmet Mount KIT, H...",HIFFIN®,/kaggle/working/images/252.jpg
"Zinq UPS for Router Mini UPS for 12V WiFi Router, Fiber Routers and Broadband Modem with Upto 4 Hours Power Backup, Upto 2...",Zinq,/kaggle/working/images/2520.jpg
"F N Finautica Wooden Italian Wooden Crafter Standard Size Tripod Floor Lamp With Jute Shade, Bulb And Holder, Pack Of 1",F,/kaggle/working/images/2522.jpg
MARVIK Soft Silicone Adjustable Band Strap Compatible for Oneplus Smart Band & Oppo Smart Band,MARVIK,/kaggle/working/images/2523.jpg
"Model-P4 6 Way Swivel Tilt Wall Mount 32-55-inch Full Motion Cantilever for LED,LCD and Plasma TV's",Model-P4,/kaggle/working/images/2524.jpg
"Wings Phantom Truly Wireless in Ear Earbuds with LED Battery Indiacator 50ms Low Latency 40Hrs Playtime, MEMS with Mic, Bl...",Wings,/kaggle/working/images/2527.jpg
"iQOO Z6 Lite 5G by vivo (Mystic Night, 4GB RAM, 64GB Storage) | World's First Snapdragon 4 Gen 1 | 120Hz Refresh Rate | 50...",iQOO,/kaggle/working/images/2528.jpg
"boAt Rockerz 330 Pro in-Ear Bluetooth Neckband with 60HRS Playtime, ASAP Charge, ENx Tech, Signature Sound, BT v5.2, Dua...",boAt,/kaggle/working/images/2529.jpg
"Boult Audio Omega True Wireless in Ear Earbuds with 30dB ANC, 32H Playtime, 45ms Xtreme Low Latency Mode, Quad Mic ENC, 3 ...",Boult,/kaggle/working/images/253.jpg
Lakeer Detail Pen Knife With 5 Interchangeable Sharp Blades For Carving & Mat Cutting,Lakeer,/kaggle/working/images/2530.jpg
"Redmi Note 11 (Horizon Blue, 6GB RAM, 64GB Storage)|90Hz FHD+ AMOLED Display | Qualcomm® Snapdragon™ 680-6nm | 33W Charger...",Redmi,/kaggle/working/images/2532.jpg
"Samsung Galaxy M32 Prime Edition (Black, 6GB RAM, 128GB)",Samsung,/kaggle/working/images/2533.jpg
"FACTOR NOTES Notebook: 90 GSM, B6, Ruled, 112 Pages Journal Diary (Cycle)",FACTOR,/kaggle/working/images/2536.jpg
"pTron Volta 12W USB Charger, Fast Charging, Made in India, BIS Certified Single Port USB Wall Adapter Without Cable for Al...",pTron,/kaggle/working/images/2537.jpg
"JBL Tune 760NC, Wireless Over Ear Active Noise Cancellation Headphones with Mic, up to 50 Hours Playtime, Pure Bass, Dual ...",JBL,/kaggle/working/images/254.jpg
Eveready Red 1012 AAA Batteries - Pack of 10,Eveready,/kaggle/working/images/2540.jpg
"Tukzer Gel Mouse Pad Wrist Rest Memory-Foam Ergonomic Mousepad| Cushion Wrist Support & Pain Relief| Suitable for Gaming, ...",Tukzer,/kaggle/working/images/2541.jpg
OneAssist 1 Year Extended Warranty Plan for Headphones 1001 to 2000 - Email Delivery Within 2 Hours,OneAssist,/kaggle/working/images/2542.jpg
OnePlus Type C to 3.5 mm Jack Audio Connector Noise Cancelling Headphones Jack Converter Splitter Audio Adapter for One Pl...,OnePlus,/kaggle/working/images/2543.jpg
RPM Euro Games Gaming Mousepad Speed Type Extended Large (Size - 800 mm x 300 mm x 3 mm),RPM,/kaggle/working/images/255.jpg
"Noise ColorFit Ultra Buzz Bluetooth Calling Smart Watch with 1.75"" HD Display, 320x385 px Resolution, 100 Sports Modes, St...",Noise,/kaggle/working/images/256.jpg
"OnePlus Buds Pro Bluetooth Truly Wireless in Ear Earbuds with mic, Smart Adaptive Noise Cancellation, 10 Minutes Warp Char...",OnePlus,/kaggle/working/images/2568.jpg
DOMS Pencil Smart Kit,DOMS,/kaggle/working/images/2569.jpg
Parker Quink Ink Bottle (Black),Parker,/kaggle/working/images/257.jpg
OnePlus Type-C to 3.5mm Auxiliary Adapter (White),OnePlus,/kaggle/working/images/2570.jpg
"Fire-Boltt Eterno 1.99"" Largest Display, Bluetooth Calling Smartwatch with 1184mm Display Area, AI Voice Assistant, 120+ S...",Fire-Boltt,/kaggle/working/images/2571.jpg
"ZEBRONICS Zeb-Thunder Bluetooth Wireless On Ear Headphone FM, mSD, 9 hrs Playback with Mic (Neon Yellow)",ZEBRONICS,/kaggle/working/images/2572.jpg
"HOLD UP Selfie Stick, Extendable Selfie Stick with Wireless Remote and Tripod Stand, Portable, Lightweight, Compatible wit...",HOLD,/kaggle/working/images/2574.jpg
Lapster USB 3.0 A to Micro B SuperSpeed for hard disk cable - short cable,Lapster,/kaggle/working/images/2575.jpg
"URBN 20000 mAh lithium_polymer Power Bank with 12 Watt Fast Charging, Camo",URBN,/kaggle/working/images/2576.jpg
"Redmi 20000mAh Li-Polymer Power Bank, USB Type C and Micro USB Ports, 18W Fast Charging, Low Power Mode, Black",Redmi,/kaggle/working/images/2577.jpg
"SWAPKART 5-in-1 Cleaning Soft Brush Keyboard Cleaner, Multi-Function Computer Tools Kit Corner Gap Duster Key-Cap Puller f...",SWAPKART,/kaggle/working/images/2578.jpg
"Duracell Rechargeable AA 1300mAh Batteries, 2Pcs",Duracell,/kaggle/working/images/2579.jpg
"Wayona Nylon Braided 3A Lightning to USB A Syncing and Fast Charging Data Cable for iPhone, Ipad (3 FT Pack of 1, Black)",Wayona,/kaggle/working/images/258.jpg
Redmi Note 12 5G Mystique Blue 4GB RAM 128GB ROM | 1st Phone with 120Hz Super AMOLED and Snapdragon® 4 Gen 1 | 48MP AI Tri...,Redmi,/kaggle/working/images/2580.jpg
OnePlus 108 cm (43 inches) Y Series 4K Ultra HD Smart Android LED TV 43Y1S Pro (Black),OnePlus,/kaggle/working/images/2581.jpg
"GoRogue Foldable Wooden Mini Laptop Table for Bed, Study Table with Drawer, Tablet/Mobile Holder for Kids & Adults (Black)",GoRogue,/kaggle/working/images/2582.jpg
"Amazon Basics Capacitive Stylus Pen for iOS and Android Touchscreen Devices, Fine Point Disc Tip, Lightweight Metal Body w...",Amazon,/kaggle/working/images/2583.jpg
Hisense 139 cm (55 inches) Bezelless Series 4K Ultra HD Smart LED Google TV 55A6H (Black),Hisense,/kaggle/working/images/2584.jpg
"SanDisk Ultra 128 GB USB Pen Drive (SDDDC2-128G-G46, Black, Silver)",SanDisk,/kaggle/working/images/2585.jpg
"truke BTG X1 True Gaming in Ear Earbuds with 12mm Titanium Drivers, True Gaming Mode with 20RGB Case Design, 48H Playtime,...",truke,/kaggle/working/images/2586.jpg
"SupCares Edge to Edge Tempered Glass for iQOO Neo 7 5G, iQOO 11 5G and iQOO 9T 5G (6.78 Inch) with Easy Self Installation ...",SupCares,/kaggle/working/images/2589.jpg
"OTOROYS Universal Bike Mount Holder Metal Body 360 Degree Rotating Handlebar Metal Body Cradle Stand for Bicycle, Motorcyc...",OTOROYS,/kaggle/working/images/259.jpg
"GoTrippin Universal Travel Adapter with Dual USB Charger Ports, International Worldwide Charger Plug for Phone, Mobile,Lap...",GoTrippin,/kaggle/working/images/2590.jpg
"D-Link DAP-1325 N 300 Wi-Fi Range Extender, (White)",D-Link,/kaggle/working/images/2591.jpg
"Noise Buds VS104 Pro Truly Wireless Earbuds with 40H of Playtime, Quad Mic with ENC, Instacharge(10 min=150 min), 14.2mm D...",Noise,/kaggle/working/images/26.jpg
Mi Power Bank Boost Pro 30000mAh 18W,Mi,/kaggle/working/images/260.jpg
"Noise ColorFit Ultra SE Smart Watch with 1.75""(4.3cm) HD Display, Aluminium Alloy Body, 60 Sports Modes, Spo2, Lightweigh...",Noise,/kaggle/working/images/261.jpg
Amazon Brand - Solimo TPU Transparent Mobile Soft & Flexible Shockproof Back Cover with Cushioned Edges for iPhone 13- Clear,Amazon,/kaggle/working/images/262.jpg
HP 805 Tri-Color Original Ink Cartridge,HP,/kaggle/working/images/263.jpg
"Samsung 24-inch (60.46cm) 1920 X 1080 Pixels FHD Monitor, IPS, 75 Hz, Bezel Less Design, AMD FreeSync, Flicker Free, HDMI,...",Samsung,/kaggle/working/images/264.jpg
CLAVIER Neo Wired in Ear Earphone with Mic (Neo Grey),CLAVIER,/kaggle/working/images/265.jpg
"Silicone Rubber Earbuds Tips, Eartips, Earpads, Earplugs, for Replacement in Earphones and Bluetooth Medium Size (10 Pcs B...",Silicone,/kaggle/working/images/266.jpg
"truke Buds S2 Lite True Wireless in Ear Earbuds with MEMS Quad-Mic ENC, 48H Playtime, 10mm Real Titanium Speaker, Gaming M...",truke,/kaggle/working/images/2664.jpg
boAt Bassheads 242 in Ear Wired Earphones with Mic(Spirit Lime),boAt,/kaggle/working/images/2665.jpg
"Tecno POP 7 Pro (Endless Black, 2GB RAM,64GB Storage) | Type C Port | 12MP Dual Camera | Up to 4GB RAM with Memory Fusion",Tecno,/kaggle/working/images/2668.jpg
"PTron Newly Launched Musicbot Lite 5W Mini Bluetooth Speaker with 6Hrs Playtime, Immersive Sound, 40mm Driver, BT5.1 with ...",PTron,/kaggle/working/images/267.jpg
"Tygot 10"" Portable LED Ring Light with 3 Color Modes Dimmable Lighting | for YouTube | Photo-Shoot | Video Shoot | Live St...",Tygot,/kaggle/working/images/2671.jpg
"truke Buds S1 Bluetooth Truly Wireless in Ear Earbuds with mic, Environmental Noise Cancellation(ENC) | Up to 72hrs of Pla...",truke,/kaggle/working/images/2672.jpg
"Western Digital WD 2TB Elements Portable Hard Disk Drive, USB 3.0, Compatible with PC, PS4 and Xbox, External HDD (WDBHDW0...",Western,/kaggle/working/images/2673.jpg
"boAt Xtend Talk with Advanced Dedicated Bluetooth Calling Chip, Built-in Alexa, 1.69"" HD Display, Premium Design, 60+ Spor...",boAt,/kaggle/working/images/2674.jpg
Lunar's Bingo - 48 L Laptop Office/School/Travel/Business Backpack Water Resistant - Fits Up to 15.6 Inch Laptop Notebook ...,Lunar's,/kaggle/working/images/2675.jpg
"boAt Newly Launched Rockerz 255 Max in Ear Earphones with 60H Playtime, EQ Modes, Power Magnetic Earbuds, Beast™ Mode,ENx™...",boAt,/kaggle/working/images/2677.jpg
"STRIFF Multi Angle Tablet/Mobile Stand. Holder for iPhone, Android, Samsung, OnePlus, Xiaomi. Portable,Foldable Stand.Perf...",STRIFF,/kaggle/working/images/2678.jpg
"BROLAVIYA Overhead Video Tabletop Stand Phone Holder, Metal Long Lazy Arm and Bracket for All Mobiles Phone, for Streaming...",BROLAVIYA,/kaggle/working/images/2679.jpg
GM 3012 3 Pin Travel Universal Multi-Plug with Surge Protector & Indicator (1),GM,/kaggle/working/images/268.jpg
"ProElite Faux Leather Smart Flip Case Cover for Apple iPad 10.2"" 9th Gen (2021) / 8th Gen / 7th Gen with Stylus Pen, Black",ProElite,/kaggle/working/images/2681.jpg
"pTron Tangentbeat in-Ear Bluetooth 5.0 Wireless Headphones with Mic, Enhanced Bass, 10mm Drivers, Clear Calls, Fast Chargi...",pTron,/kaggle/working/images/2682.jpg
TheGiftKart Ultra-Hybrid Clear Back Case Cover for iPhone 12/12 PRO | Shockproof Design | Camera Protection Bump | Hard Ba...,TheGiftKart,/kaggle/working/images/2683.jpg
"Infinity (JBL Glide 120, in Ear Wireless Earphones with Mic, Deep Bass, Dual Equalizer, 12mm Drivers, Premium Metal Earbud...",Infinity,/kaggle/working/images/2684.jpg
"Boult Audio Omega True Wireless in Ear Earbuds with 30dB ANC, 32H Playtime, 45ms Xtreme Low Latency Mode, Quad Mic ENC, 3 ...",Boult,/kaggle/working/images/2685.jpg
"Samsung 253L 3 Star Inverter Frost Free Double Door Refrigerator (RT28T3743S8/HL, Silver, Elegant Inox, Convertible, 2022 ...",Samsung,/kaggle/working/images/2686.jpg
"SupCares Edge to Edge Tempered Glass for Samsung Galaxy M33 5G, Galaxy M13, Galaxy M13 5G, Galaxy M23 5G, Galaxy A23, and ...",SupCares,/kaggle/working/images/2687.jpg
"ZEBRONICS Zeb- Haze 2.4GHz Wireless Mouse with up to 1200 DPI, Power Saving Mode, Nano Receiver and Plug & Play Usage - Grey",ZEBRONICS,/kaggle/working/images/2689.jpg
OnePlus 80 cm (32 inches) Y Series HD Ready Smart Android LED TV 32 Y1S (Black),OnePlus,/kaggle/working/images/269.jpg
"ZEBRONICS Zeb- Haze 2.4GHz Wireless Mouse with up to 1200 DPI, Power Saving Mode, Nano Receiver and Plug & Play Usage - Grey",ZEBRONICS,/kaggle/working/images/2690.jpg
OnePlus 80 cm (32 inches) Y Series HD Ready Smart Android LED TV 32 Y1S (Black),OnePlus,/kaggle/working/images/2691.jpg
Wipro Flex Box with Universal Socket and 4 meter long cord,Wipro,/kaggle/working/images/2692.jpg
"Portronics Clean M Multifunctional 8-in-1 Gadget Cleaning Kit with Mobile Holder for Smartphone, Tablet, Laptop, Earbuds(W...",Portronics,/kaggle/working/images/2694.jpg
"Amazon Basics USB 2.0 Cable - A-Male to B-Male - for Personal Computer, Printer- 6 Feet (1.8 Meters), Black",Amazon,/kaggle/working/images/2697.jpg
TP-Link AC600 600 Mbps WiFi Wireless Network USB Adapter for Desktop PC with 2.4GHz/5GHz High Gain Dual Band 5dBi Antenna ...,TP-Link,/kaggle/working/images/2699.jpg
"Genie Glitter Backpack for Women - 3 compartments, Laptop Bags for Girls, Stylish and Trendy College Backpacks for Girls, ...",Genie,/kaggle/working/images/27.jpg
"Zebronics ZEB-VITA Wireless Bluetooth 10W Portable Bar Speaker With Supporting USB, SD Card, AUX, FM, TWS & Call Function",Zebronics,/kaggle/working/images/270.jpg
"SKADIOO 2 Pieces Universal Travel Adapter, Adapter, Travel Adapter, Universal Adapter, Adapter Charger, International Adap...",SKADIOO,/kaggle/working/images/2701.jpg
"AmazonBasics Whiteboard Drywipe Magnetic with Pen Tray and Aluminium Trim,Includes 6 magnets, 1 eraser, and 2 dry-erase ma...",AmazonBasics,/kaggle/working/images/2702.jpg
"TP-Link AC1200 Mbps Archer A6 Smart WiFi, 5GHz Gigabit Dual Band MU-MIMO Wireless Internet Router, Long Range Coverage by ...",TP-Link,/kaggle/working/images/2703.jpg
"Sony HT-S20R Real 5.1ch Dolby Digital Soundbar for TV with subwoofer and Compact Rear Speakers, 5.1ch Home Theatre System...",Sony,/kaggle/working/images/2704.jpg
ENVIE ECR-20 Charger for AA & AAA Rechargeable Batteries,ENVIE,/kaggle/working/images/2705.jpg
"URBN 10000 mAh lithium_polymer Power Bank with 22.5 Watt Super Fast Charging, Blue",URBN,/kaggle/working/images/2708.jpg
"boAt Type C A750 Stress Resistant, Tangle-free, Sturdy Flat Cable with 6.5A Fast Charging & 480Mbps Data Transmission, 100...",boAt,/kaggle/working/images/2709.jpg
"AmazonBasics Whiteboard Drywipe Magnetic with Pen Tray and Aluminium Trim,Includes 6 magnets, 1 eraser, and 2 dry-erase ma...",AmazonBasics,/kaggle/working/images/271.jpg
HUMBLE Phone Holder for Bike/Bicycle for Phones/Mobile (Up to 7 Inches) (Updated 2023),HUMBLE,/kaggle/working/images/2710.jpg
POPIO Bluetooth Remote Controller Shutter Button for Selfie Stick Widely Compatible with All Devices,POPIO,/kaggle/working/images/2712.jpg
"Palazzo Foldable Wooden Laptop Bed Tray Table, Multifunction Lap Tablet Desk with Cup Holder, Perfect for Eating Breakfas...",Palazzo,/kaggle/working/images/2713.jpg
boAt Bassheads 105 Wired in Ear Earphones with Mic (White),boAt,/kaggle/working/images/2717.jpg
"Dyazo 6 Angle Foldable & Portable Laptop Riser Stand Made with Aluminum Alloy |Compatible for Dell, Mac Book Air/Pro, Leno...",Dyazo,/kaggle/working/images/2718.jpg
"ARISTO Multipurpose Plastic Storage Container Box with Wheels 25 LTR (Clear, Transparent), (45.8 x 34 x 26) cm",ARISTO,/kaggle/working/images/2719.jpg
Zoul USB C 60W Fast Charging 3A 6ft/2M Long Type C Nylon Braided Data Cable Quick Charger Cable QC 3.0 for Samsung Galaxy ...,Zoul,/kaggle/working/images/272.jpg
"KINGONE Upgraded Stylus Pen, iPad Pencil, Ultra High Precision & Sensitivity, Palm Rejection, Prevents False ON/OFF Touch,...",KINGONE,/kaggle/working/images/2720.jpg
"Camel Fabrica Acrylic Ultra Color - 15ml Each, 10 Shades",Camel,/kaggle/working/images/2724.jpg
"Seagate One Touch 2TB External HDD with Password Protection – Light Blue, for Windows and Mac, with 3 yr Data Recovery Ser...",Seagate,/kaggle/working/images/2725.jpg
"AmazonBasics Bluetooth Speaker 5.0 Soundbar with 16W RMS, 2000mAh Battery, Upto 19 Hrs Playtime Aux/USB Port (Grey)",AmazonBasics,/kaggle/working/images/2726.jpg
"gaiatop Small Table Fan, 6.5 Inch Ultra-quiet, 90° Adjustment for Better Cooling, 3 Speeds Portable Mini Powerful Desktop ...",gaiatop,/kaggle/working/images/2727.jpg
"Fire-Boltt Ring 3 Smart Watch 1.8 Biggest Display with Advanced Bluetooth Calling Chip, Voice Assistance,118 Sports Modes,...",Fire-Boltt,/kaggle/working/images/2728.jpg
CASE PLUS 3.5 mm Headphone Jack Lightning Adapter Connector Only Supported Music Control Audio Adapter for iPhone-New - 20...,CASE,/kaggle/working/images/273.jpg
Fastrack Reflex Vox Smartwatch|Alexa Built-In|Bright HD Display|Upto 10 Days Battery|5 ATM Water Resistance|Multiple Sport...,Fastrack,/kaggle/working/images/2734.jpg
Wacom One by CTL-472/K0-CX Digital Drawing Graphics Pen Tablet (Red & Black) Small (6-inch x 3.5-inch)(15x8cm) | Battery F...,Wacom,/kaggle/working/images/2735.jpg
"Ambrane 10000mAh Magnetic Wireless Power Bank for iPhone 12 & Above, 22.5W Wired + 15W Wireless Charging, Mobile Stand, Ty...",Ambrane,/kaggle/working/images/276.jpg
"MAGBOT Q9 Smart Watch for Men & Women Latest Bluetooth 1.3"" LED with Daily Activity Tracker, Heart Rate Sensor, BP Monito...",MAGBOT,/kaggle/working/images/2760.jpg
"iQOO Neo 7 5G (Frost Blue, 12GB RAM, 256GB Storage) | Dimensity 8200, only 4nm Processor in The Segment | 50% Charge in 10...",iQOO,/kaggle/working/images/2763.jpg
ZEBRONICS Zeb-Bang Wireless Bluetooth Over The Ear Headphone with Mic and and Playback time 16 hrs (Blue),ZEBRONICS,/kaggle/working/images/2764.jpg
"Portronics SoundDrum 1 10W TWS Portable Bluetooth 5.0 Speaker with Powerful Bass, Inbuilt-FM & Type C Charging Cable Inclu...",Portronics,/kaggle/working/images/2766.jpg
"Camel Artists Fixative Spray, 200ml",Camel,/kaggle/working/images/2767.jpg
"Fire-Boltt Tank 1.85"" Outdoor Rugged Bluetooth Calling Smart Watch, 123 Sports Mode, 8 UI Interactions, Built in Speaker &...",Fire-Boltt,/kaggle/working/images/2768.jpg
"rts (2 PACK )USB Type C USB 3.1 Type C Female to USB Male Adapter Connector Converter Works with Laptops,Chargers Compatib...",rts,/kaggle/working/images/277.jpg
ProElite Smart Case for iPad 10.2 inch 2021 9th/8th/7th Gen [Auto Sleep/Wake Cover] [Pencil Holder] [Soft Flexible Case] R...,ProElite,/kaggle/working/images/2772.jpg
"POPIO Tempered Glass Screen Protector for Samsung Galaxy Watch 4, Samsung Galaxy Watch 5 (44mm) (1.4"" inch), Pack of 2",POPIO,/kaggle/working/images/2774.jpg
Navneet Youva | Spiral Long Book For Students And Executives | Spiral Bound With Safety Lock | A4 Size - 21 X 29.7 Cm | Si...,Navneet,/kaggle/working/images/2779.jpg
"RPM Euro Games Laptop/PC Controller Wired for Windows - 7, 8, 8.1, 10 and XP, Ps3(Upgraded with XYAB Buttons)",RPM,/kaggle/working/images/278.jpg
"Tukzer Capacitive Stylus Pen for Touch Screens Devices, Fine Point, Lightweight Metal Body with Magnetism Cover Cap for Sm...",Tukzer,/kaggle/working/images/2780.jpg
"Inefable® Earphone Headphone Case Pouch Cover Carrying Case for Earphones , Headset , Pen Drives , SD Cards , All Mobile A...",Inefable®,/kaggle/working/images/2781.jpg
"boAt Airdopes 121 PRO True Wireless in Ear Earbuds Signature Sound, Quad Mic ENx, Beast Mode for Gaming, 40H Playtime, IW...",boAt,/kaggle/working/images/2782.jpg
Redmi Note 12 5G Matte Black 4GB RAM 128GB ROM | 1st Phone with 120Hz Super AMOLED and Snapdragon® 4 Gen 1 | 48MP AI Tripl...,Redmi,/kaggle/working/images/279.jpg
"boAt Wave Lite Smartwatch with 1.69"" HD Display, Heart Rate & SpO2 Level Monitor, Multiple Watch Faces, Activity Tracker, ...",boAt,/kaggle/working/images/28.jpg
Crucial MX500 500GB 6.35 cm (2.5-inch) SSD,Crucial,/kaggle/working/images/280.jpg
boAt Bassheads 242 in Ear Wired Earphones with Mic(Blue),boAt,/kaggle/working/images/2809.jpg
"Ambrane 20000 mAh Lithium Polymer Stylo-20k Power Bank with 20 Watt Fast Charging, 2 USB,Type C Port,Green",Ambrane,/kaggle/working/images/281.jpg
"Samsung 6.0 Kg Inverter 5 Star Fully-Automatic Front Loading Washing Machine (WW60R20GLMA/TL, White, Hygiene Steam)",Samsung,/kaggle/working/images/2810.jpg
"DR VAKU® 2 IN 1 PD QC 20W Dual Port Fast Charger Type C Adapter for iPhone 14, iPhone 13, iPhone 12 Series, Samsung Galaxy...",DR,/kaggle/working/images/2812.jpg
"HP Deskjet 2331 Colour Printer, Scanner and Copier for Home/Small Office, Compact Size, Reliable, Easy Set-Up Through HP S...",HP,/kaggle/working/images/2813.jpg
"HP 682 Tri-Color Original Ink Cartridge, Compatible 2335, 2338,2776,2778,6075, 4178 Printer Models",HP,/kaggle/working/images/2814.jpg
"EMBOX Cube Extension Boards with USB Port with Universal Sockets and USB (2.4 A) Charging Ports (QC 3.0) with Indicator, ...",EMBOX,/kaggle/working/images/2816.jpg
"AirCase Protective Laptop Bag Sleeve fits Upto 14.1"" Laptop/ MacBook, Wrinkle Free, Padded, Waterproof Light Neoprene case...",AirCase,/kaggle/working/images/2817.jpg
"Sony MDR-ZX110AP Wired On-Ear Headphones with tangle free cable, 3.5mm Jack, Headset with Mic for phone calls and 1 Year W...",Sony,/kaggle/working/images/282.jpg
"realme Pad Mini WiFi Tablet | 3GB RAM 32GB ROM (Expandable), 22.1cm (8.7 inch) Cinematic Display | 6400 mAh Battery | Dual...",realme,/kaggle/working/images/2820.jpg
Firebolt 360 SpO2 Smart Watch Charger 2 Pin USB Fast Charger Magnetic Charging Cable Adapter (Smart Watch Charger 2 pin),Firebolt,/kaggle/working/images/2827.jpg
Zerfa 5 in 1 Soft Brush Multi-Function Cleaning Tools Kit for Keyboard & Earphone Cleaner Soft High-Density Brush Set with...,Zerfa,/kaggle/working/images/2828.jpg
"boAt LTG 650 Type C to Lightning Apple MFi Certified Cable with Spaceship Grade Aluminum Housing,3A Power Delivery Fast Ch...",boAt,/kaggle/working/images/2829.jpg
Bennett™ Mystic Formal Business Briefcase Bag Crossbody Messenger College Bags For Men Women MacBook INoteBook ITablet Lap...,Bennett™,/kaggle/working/images/283.jpg
Cosmic Byte ARES Wireless Controller for PC (Black),Cosmic,/kaggle/working/images/2830.jpg
"pTron Bassbuds Fute 5.1 Bluetooth Truly Wireless Featherlite TWS in Ear Earbuds with Mic 25Hrs Playtime, 13Mm Dynamic Driv...",pTron,/kaggle/working/images/284.jpg
Portronics Adapto ONE POR-1104 3A Fast Charging Adapter with 1M Type C Cable (White),Portronics,/kaggle/working/images/285.jpg
"Nokia 2660 Flip 4G Volte keypad Phone with Dual SIM, Dual Screen, inbuilt MP3 Player & Wireless FM Radio | Blue",Nokia,/kaggle/working/images/2857.jpg
HP GT 53 XL Cartridge Ink,HP,/kaggle/working/images/2859.jpg
"Luxor 5 Subject Single Ruled Notebook - A5 Size, 70 GSM, 300 Pages",Luxor,/kaggle/working/images/286.jpg
"Portronics Modesk 101 Wall Hanging Mobile Holder Wall Mount with Adhesive Strips, Charging Holder Compatible with iPhone, ...",Portronics,/kaggle/working/images/2860.jpg
"boAt A400 USB Type-C to USB-A 2.0 Male Data Cable, 2 Meter (Black)",boAt,/kaggle/working/images/2861.jpg
"Portronics Modesk 101 Wall Hanging Mobile Holder Wall Mount with Adhesive Strips, Charging Holder Compatible with iPhone, ...",Portronics,/kaggle/working/images/2863.jpg
"boAt A400 USB Type-C to USB-A 2.0 Male Data Cable, 2 Meter (Black)",boAt,/kaggle/working/images/2864.jpg
Crucial BX500 1TB 3D NAND SATA 6.35 cm (2.5-Inch) Internal SSD - CT1000BX500SSD1,Crucial,/kaggle/working/images/2866.jpg
Google Pixel 6 Charger Original [Compatible] with Google Pixel 6 / Google Pixel 6A / Google Pixel 6 Pro Adapter/Google Pix...,Google,/kaggle/working/images/2867.jpg
"JBL Endurance Run 2, Sports in Ear Wired Earphones with Mic, Pure Bass, Sweatproof, Flexsoft eartips, Magnetic Earbuds, Fl...",JBL,/kaggle/working/images/2868.jpg
"Samsung Original Type C to C Cable - 3.28 Feet (1 Meter), Black",Samsung,/kaggle/working/images/2869.jpg
"Samsung Guru Music 2 315 (GT-B315, White) (SM-B315EZWDINS)",Samsung,/kaggle/working/images/287.jpg
"ZEBRONICS Zeb-VITA Wireless Bluetooth 10W Portable Bar Speaker with Supporting USB, SD Card, AUX, FM, TWS & Call Function....",ZEBRONICS,/kaggle/working/images/2872.jpg
"Amazon Basics Laptop Stand, Height-Adjustable, Foldable, Portable, Ventilated, Fits Up to 15.6-Inch Laptops (Aluminium All...",Amazon,/kaggle/working/images/2873.jpg
"OneAssist 1 Year Extended Warranty for Smartwatch 3001 to 5000 - Email Delivery Within 2 Hours, No Physical Kit",OneAssist,/kaggle/working/images/2874.jpg
"Lenovo 600 Bluetooth 5.0 Silent Mouse: Compact, Portable, Dongle-Free Multi-Device connectivity with Microsoft Swift Pair...",Lenovo,/kaggle/working/images/2875.jpg
"Samsung Dolby Digital Bluetooth Soundbar (HW-T42E/XL, Black, 2.1 Channel)",Samsung,/kaggle/working/images/2877.jpg
"Samsung Galaxy S21 FE 5G (Graphite, 8GB, 128GB Storage)",Samsung,/kaggle/working/images/2880.jpg
Crucial RAM 8GB DDR4 2666 MHz CL19 Laptop Memory CT8G4SFRA266,Crucial,/kaggle/working/images/2882.jpg
Nokia 105 Single SIM (Pink),Nokia,/kaggle/working/images/2884.jpg
"boAt Rockerz 450 Bluetooth On Ear Headphones with Mic, Upto 15 Hours Playback, 40MM Drivers, Padded Ear Cushions, Integrat...",boAt,/kaggle/working/images/2886.jpg
Radhe Flutes | Right Handed C Natural With Velvet Cover | Tuned With Tanpura A=440Hz | PVC Fiber,Radhe,/kaggle/working/images/2887.jpg
"Infinity (JBL Glide 120, in Ear Wireless Earphones with Mic, Deep Bass, Dual Equalizer, 12mm Drivers, Premium Metal Earbud...",Infinity,/kaggle/working/images/2888.jpg
"Energizer E96BP AAAA Alkaline Battery (2 Pieces), Silver",Energizer,/kaggle/working/images/2889.jpg
"ZEBRONICS Sound Feast 50, 14 W Portable Speaker Supporting Bluetooth, Pendrive Slot, mSD Card, FM, Call Function (Black)",ZEBRONICS,/kaggle/working/images/2891.jpg
PIDILITE Fevicryl Water Based Glass Colours 10 Assorted (115ml),PIDILITE,/kaggle/working/images/2893.jpg
"Onelap GO - Wireless GPS Tracker with Voice Listen for School Kids, Car, Scooty, Truck or Anything with 1 Year sim Card +...",Onelap,/kaggle/working/images/2894.jpg
"TP-Link Nano AC600 USB Wi-Fi Adapter(Archer T2U Nano)- 2.4G/5G Dual Band Wireless Network Adapter for PC Desktop Laptop, M...",TP-Link,/kaggle/working/images/2895.jpg
"Lenovo 400 Wireless Mouse, 1200DPI Optical Sensor, 2.4GHz Wireless Nano USB, 3-Button (Left,Right,Scroll) Upto 8M Left/Rig...",Lenovo,/kaggle/working/images/2896.jpg
SanDisk Ultra Flair 32 GB USB 3.0 Pen Drive (Silver),SanDisk,/kaggle/working/images/2897.jpg
"ZEBRONICS Zeb-Jaguar Wireless Mouse, 2.4GHz with USB Nano Receiver, High Precision Optical Tracking, 4 Buttons, Plug & Pla...",ZEBRONICS,/kaggle/working/images/2899.jpg
"Fire-Boltt Ring 3 Smart Watch 1.8"" Biggest Display Advanced Bluetooth Calling Chip, Voice Assistance,118 Sports Modes, in ...",Fire-Boltt,/kaggle/working/images/29.jpg
"JGD PRODUCTS HDTV2AV, HDMI2AV Up Scaler 1080P HDMI to AV Composite Video Audio Converter Adapter Media Streaming Device",JGD,/kaggle/working/images/2900.jpg
"Noise ColorFit Pulse Smartwatch with 3.56 cm (1.4"") Full Touch HD Display, SpO2, Heart Rate, Sleep Monitors & 10-Day Batte...",Noise,/kaggle/working/images/2901.jpg
"boAt Rockerz 245 pro Bluetooth in Ear Neckband with Beast Mode(Super Low Latency) for Gaming, ENx Tech for Clear Calls, AS...",boAt,/kaggle/working/images/2902.jpg
"Boult Audio Airbass Fx1 Bluetooth Truly Wireless in Ear Earbuds with Mic with 32H Total Playtime, Type-C Fast Charging, To...",Boult,/kaggle/working/images/2903.jpg
Xtore® Universal Mobile Phone Holder & Tablet Holder with 360° Rotation,Xtore®,/kaggle/working/images/2928.jpg
"MI Outdoor Bluetooth Speaker (5W) Up to 20 Hours Battery Life, Dynamic Sound Effect, Bluetooth 5.0, IPX5 Splash Proof, Com...",MI,/kaggle/working/images/2929.jpg
"ZEBRONICS Zeb-JUKEBAR 3900, 80W Multimedia soundbar with subwoofer Supporting Bluetooth, HDMI(ARC), Coaxial Input, AUX, US...",ZEBRONICS,/kaggle/working/images/2932.jpg
Onsitego 1 Year Extended Warranty for Small Household Appliances from Rs. 1501-2000 (Email Delivery - No Physical Kit),Onsitego,/kaggle/working/images/2933.jpg
"Redmi Smart Band Pro SportsWatch- 3.73 cm (1.47) Large AMOLED Display, Always On Display, Continuous Sleep, HR, Stress and...",Redmi,/kaggle/working/images/2934.jpg
"Ant Value FKBRI02 / Spill-Resistant, Silent Keys, DPI Mouse & KB Combo Wired Desktop KB, USB Keyboard Mouse Set (Black) Ga...",Ant,/kaggle/working/images/2936.jpg
Sounce 3.5 mm Headphone Jack Adapter Connector Only Supported Music Control Audio Adapter for iPhone 13Mini/13/13 Pro/13 P...,Sounce,/kaggle/working/images/2937.jpg
Cello Colour Bombs Coloured Ink Gel Pens | Pack of 10 | 10 Vivid Ink Colours | Coloured Gel Pens | Gel Pen for Students| I...,Cello,/kaggle/working/images/2938.jpg
"boAt Xtend Smart Watch with Alexa Built-in, 1.69” HD Display, Multiple Watch Faces, Stress Monitor, HR & SpO2 Monitoring, ...",boAt,/kaggle/working/images/2940.jpg
Apple iPhone 13 (128GB) - Blue,Apple,/kaggle/working/images/2941.jpg
"boAt Stone 620 Bluetooth Speaker with 12W RMS Stereo Sound, 10HRS Playtime, TWS Feature, IPX4, Multi-Compatibility Mode(Blue)",boAt,/kaggle/working/images/2942.jpg
Sounce Ethernet Adapter USB to RJ45 LAN Wired Adapter Compatible for Nintendo Switch Wii Wii U MacBook Chromebook Windows ...,Sounce,/kaggle/working/images/2943.jpg
"DIGITEK® (DTR-200MT) (18 CM) Portable & Flexible Mini Tripod with Mobile Holder & 360 Degree Ball Head, For Smart Phones, ...",DIGITEK®,/kaggle/working/images/2944.jpg
"Nokia G21 Android Smartphone, Dual SIM, 3-Day Battery Life, 6GB RAM + 128GB Storage, 50MP Triple AI Camera | Nordic Blue",Nokia,/kaggle/working/images/2945.jpg
Cello Pinpoint Ball Pen | Pack of 10 | Blue Ball Pens | Lightweight Ball Pens | Pens with Grip | Ball pens set for School ...,Cello,/kaggle/working/images/2947.jpg
Apsara Platinum Pencils Value Pack - Pack of 20,Apsara,/kaggle/working/images/2948.jpg
"OnePlus Nord Watch with 1.78” AMOLED Display, 60 Hz Refresh Rate, 105 Fitness Modes, 10 Days Battery, SPO2, Heart Rate, St...",OnePlus,/kaggle/working/images/2949.jpg
"realme narzo 50A Prime (Flash Black, 4GB RAM+128GB Storage) FHD+ Display | 50MP AI Triple Camera (No Charger Variant)",realme,/kaggle/working/images/2950.jpg
AmazonBasics Compact Portable Digital Tyre Inflator with Carrying Case,AmazonBasics,/kaggle/working/images/2951.jpg
Robustrion [Anti-Scratch] & [Smudge Proof] [S Pen Compatible] Premium Tempered Glass Screen Protector for Samsung Tab S6 L...,Robustrion,/kaggle/working/images/2976.jpg
"ZEBRONICS Zeb-U725 600VA UPS for Desktop/PC/Computers (not for Routers) with Automatic Voltage Regulation, Black",ZEBRONICS,/kaggle/working/images/2977.jpg
"Gaiatop Mini Portable Fan, Powerful Hand Fan Dual Motors Personal Small Handheld Fan with Base, Cute Design 3 Speed Lightw...",Gaiatop,/kaggle/working/images/2979.jpg
"SanDisk Ultra 64 GB USB Pen Drives (SDDDC2-064G-I35, Black, Silver)",SanDisk,/kaggle/working/images/2980.jpg
"Fusion T500 Smartwatch with Heart Rate and Blood Pressure Monitor for Men & Women, Bluetooth Calling, Sleep Monitor, Oxyge...",Fusion,/kaggle/working/images/2981.jpg
"COSTAR Mateband Bluetooth Wireless Neckband Earphones - Adjust EQ for Bombastic Bass, 24 Hours Playtime, Magnetic Instant ...",COSTAR,/kaggle/working/images/2982.jpg
iTronix Replacement USB Charging Cable for Noise ColorFit Pro 4 / Pro 4 Max / Pro 3 / ColorFit Pulse / Pulse Grand / Pulse...,iTronix,/kaggle/working/images/2983.jpg
Gear Classic 20L Faux Leather Water Resistant Anti Theft Laptop Bag/Backpack for Men/Women-Brown,Gear,/kaggle/working/images/2984.jpg
"Fire-Boltt Ninja Call Pro Smart Watch Dual Chip Bluetooth Calling, AI Voice Assistance with HD Display, 100 Sports Modes, ...",Fire-Boltt,/kaggle/working/images/2985.jpg
"Foxin FTC 12A Laser Printer Cartridge Compatible with 1020, M1005, 1018, 1010, 1012, 1015, 1022, 1022N, 1022NW, 3015, 302...",Foxin,/kaggle/working/images/2986.jpg
"Panasonic Eneloop CC55N Smart and Quick Charger for AA & AAA Rechargeable Batteries,Input AC100V‐240V 50‐60HZ,Charging Out...",Panasonic,/kaggle/working/images/2987.jpg
Tough Lee Tempered Glass Screen Guard Protector for Samsung Galaxy F04 / M04 / M13 / M13 5G / M33 5G / M42 5G / M12 / M02...,Tough,/kaggle/working/images/2989.jpg
"Humble Stainless Steel 19mm Chain Strap with Magnetic Buckle Compatible with Noise Colorfit Pro 2 , Boat Storm Smart Watch...",Humble,/kaggle/working/images/2993.jpg
D-Link DWA-131 300 Mbps Wireless Nano USB Adapter (Black),D-Link,/kaggle/working/images/2996.jpg
HUMBLE® Spiral Charger Cable Protector Data Cable Saver Charging Cord Protective Cable Cover Set of 2 (8 Pieces),HUMBLE®,/kaggle/working/images/2998.jpg
"Logitech MK235 Wireless Keyboard and Mouse Set for Windows, 2.4 GHz Wireless Unifying USB Receiver, 15 FN Keys, Long Batte...",Logitech,/kaggle/working/images/3.jpg
Faber-Castell Fine Textliner - Pack of 5 (Assorted),Faber-Castell,/kaggle/working/images/3000.jpg
"Mi USB 18W Dual Port Charger|Dual USB Port|Certified Qualcomm Quick Charge 3.0| Compatible for Mobile, Headphones, TWS, Ga...",Mi,/kaggle/working/images/3002.jpg
"Noise Flair Bluetooth Wireless in Ear Earphones with Mic Dual Smart with Touch Controls, 35 Hour Playtime, Environmental C...",Noise,/kaggle/working/images/3006.jpg
"Amazon Basics Micro Usb Fast Charging Cable For Android Phones With Gold Plated Connectors (3 Feet, Black)",Amazon,/kaggle/working/images/3007.jpg
Bestor Portable LCD Writing Tablet 10 inches Paperless Memo Digital Tablet Pad for Writing/Drawing/Scribble Board/Erasable...,Bestor,/kaggle/working/images/3008.jpg
Qubo Smart Cam 360 from Hero Group | Made in India | 2MP 1080p Full HD | CCTV Wi-Fi Camera | 360 Degree Coverage| Two Way ...,Qubo,/kaggle/working/images/3011.jpg
"NoiseFit Force Rugged Round Dial Bluetooth Calling Smart Watch with 1.32"" HD screen, Functional Crown, 550 NITS, 7 days ba...",NoiseFit,/kaggle/working/images/3012.jpg
Wayona USB Type C 65W Fast Charging 2M/6Ft Long Flash Charge Cable 3A QC 3.0 Data Cable Compatible with Samsung Galaxy S21...,Wayona,/kaggle/working/images/3013.jpg
"pTron Bassbuds Rush Bluetooth True Wireless In Ear Earbuds with Mic, Gaming 40ms Low Latency, 35Hrs Playtime, Deep Bass, E...",pTron,/kaggle/working/images/3015.jpg
ORCHID ENGINEERS Stylish Iron Remote Stand For Home (Black Glossy Finish) |Tv Remote Stand Holder For Home Decor| Tv Unit ...,ORCHID,/kaggle/working/images/3019.jpg
"Samsung 324 L 3 Star Inverter Frost Free Double Door Refrigerator (RT34T4513S8/HL, Convertible 5In 1, Elegant Inox)",Samsung,/kaggle/working/images/3022.jpg
"Imou 360° 1080P Full HD Security Camera, Human Detection, Motion Tracking, 2-Way Audio, Night Vision, Dome Camera with WiF...",Imou,/kaggle/working/images/3023.jpg
"Offbeat RIPJAW 2.4Ghz Rechargeable Wireless Gaming Mouse, Silent Click Buttons Mouse - 7D Buttons, DPI : 1600,2400,3200, M...",Offbeat,/kaggle/working/images/3024.jpg
SLOVIC® Tripod Mount Adapter| Tripod Mobile Holder|Tripod Phone Mount(Made in India)| Smartphone Clip Clipper 360 Degree f...,SLOVIC®,/kaggle/working/images/3026.jpg
"ELV Aluminium Adjustable Mobile Phone Foldable Holder Tabletop Stand Dock Mount for All Smartphones, Tabs, Kindle, iPad (M...",ELV,/kaggle/working/images/3027.jpg
"HUMBLE Silicone 19mm Replacement Band Strap with Metal Buckle Compatible with Noise Colorfit Pro 2 , Storm Smart Watch & W...",HUMBLE,/kaggle/working/images/3031.jpg
TCL 100 cm (40 inches) Full HD Certified Android Smart LED TV 40S6505 (Black),TCL,/kaggle/working/images/3032.jpg
"Samsung Galaxy S21 FE 5G (Olive, 8GB, 128GB Storage)",Samsung,/kaggle/working/images/3033.jpg
"Syvo S -1000 PRO 67 Inch (170CM) Tripod for DSLR, Camera | Operating Height: 5.57 Feet| Maximum Load Capacity up to 5kg | ...",Syvo,/kaggle/working/images/3034.jpg
"Amazon Basics USB 2.0 - A-Male to A-Female Extension Cable for Personal Computer, Printer (Black, 9.8 Feet/3 Meters)",Amazon,/kaggle/working/images/3036.jpg
"Samsung Galaxy M13 (Stardust Brown, 4GB, 64GB Storage) | 6000mAh Battery | Upto 8GB RAM with RAM Plus",Samsung,/kaggle/working/images/3037.jpg
"URBN 20000 mAh Lithium_Polymer 22.5W Super Fast Charging Ultra Compact Power Bank with Quick Charge & Power Delivery, Type...",URBN,/kaggle/working/images/3039.jpg
"boAt Rockerz 330 Pro in-Ear Bluetooth Neckband with 60HRS Playtime, ASAP Charge, ENx Tech, Signature Sound, BT v5.2, Dua...",boAt,/kaggle/working/images/3042.jpg
"Lenovo 15.6"" (39.62cm) Slim Everyday Backpack, Made in India, Compact, Water-resistant, Organized storage:Laptop sleeve,ta...",Lenovo,/kaggle/working/images/3043.jpg
EESOME M10 TWS Bluetooth 5.1 Earphone Charging Box Wireless Earbuds Stereo Sports Waterproof with Microphone Bluetooth Hea...,EESOME,/kaggle/working/images/3044.jpg
Cona Standy Multiplug 3+2 with USB - (White) - (Material -PC) - Unit 1 No,Cona,/kaggle/working/images/3045.jpg
"realme C35 (Glowing Green, 4GB RAM, 64GB Storage)",realme,/kaggle/working/images/3046.jpg
boAt Rockerz 261 in Ear Wireless Earphones with mic(Raging Red),boAt,/kaggle/working/images/3047.jpg
"Fire-Boltt Visionary 1.78"" AMOLED Bluetooth Calling Smartwatch with 368 * 448 Pixel Resolution, Rotating Crown & 60Hz Refr...",Fire-Boltt,/kaggle/working/images/3096.jpg
"boAt Newly Launched Rockerz 378 Bluetooth in Ear Neckband with Spatial Bionic Sound Tuned by THX, Beast™ Mode, ASAP™ Charg...",boAt,/kaggle/working/images/3097.jpg
"boAt Newly Launched Rockerz 378 Bluetooth in Ear Neckband with Spatial Bionic Sound Tuned by THX, Beast™ Mode, ASAP™ Charg...",boAt,/kaggle/working/images/31.jpg
"Amazon Basics Capacitive Stylus Pen for iOS and Android Touchscreen Devices, Fine Point Disc Tip, Lightweight Metal Body w...",Amazon,/kaggle/working/images/3100.jpg
"Boult Audio Z15 with 32Hrs Playtime, Pro+Calling HD Mic, Type-C Lightning Boult Fast Charging (10mins=100Mins), BoomX Tech...",Boult,/kaggle/working/images/3102.jpg
"TP-Link | AC1200 WiFi Range Extender | Up to 1200Mbps Speed | Dual Band Wireless Extender, Repeater, Signal Booster, Acces...",TP-Link,/kaggle/working/images/3103.jpg
"Vivo Y56 5G (Orange Shimmer, 8GB RAM, 128GB Storage) with No Cost EMI/Additional Exchange Offers",Vivo,/kaggle/working/images/3104.jpg
POPIO Tempered Glass Screen Protector Compatible for Samsung Galaxy F41 ; M31 ; M21 : M21s with Full Screen Coverage (exce...,POPIO,/kaggle/working/images/3105.jpg
"Redgear Cosmo 7,1 USB Gaming Wired Over Ear Headphones with Mic with Virtual Surround Sound,50Mm Driver, RGB LEDs & Remote...",Redgear,/kaggle/working/images/3106.jpg
Furniture Cafe Set top Box Stand | WiFi Router Holder Wooden Wall Shelves | Setup Box Stand for Home | Wall Mount Stylish ...,Furniture,/kaggle/working/images/3107.jpg
"Boult Audio X1 Buds True Wireless in Ear Earbuds with 24H Playtime, Quad Mic ENC, Made in India, Type-C Fast Charging, Env...",Boult,/kaggle/working/images/3108.jpg
"HP Wired Mouse 100 with 1600 DPI Optical Sensor, USB Plug-and -Play,ambidextrous Design, Built-in Scrolling and 3 Handy Bu...",HP,/kaggle/working/images/3109.jpg
"Portronics Konnect L 1.2Mtr, Fast Charging 3A Micro USB Cable with Charge & Sync Function (Grey)",Portronics,/kaggle/working/images/3110.jpg
"PTron Solero T241 2.4A Type-C Data & Charging USB Cable, Made in India, 480Mbps Data Sync, Durable 1-Meter Long USB Cable ...",PTron,/kaggle/working/images/3112.jpg
"Gizga Essentials 3-in-1 Phone Cleaner, Laptop Screen Cleaner, Fingerprint-Proof Screen Cleaner Kit, Reusable, Phones, TV S...",Gizga,/kaggle/working/images/3116.jpg
Amazon Brand - Solimo Back Cover for Apple iPhone 11 (Silicone_Transparent),Amazon,/kaggle/working/images/3117.jpg
"ZEBRONICS Aluminium Alloy Laptop Stand, Compatible with 9-15.6 inch Laptops, 7 Angles Adjustable Tabletop, Anti Slip Silic...",ZEBRONICS,/kaggle/working/images/3118.jpg
Wayona USB Type C Fast Charger Cable Fast Charging USB C Cable/Cord Compatible for Samsung Galaxy S10e S10 S9 S8 Plus S1...,Wayona,/kaggle/working/images/3144.jpg
"Lava Blaze 5G (Glass Green, 4GB RAM, UFS 2.2 128GB Storage) | 5G Ready | 50MP AI Triple Camera | Upto 7GB Expandable RAM |...",Lava,/kaggle/working/images/3146.jpg
"Luxor 5 Subject Single Ruled Notebook - A4, 70 Gsm, 300 Pages",Luxor,/kaggle/working/images/3147.jpg
"boAt A 350 Type C Cable for Smartphone, Charging Adapter (1.5m, Carbon Black)",boAt,/kaggle/working/images/3148.jpg
"Sounce 8 in 1 Soft Brush Cleaning Tools Kit for Keyboard, Earphone, Laptop, Camera & Lens, LED LCD Screen Display Cleaner ...",Sounce,/kaggle/working/images/3150.jpg
"Airtel DigitalTV AMF-311WW 150Mbps Single_Band Data Card (Black), 4g Hotspot Support with 2300 Mah Battery",Airtel,/kaggle/working/images/3151.jpg
"Duracell Ultra Alkaline AA Batteries, Pack of 20",Duracell,/kaggle/working/images/3152.jpg
Alice Bronze Acoustic Guitar Strings GS-01_Phosphor Bronze_(Pack of 1),Alice,/kaggle/working/images/3154.jpg
"Redmi Watch 2 Lite - Multi-System Standalone GPS, 3.94 cm Large HD Edge Display, Continuous SpO2, Stress & Sleep Monitorin...",Redmi,/kaggle/working/images/3155.jpg
"TheGiftKart Shockproof Crystal Clear Back Cover Case for Nothing Phone 1 | 360 Degree Protection | Protective Design | PC,...",TheGiftKart,/kaggle/working/images/3156.jpg
Lenovo Casual Laptop Backpack B210 15.6-inch(39.6cm) Water Repellent Black,Lenovo,/kaggle/working/images/3157.jpg
"Logitech G304 Lightspeed Wireless Gaming Mouse, Hero Sensor, 12,000 DPI, Lightweight, 6 Programmable Buttons, 250h Battery...",Logitech,/kaggle/working/images/3159.jpg
"Logitech K380 Wireless Multi-Device Keyboard For Windows, Apple Ios, Apple Tv Android Or Chrome, Bluetooth, Compact Space-...",Logitech,/kaggle/working/images/3160.jpg
"Nokia C12 Android 12 (Go Edition) Smartphone, All-Day Battery, 4GB RAM (2GB RAM + 2GB Virtual RAM) + 64GB Capacity | Charcoal",Nokia,/kaggle/working/images/3162.jpg
"Ceptics 200W Car Laptop Charger/Power Inverter with Digital Display and SmartVoltage™ Technology - 12V DC to 220V AC, 9.6A...",Ceptics,/kaggle/working/images/3163.jpg
"pTron Volta Dual Port 12W Smart USB Charger Adapter, Multi-Layer Protection, Made in India, BIS Certified, Fast Charging P...",pTron,/kaggle/working/images/3164.jpg
Cello ColourUp Celebration Kit Gift Pack |12 Wax Crayons Colour Set | 12 Oil Pastels | 15 Mini Sketch Pens | Kids Drawing ...,Cello,/kaggle/working/images/3166.jpg
Qubo Car Dash Camera Pro (with GPS) Dash Cam from Hero Group | Made in India Dashcam | Full HD 1080p | Wide Angle View | ...,Qubo,/kaggle/working/images/3167.jpg
Redmi 108 cm (43 inches) 4K Ultra HD Android Smart LED TV X43 | L43R7-7AIN (Black),Redmi,/kaggle/working/images/3169.jpg
Camel Oil Pastel with Reusable Plastic Box - 50 Shades,Camel,/kaggle/working/images/3170.jpg
"Tukzer Gizga 2-in-1 Professional Screen Cleaning Kit (500ML) for Camera, Lens, Binocular, Laptop, TV, Monitor, Smartphone,...",Tukzer,/kaggle/working/images/3171.jpg
"Fire-Boltt Ninja 3 1.83"" Display Smartwatch Full Touch with 100+ Sports Modes with IP68, Sp02 Tracking, Over 100 Cloud Bas...",Fire-Boltt,/kaggle/working/images/3172.jpg
"Artistix Talon Anti Theft Design Laptop Backpack, With USB Charging Port (46 Cm, 25L,Black)",Artistix,/kaggle/working/images/3176.jpg
"Lenovo 130 Wireless Compact Mouse, 1K DPI Optical sensor, 2.4GHz Wireless NanoUSB, 10m range, 3button(left,right,scroll) u...",Lenovo,/kaggle/working/images/3177.jpg
"BenQ GW2480 24 inch (60 cm) 1920 x 1080 Pixels IPS Full HD Ultra-Slim Bezel Monitor- Eye Care, Anti-Glare, Brightness Inte...",BenQ,/kaggle/working/images/3178.jpg
AmazonBasics 50-Inch Lightweight Tripod with Bag,AmazonBasics,/kaggle/working/images/3180.jpg
"boAt Rockerz 205 Pro in Ear Bluetooth Neckband with Beast Mode™(Low Latency Upto 65ms), ENx™ Tech for Clear Voice Calls,30...",boAt,/kaggle/working/images/3181.jpg
"realme narzo 50i (Carbon Black, 4GB RAM+64GB Storage) Octa Core Processor | 6.5"" inch Large Display",realme,/kaggle/working/images/3184.jpg
"Duracell Type C To Type C 5A (100W) Braided Sync & Fast Charging Cable, 3.9 Feet (1.2M). USB C to C Cable, Supports PD & Q...",Duracell,/kaggle/working/images/3186.jpg
Robustrion [Anti-Scratch] & [Smudge Proof] [Bubble Free] Premium Tempered Glass Screen Protector Guard for Samsung Galaxy ...,Robustrion,/kaggle/working/images/3188.jpg
"ZEBRONICS Zeb-Sound Feast 500 Bluetooth 5.0 Portable Speaker with 70W, 9H* Backup, TWS, IPX5 Waterproof, Call Function, RG...",ZEBRONICS,/kaggle/working/images/3189.jpg
"Nokia 5310 Dual SIM Keypad Phone with MP3 Player, Wireless FM Radio and Rear Camera with Flash | Black/Red",Nokia,/kaggle/working/images/3191.jpg
"HP 150 Wired Keyboard and Mouse Combo with Instant USB Plug-and-Play Setup, 12 Shortcut Keys, 6° Adjustable Slope Keyboard...",HP,/kaggle/working/images/3192.jpg
i8 Pro Max Touch Screen Bluetooth Smartwatch with Activity Tracker Compatible with All 3G/4G/5G Android & iOS Smartphones...,i8,/kaggle/working/images/3193.jpg
BROTHER BT-D60BK Ink Bottle (Black),BROTHER,/kaggle/working/images/3194.jpg
"Noise Buds VS304 Truly Wireless in Ear Earbuds with 35H of Playtime, Instacharge(10 min=120 min), 13 mm Driver and BT v5.3...",Noise,/kaggle/working/images/3195.jpg
"ESR Screen Protector Compatible with iPad Pro 11 Inch (2022/2021/2020/2018) and iPad Air 5/4 (2022/2020, 10.9 Inch), Tempe...",ESR,/kaggle/working/images/3197.jpg
"Wecool Mr.Bass Snug Fit Metallic C Type Earphones with Mic and Volume Controller, High Bass Headphoens for Mobile, Wired E...",Wecool,/kaggle/working/images/3199.jpg
Wesley Office Laptop Bag Briefcase Notebook Professional Business 15.6 Inch Briefcase Messenger Sling Water Resistant Lapt...,Wesley,/kaggle/working/images/32.jpg
"Wayona Usb Nylon Braided Data Sync And Charging Cable For Iphone, Ipad Tablet (Red, Black)",Wayona,/kaggle/working/images/3200.jpg
Pilot V7 Liquid Ink Roller Ball Pen (2 Blue + 1 Black),Pilot,/kaggle/working/images/3201.jpg
"STRIFF Spiral Cable Protector Cord Saver for Mac Charger, iPhone Charger, Wire Protector, Lightweight Durable Flexible Wir...",STRIFF,/kaggle/working/images/3205.jpg
"truke Newly Launched Buds A1 True Wireless Earbuds with 30dB Hybrid ANC, 48H Playtime, Quad-Mics with ENC, 3+1 EQ Modes, F...",truke,/kaggle/working/images/3206.jpg
boAt Bassheads 242 in Ear Wired Earphones with Mic(Orange),boAt,/kaggle/working/images/3208.jpg
"boAt Type C A750 Stress Resistant, Tangle-free, Sturdy Flat Cable with 6.5A Fast Charging & 480Mbps Data Transmission, 100...",boAt,/kaggle/working/images/3209.jpg
LG 108 cm (43 inches) 4K Ultra HD Smart LED TV 43UQ7500PSF (Ceramic Black),LG,/kaggle/working/images/3211.jpg
Robustrion Smart Trifold Hard Back Flip Stand Case Cover for Apple iPad 10.2 Cover iPad 9th Generation Cover 2021 8th Gen ...,Robustrion,/kaggle/working/images/3212.jpg
"Apple Lightning to USB Camera Adapter, USB 3.0 OTG Cable for iPhone/iPad to Connect Card Reader, USB Flash Drive, U Disk, ...",Apple,/kaggle/working/images/3214.jpg
One Plus USB Type C to 3.5mm Adapter for OnePlus 7T 8T 9 Pro Headphone Jack Adapter - USB Type C to 3.5mm Aux Audio Earpho...,One,/kaggle/working/images/3215.jpg
"QHOHQ Polycarbonate Tempered Glass, 2 Pack Hard PC Case for Smartwatches Compatible with Apple Watch Series 8 45mm & Serie...",QHOHQ,/kaggle/working/images/3288.jpg
"Amazon Basics High-Speed HDMI Cable, 6 Feet - Supports Ethernet, 3D, 4K video,Black",Amazon,/kaggle/working/images/3289.jpg
"Ambrane Wired in Ear Earphones with in-line Mic for Clear Calling, 14mm Dynamic Drivers for BoostedBass™, 3.5mm Jack, Mult...",Ambrane,/kaggle/working/images/3290.jpg
"Sounce WARP/Dash Charging Cable, Type C Cable 3FT 5V 4A Fast Charge Data Cable for OnePlus 8/8T, OnePlus 7, OnePlus 6T/ 6,...",Sounce,/kaggle/working/images/3293.jpg
Faber-Castell 48 Triangular Colour Pencils,Faber-Castell,/kaggle/working/images/3294.jpg
"Redgear A-17 Gaming Mouse with Upto 6400 DPI, RGB Lighting and Braided Cable(Black)",Redgear,/kaggle/working/images/3296.jpg
Portronics Konnect L POR-1403 Fast Charging 3A Type-C Cable 1.2 Meter with Charge & Sync Function for All Type-C Devices (...,Portronics,/kaggle/working/images/3297.jpg
Navneet Youva | Primed Canvas Board for Acrylic and Oil Colour Painting | 10x12 inch | Pack of 3,Navneet,/kaggle/working/images/3298.jpg
Wesley Unisex Milestone Casual Waterproof Laptop Office School College Business Travel Backpack 25 L (Dimensions: 12.5x18 ...,Wesley,/kaggle/working/images/3299.jpg
Bennett™ Mystic Unisex Adult Men's Laptop Bag 15.6 inch Side Shoulder Briefcase Satchel Messenger Business Bags for Men & ...,Bennett™,/kaggle/working/images/33.jpg
"TOUGH LEE 5 in 1 Cleaning Pen for Airpods Pro 1 2 3, Gadget Cleaner & Cleaning Kit Brush Set || Suitable for Earbuds, Mobi...",TOUGH,/kaggle/working/images/3302.jpg
"3M Scotch BOPP Packaging Clear Tape (Transparent) | 48mm x 50 Meter | Pack of 2 | for Packaging, Decorating and DIY",3M,/kaggle/working/images/3304.jpg
HP 682 Color/Black Combo 2-Pack,HP,/kaggle/working/images/3307.jpg
"E-COSMOS Plug in LED Night Light Mini USB LED Light Flexible USB LED Ambient Light Mini USB LED Light, LED Portable car Bu...",E-COSMOS,/kaggle/working/images/3308.jpg
"EGOTUDE Soft Slim Flexible Silicone Back Cover Case for iPhone 13 (Navy Blue, TPU)",EGOTUDE,/kaggle/working/images/3309.jpg
"AmazonBasics 20W Phone Charger for Cellular Phones | Type C Adapter, Fast Charging (Black)",AmazonBasics,/kaggle/working/images/3310.jpg
Netgear WiFi Range Extender EX6110 - Extend your Internet Wi-Fi up to 1200 sq ft & 20 Devices with AC1200 Dual Band Wirele...,Netgear,/kaggle/working/images/3311.jpg
"Hammer Pulse Ace Pro Bluetooth Calling Smartwatch with SpO2 & 1.81” Aluminium Alloy Body with Blood Oxygen Monitoring, Hea...",Hammer,/kaggle/working/images/3313.jpg
MI Braided Type C 100cm Cable Red|Supports Upto 22.5 Fast Charging|Tangle Free Sturdy Built with Kevlar Protection|Support...,MI,/kaggle/working/images/3314.jpg
"Brand Conquer 6 in 1 with OTG, SD Card Reader, USB Type C, USB 3.0 and Micro USB, for Memory Card | Portable Card Reader |...",Brand,/kaggle/working/images/3315.jpg
"20W Charger Compatible with Apple iPhone 13 Charger, iPhone 12 Charger, iPhone 11 Charger, iPhone X Series | 20 Watt Charg...",20W,/kaggle/working/images/3318.jpg
"3M Scotch Magic Tape Roll | 1.9cm x 32.9 meter | Invisible, writable and hand tearable | For school projects, home and off...",3M,/kaggle/working/images/3319.jpg
"truke Buds BTG3 Bluetooth Truly Wireless in Ear Earbuds with mic, AI-Powered Noise Cancellation, Auto Play/Pause, 55ms Low...",truke,/kaggle/working/images/3320.jpg
SWAPKART Type C to 3.5mm Splitter Audio Jack Converter Adapter Headphones Jack Compatible with only OnePlus Devices 6 6T 7...,SWAPKART,/kaggle/working/images/3322.jpg
Cello Gripper Ball Pen | Jar of 25 | Blue Ball Pens | Smooth writing Ball Pens | Exam Pens with Grip | Ball pens set for S...,Cello,/kaggle/working/images/3326.jpg
Classmate Octane Colour Burst-Multicolour Gel Pens (Pack of 10) | Gold & Silver Glitter Sparkle Pens|10 colour ink shades ...,Classmate,/kaggle/working/images/3327.jpg
"ZEBRONICS Zeb-HAA3020 (3 Meter/9 feet) HDMI Cable Supports 3D, ARC & CEC Extension, Compatible with HDMI-Enabled TV, Blu-r...",ZEBRONICS,/kaggle/working/images/3328.jpg
"Prolet 20MM Silicone Strap Compatible with Amazfit GTS 2 Mini, Amazfit Bip/Bip U/Pro/Lite, Bip S, Amazfit GTS/ 2/2e, Amazf...",Prolet,/kaggle/working/images/3329.jpg
"CONA Standy Multiplug 3 in 1 - (White) - Multiplug with Stand, 125 Volt",CONA,/kaggle/working/images/3330.jpg
Onsitego 1 Year Extended Warranty for Small Household Appliances from Rs. 2501-3000 (Email Delivery - No Physical Kit),Onsitego,/kaggle/working/images/3333.jpg
"DIGITEK® (DRL 12C) Professional (12 inch) LED Ring Light with Tripod Stand for Mobile Phones & Camera, 3 Temperature Mode ...",DIGITEK®,/kaggle/working/images/3334.jpg
"ZEBRONICS SD13 128GB SSD,Ultra Low Power Consumption, S.M.A.R.T. Thermal Management and Silent Operation.",ZEBRONICS,/kaggle/working/images/3362.jpg
"OnePlus 11 5G (Eternal Green, 8GB RAM, 128GB Storage)",OnePlus,/kaggle/working/images/3367.jpg
"Amazonbasics Nylon Braided Usb-C To Lightning Cable, Fast Charging Mfi Certified Smartphone, Iphone Charger (3-Foot, Dark ...",Amazonbasics,/kaggle/working/images/3370.jpg
"Amazon Basics in-Ear Bluetooth 5.0 Neckband with Up to 30 Hours Playtime, with Mic, Magnetic Earbuds, Voice Assistant, Dua...",Amazon,/kaggle/working/images/3372.jpg
"Marklif Premium Metal Folding Portable Laptop Stand Non-Slip Base Bracket, Tabletop Risers for 10-17 Inch Laptop & Keyboar...",Marklif,/kaggle/working/images/3373.jpg
"PTron Bassbuds Plus in Ear True Wireless Stereo Earbuds with Mic, Deep Bass, Voice Assistance, IPX4 Sweat & Water Resistan...",PTron,/kaggle/working/images/3374.jpg
"Wecool Nylon Braided Multifunction Fast Charging Cable For Android Smartphone, Ios And Type C Usb Devices, 3 In 1 Charging...",Wecool,/kaggle/working/images/3375.jpg
"Fire-Boltt India's No 1 Smartwatch Brand Ring Bluetooth Calling with SpO2 & 1.7” Metal Body with Blood Oxygen Monitoring, ...",Fire-Boltt,/kaggle/working/images/3376.jpg
"Portronics Power Plate 5 1500W Power Converter with USB Charger & Mobile Holder 3AC Socket + 3USB Ports, 1.5 m Cord Length...",Portronics,/kaggle/working/images/3377.jpg
"JBL C50HI, Wired in Ear Headphones with Mic, One Button Multi-Function Remote, Lightweight & Comfortable fit (Red)",JBL,/kaggle/working/images/3379.jpg
Duracell CHHOTA Power Alkaline AAA Batteries - 20 Pcs,Duracell,/kaggle/working/images/3380.jpg
"Blaupunkt SBA20 16W Bluetooth Soundbar for TV with Bluetooth/SD Card/Aux, Mini Sound/Audio System for TV Speakers, Mobile,...",Blaupunkt,/kaggle/working/images/3381.jpg
"Fire-Boltt India's No 1 Smartwatch Brand Talk 2 Bluetooth Calling Smartwatch with Dual Button, Hands On Voice Assistance, ...",Fire-Boltt,/kaggle/working/images/3382.jpg
"American Tourister VALEX BLACK LAPTOP BACKPACK 28 Ltrs,Volume, LAPTOP COMPARTMENT, BOTTLE POCKET, FRONT ORGANIZER",American,/kaggle/working/images/3383.jpg
Robustrion Anti-Scratch & Smudge Proof Tempered Glass Screen Protector for Xiaomi Mi Pad 5 11 inch,Robustrion,/kaggle/working/images/3384.jpg
"Amazon Basics USB 2.0 Cable - A-Male to Mini-B - 6 Feet (1.8 Meters),Black",Amazon,/kaggle/working/images/3385.jpg
"D-Link DIR-825/IIN/J1 MU-MIMO Gigabit Wireless Router, Dual Band, 1200 Mbps Wi-Fi Speed, 5 Gigabit Port, 4 External Antenn...",D-Link,/kaggle/working/images/3387.jpg
HP 802 Small Ink Cartridge - Black,HP,/kaggle/working/images/3388.jpg
"Casio FX-82ES Plus 2nd Edition - Non-Programmable Scientific Calculator, 252 Functions, Black",Casio,/kaggle/working/images/3389.jpg
"URBN 10000 mAh Lithium_Polymer 22.5W Super Fast Charging Ultra Compact Power Bank with Quick Charge & Power Delivery, Type...",URBN,/kaggle/working/images/3390.jpg
"Portronics Toad II Wireless Optical Mouse with Dual Connectivity 2.4 Ghz & Bluetooth 5.0, Rechargeable Battery, Adjustable...",Portronics,/kaggle/working/images/3395.jpg
"ZEBRONICS Zeb-Buds 30 3.5Mm Stereo Wired in Ear Earphones with Mic for Calling, Volume Control, Multifunction Button, 14Mm...",ZEBRONICS,/kaggle/working/images/3396.jpg
"Tarkan Portable Folding Laptop Desk for Bed, Lapdesk with Handle, Drawer, Cup & Mobile/Tablet Holder for Study, Eating, Wo...",Tarkan,/kaggle/working/images/3397.jpg
"INOVERA World Map Anti-Slip Extended Desk Mat Gaming Rubber Stitched Mouse Pad for Laptop and Computer, 600L x 300B mm (Bl...",INOVERA,/kaggle/working/images/3398.jpg
POLICE Backpack for Men Casual Laptop Bag Office/Travel/College 30 Ltr Hedge Polyester - Black,POLICE,/kaggle/working/images/3399.jpg
KYOSEI Tempered Glass Compatible with OnePlus 11R 5G with Anti-Explosion Edge-to-Edge Coverage Screen Protector Guard,KYOSEI,/kaggle/working/images/3401.jpg
Cosmic Byte C1070T Interstellar Wired Gamepad,Cosmic,/kaggle/working/images/3402.jpg
BRUSTRO Technical Pen Black Set of 6.,BRUSTRO,/kaggle/working/images/3404.jpg
"Tukzer Capacitive Stylus Pen for Touch Screens Devices, Fine Point, Lightweight Metal Body with Magnetism Cover Cap for Sm...",Tukzer,/kaggle/working/images/3405.jpg
Acer 80 cm (32 inches) S Series HD Ready Android Smart LED TV AR32AR2841HDSB (Black),Acer,/kaggle/working/images/3406.jpg
"SupCares Edge to Edge Privacy Tempered Glass for iPhone 14, iPhone 13 and iPhone 13 Pro (6.1 Inch) with Easy Self Installa...",SupCares,/kaggle/working/images/3407.jpg
"boAt Wave Style with 1.69"" Square HD Display, HR & SpO2 Monitoring, 7 Days Battery Life, Multiple Watch Faces, Crest App H...",boAt,/kaggle/working/images/3432.jpg
"Amazon Basics 10000mAH Lithium Polymer Power Bank | 3 Charging Cables Included | Four Way Output (Micro USB, Type C, iPhon...",Amazon,/kaggle/working/images/3434.jpg
"JBL Cinema SB271, Dolby Digital Soundbar with Wireless Subwoofer for Extra Deep Bass, 2.1 Channel Home Theatre with Remot...",JBL,/kaggle/working/images/3436.jpg
Sounce Indoor Entertainment & Watching a Movie with This Cool Big Square Mobile Foldable Stand Holder (Pack of 2) (Black -...,Sounce,/kaggle/working/images/3437.jpg
boAt Bassheads 220 in Ear Wired Earphones(Fiery Orange Indi),boAt,/kaggle/working/images/3438.jpg
Sony MDR-ZX110A Wired On Ear Headphone without Mic (White),Sony,/kaggle/working/images/3440.jpg
"JBL Tune 230NC TWS, Active Noise Cancellation Earbuds with Mic, Massive 40 Hrs Playtime with Speed Charge, Adjustable EQ A...",JBL,/kaggle/working/images/3441.jpg
"Pentonic Ball Pen Blister Pack | 0.7 mm Tip Size | Smooth Writing, Sleek Matte Finish | Use For School, office | Black Bod...",Pentonic,/kaggle/working/images/3444.jpg
7SEVEN® Compatible for Tata Sky Remote Original Set Top HD Box and Suitable for SD Tata Play setup Box Remote Control,7SEVEN®,/kaggle/working/images/3445.jpg
"Amazon Basics Multipurpose Foldable Laptop Table with Mac Holder/Tab Holder | Table Holder Study Table, Breakfast Table, F...",Amazon,/kaggle/working/images/3446.jpg
Redmi Note 12 5G Frosted Green 4GB RAM 128GB ROM | 1st Phone with 120Hz Super AMOLED and Snapdragon® 4 Gen 1 | 48MP AI Tri...,Redmi,/kaggle/working/images/3447.jpg
"DIGITEK® (DLS-9FT) Lightweight & Portable Aluminum Alloy Light Stand for Ring Light, Reflector, Flash Units, Diffuser, Por...",DIGITEK®,/kaggle/working/images/3448.jpg
"ZEBRONICS Zeb-Thunder Bluetooth Wireless Over The Ear Headphone FM, mSD, 9 hrs Playback with Mic (Blue with Red)",ZEBRONICS,/kaggle/working/images/3449.jpg
"Pagaria 2 in 1 Bluetooth 5.0 Transmitter Receiver 3.5mm Stereo Audio Adapter with Mic, Easy Slide Switch Mode, Model: KN330",Pagaria,/kaggle/working/images/3451.jpg
Onsitego 1 Year Extended Warranty for Small Household Appliances from Rs. 2001-2500 (Email Delivery - No Physical Kit),Onsitego,/kaggle/working/images/3453.jpg
"Artis PS-600VA 600VA Line Interactive UPS for Personal Computers , Desktop PCs, Laptops, Routers, Networking Devices and G...",Artis,/kaggle/working/images/3454.jpg
"Zebronics ASC100 3.5mm AUX Male to Male cable with 1 meter length, stereo audio support, reinforced collars, for smartphon...",Zebronics,/kaggle/working/images/3455.jpg
"Panasonic AAA eneloop Ni‐MH Rechargeable Batteries,low self discharge for multi use up to 800 mAh capacity,storage life ho...",Panasonic,/kaggle/working/images/3457.jpg
"AmazonBasics Wireless Mouse, 2.4 GHz with USB Nano Receiver, Optical Tracking, for PC/Mac/Laptop/Tablet (Black)",AmazonBasics,/kaggle/working/images/3458.jpg
Cello ColourUP Celebration Kit Mega Gift Pack | Kids Colouring Set | 1 Gel Pen | 12 Crayons | 15 Oil Pastels Colouring Set...,Cello,/kaggle/working/images/3459.jpg
"Noise ColorFit Ultra Smart Watch with 1.75"" HD Display, Aluminium Alloy Body, 60 Sports Modes, Spo2, Lightweight, Stock Ma...",Noise,/kaggle/working/images/3460.jpg
Cuzor UPS for JioFiber & Airtel Xtreme Routers | UPS for WiFi routers 12V Upto 2.5A | Replaceable Battery | Power Back up ...,Cuzor,/kaggle/working/images/3461.jpg
Action Pro™ Helmet Chin Mount Strap Set Compatible with All Smartphones GoPro Hero 11 10 9 8 7 6 5 4 SJCAM DJI Osmo and Al...,Action,/kaggle/working/images/3462.jpg
Parker Quink Flow Ballpoint Refill Fine Blue,Parker,/kaggle/working/images/3464.jpg
"Amazon Basics RJ45 Cat-5e Network Ethernet Patch/LAN Cable for Router - 50 Feet (15.2 Meters, White)",Amazon,/kaggle/working/images/3465.jpg
"iQOO Neo 7 5G (Interstellar Black, 12GB RAM, 256GB Storage) | Dimensity 8200, only 4nm Processor in The Segment| 50% Charg...",iQOO,/kaggle/working/images/3466.jpg
"Hola ! TF-500 Basic Corded Landline Phone for intercom and EPABX Desk & Wall Mountable, Mute/Pause/Flash/Redial Function (...",Hola,/kaggle/working/images/3467.jpg
"iQOO Neo 6 5G (Cyber Rage, 8GB RAM, 128GB Storage) | Only Snapdragon 870 in The Segment | 50% Charge in Just 12 Mins | 90 ...",iQOO,/kaggle/working/images/3470.jpg
ALCRAFT Real Leather Green Stone Brown Embossed Handmade Diary with Metal Lock -Size of (H) 6*(L) 4.5 Brown,ALCRAFT,/kaggle/working/images/3471.jpg
"Ambrane Fast 100W Output Cable with Type-C to Type-C for Mobile, Laptop, Macbook & Table Charging, 480mbps Data Sync Spee...",Ambrane,/kaggle/working/images/3472.jpg
"Portronics Adapto 45 20W Mobile Charger Adapter with Dual Port (USB A + PD Type C), Fast Charging, Short Circuit Protectio...",Portronics,/kaggle/working/images/3473.jpg
"realme Buds Wireless in Ear Bluetooth Earphones with mic, 11.2mm Bass Boost Driver, Magnetic Fast Pair, Fast Charging and ...",realme,/kaggle/working/images/3474.jpg
"Smart watch New Launch Smart Watches ID116 Bluetooth Smartwatch Wireless Fitness Band for Boys, Girls, Men, Women & Kids |...",Smart,/kaggle/working/images/3475.jpg
iFFALCON 80 cm (32 inches) HD Ready Smart LED TV 32F53 (Black),iFFALCON,/kaggle/working/images/3477.jpg
"Gizga Essentials 3-in-1 Phone Cleaner, Screen Cleaner for Laptop, Fingerprint-Proof Screen Cleaner Kit, Reusable, Phones, ...",Gizga,/kaggle/working/images/3478.jpg
Samsung Level U2 Original in Ear Wireless Stereo Headset with Mic (Blue),Samsung,/kaggle/working/images/3479.jpg
"HP G200 Backlit USB Wired Gaming Mouse with Ergonomic Design, All Customizable Buttons, Adjustable 4000 DPI, RGB Breathing...",HP,/kaggle/working/images/3480.jpg
"Ambrane 27000mAh Power Bank, 20W Fast Charging, Triple Output, Type C PD (Input & Output), Quick Charge, Li-Polymer, Mult...",Ambrane,/kaggle/working/images/3482.jpg
"Duracell Ultra Alkaline AAA Battery, 12 Pcs",Duracell,/kaggle/working/images/3483.jpg
"Gizga Essentials 2-in-1 Professional Cleaning Kit (XL -170ML) for Camera, Lens, Binocular, Laptop, TV, Monitor,Smartphone,...",Gizga,/kaggle/working/images/3484.jpg
Sony MDR-XB55AP Premium in-Ear Extra Bass Wired Headphones with Mic (Black),Sony,/kaggle/working/images/3485.jpg
Osaka OS 550 Tripod 55 Inches (140 cm) with Mobile Holder and Carry Case for Smartphone & DSLR Camera Portable Lightweight...,Osaka,/kaggle/working/images/3486.jpg
"ZEBRONICS Zeb-Sound Bomb N1 True Wireless in Ear Earbuds with Mic ENC, Gaming Mode (up to 50ms), up to 18H Playback, BT V...",ZEBRONICS,/kaggle/working/images/3487.jpg
Philips Audio SHE1505 Wired in Ear Earphones with Mic (Black),Philips,/kaggle/working/images/3488.jpg
"DR VAKU® 20W iPhone Charger Type C Adapter for iPhone 14/ 14 Plus/ 14 Pro/ 14 Pro Max, iPhone 13/13 Pro/13 Pro Max/13 Min...",DR,/kaggle/working/images/3489.jpg
"iQOO 9 SE 5G (Space Fusion, 8GB RAM, 128GB Storage) | Qualcomm Snapdragon 888 | 66W Flash Charge",iQOO,/kaggle/working/images/3490.jpg
"Safari Quill Laptop Backpack 26 Ltrs Water Resistant Fabric - Black, L (QUILL19CBBLK)",Safari,/kaggle/working/images/3491.jpg
"Samsung Galaxy M53 5G (Emerald Brown, 8GB, 128GB Storage) | 108MP | sAmoled+ 120Hz | 16GB RAM with RAM Plus | Travel Adapt...",Samsung,/kaggle/working/images/3492.jpg
Amozo Designed for iPhone 14 Pro Cover | Ultra Hybrid Drop and Camera Protection Back Cover Case for iPhone 14 PRO (TPU + ...,Amozo,/kaggle/working/images/3493.jpg
ZEBRONICS LPC12A Printer Cartridge for HP LJ 1010/1012/1015/1018/1020/1022/1022N/1022NW/3015/3020/3030/3050/3052/3055/M100...,ZEBRONICS,/kaggle/working/images/3494.jpg
"Redmi Note 11 (Horizon Blue, 4GB RAM, 64GB Storage) | 90Hz FHD+ AMOLED Display | Qualcomm® Snapdragon™ 680-6nm | 33W Charg...",Redmi,/kaggle/working/images/3495.jpg
"Tukzer Stylus Pen, iPad Pencil with Palm Rejection Tilt Sensor| 2nd Gen for 2018-2023 iPad 6/7/8/9th Gen; iPad 10.2"", Pro ...",Tukzer,/kaggle/working/images/3497.jpg
"Nokia 215 4G Dual SIM 4G Phone with Long Battery Life, Multiplayer Games, Wireless FM Radio and Durable Ergonomic Design |...",Nokia,/kaggle/working/images/3498.jpg
"Noise ColorFit Ultra Buzz Bluetooth Calling Smart Watch with 1.75"" HD Display, 320x385 px Resolution, 100 Sports Modes, St...",Noise,/kaggle/working/images/3499.jpg
"boAt Stone 1000 14W Bluetooth Speaker with 8 Hours Playback, Bluetooth v5.0 & IPX5(Black)",boAt,/kaggle/working/images/35.jpg
"OnePlus Warp Charge Type-C To Type-C Cable 100Cm, Compatible With Smartphone, Red,White",OnePlus,/kaggle/working/images/3500.jpg
"Portronics Adapto 45 20W Mobile Charger Adapter with Dual Port (USB A + PD Type C), Fast Charging, Short Circuit Protectio...",Portronics,/kaggle/working/images/3501.jpg
Syga Two-Finger Silicone Pencil Grips for Kids Handwriting Pencil Holder for Children Preschoolers Writing Training Grip -...,Syga,/kaggle/working/images/3503.jpg
"Ohuhu Double Tipped Alcohol Markers, Art Marker Set for Kids, Adults Coloring Illustration, Great Value Pack for Students'...",Ohuhu,/kaggle/working/images/3505.jpg
"Logitech G402 Hyperion Fury USB Wired Gaming Mouse, 4,000 DPI, Lightweight, 8 Programmable Buttons, Compatible for PC/Mac...",Logitech,/kaggle/working/images/3506.jpg
"Sounce 3 Pack 20mm Watch Straps Compatible for Amazfit GTS 2 Mini, Amazfit Bip/ Bip U/ Bip U Pro/ Bip Lite, Bip S, Amazfit...",Sounce,/kaggle/working/images/3508.jpg
"Beetel B17 Corded Landline Phone, Ringer Volume Control, LED for Ring Indication, Wall/Desk Mountable, Elegant Design,Clea...",Beetel,/kaggle/working/images/3510.jpg
"Redgear A-15 Wired Gaming Mouse with RGB, Semi-Honeycomb Design and Upto 6400 dpi for Windows PC Gamers(White)",Redgear,/kaggle/working/images/3511.jpg
"Bennett Nylon Drax Laptops, Tablets Laptop Bag Sleeve Case Cover Pouch for 14 inches Laptop Apple/Dell/Lenovo/ASUS/Hp/Sams...",Bennett,/kaggle/working/images/3512.jpg
Sony Premium MDR-XB55AP in-Ear Extra Bass Wired Headphones with Mic (Blue),Sony,/kaggle/working/images/3513.jpg
Prolet Classic Bumper Case Cover for Samsung Galaxy Watch 4 44mm TPU Plated Full Screen Protector (Black),Prolet,/kaggle/working/images/3514.jpg
Spigen Ultra Hybrid Back Cover Case for iPhone 13 (TPU + Poly Carbonate | Crystal Clear),Spigen,/kaggle/working/images/3516.jpg
"SanDisk 64GB Ultra Dual Drive Luxe Type USB C Flash Drive (5Y - SDDDC4-064G-I35, Silver)",SanDisk,/kaggle/working/images/3517.jpg
"Amazfit GTS2 Mini (New Version) Smart Watch with Always-on AMOLED Display, Alexa Built-in, SpO2, 14 Days' Battery Life, 68...",Amazfit,/kaggle/working/images/3518.jpg
"WeCool Moonwalk M1 ENC True Wireless in Ear Earbuds with Mic, Titanium Drivers for Rich Bass Experience, 40+ Hours Play Ti...",WeCool,/kaggle/working/images/3521.jpg
URBN 10000 mAh 15W Li-Polymer Premium Black Edition Wireless Power Bank | 22.5W Fast Charging | Type C Power Delivery (1 I...,URBN,/kaggle/working/images/3522.jpg
pTron Volta FC17 25W Type-C to Type-C PD Superfast Charger for Samsung S21/S21+/S21 Ultra/S20/S20+/S20 Ultra/Note 20/Note ...,pTron,/kaggle/working/images/3523.jpg
"Portronics AUTO 10 POR-320, Bluetooth - FM Transmitter in-Car Radio Adapter for Hands-Free Calling, Music Streaming, Micro...",Portronics,/kaggle/working/images/3524.jpg
"pTron Studio Pixel Over-Ear Wireless Gaming Headphones with 30ms Low Latency, 40Hrs Playtime, 40mm Drivers, Punchy Bass, B...",pTron,/kaggle/working/images/3525.jpg
"Cable Management Box With Mobile Stand - Cord Organizer Hides Extention Board, Power Strips, Surge Protector, Cords, Wire,...",Cable,/kaggle/working/images/3527.jpg
Anthems Study Table/Bed Table/Foldable and Portable Wooden/Writing Desk for Office/Home/School (Black MAXX),Anthems,/kaggle/working/images/3552.jpg
"SupCares Aluminium 7 Height Adjustable, Ventilated, Foldable, Portable Laptop Stand for Desk & Table Mount Upto 15.6 inch ...",SupCares,/kaggle/working/images/3556.jpg
"Boult Audio XCharge Wireless in Ear Bluetooth Earphones with ENC Mic, 28H Playtime, Type-C Fast Charging (15Min=15Hrs Play...",Boult,/kaggle/working/images/3557.jpg
POPIO Tempered Glass Compatible for iPhone 13 / iPhone 13 Pro/iPhone 14 (Transparent) Edge to Edge Full Screen Coverage wi...,POPIO,/kaggle/working/images/3559.jpg
CP PLUS 2MP Full HD Smart Wi-fi CCTV Home Security Camera | 360° with Pan Tilt | 2Way Talk | Cloud Monitor | Motion Detect...,CP,/kaggle/working/images/3560.jpg
Original 25W Charger Super Fast Charging Charger Adapter Smartphone Charger Compatible for Samsung Galaxy S21/S21+/S21 Ult...,Original,/kaggle/working/images/3561.jpg
"Noise ColorFit Pulse Spo2 Smart Watch 1.4"" Full Touch HD Display, 10 Days Battery Life with Heart Rate, Sleep Monitoring &...",Noise,/kaggle/working/images/3562.jpg
"VIHM 7 in 1 Electronic Cleaner kit, Cleaning Kit for Monitor Keyboard Airpods MacBook iPad iPhone iPod, Screen Dust Brush ...",VIHM,/kaggle/working/images/3563.jpg
Onsitego 1 Year Extended Warranty for Small Appliances (Rs.5001-10000) (Email Delivery - No Physical Kit),Onsitego,/kaggle/working/images/3565.jpg
"realme C35 (Glowing Green, 6GB RAM, 128GB Storage)",realme,/kaggle/working/images/3566.jpg
SAMSUNG GURU MUSIC2 (SM315) (SM-315) (Gold),SAMSUNG,/kaggle/working/images/3568.jpg
"FEDUS Cat6 Ethernet Cable, 30 Meter High Speed 550MHZ / 10 Gigabit Speed UTP LAN Cable, Network Cable Internet Cable RJ45 ...",FEDUS,/kaggle/working/images/3569.jpg
"Logitech M90 Wired USB Mouse, 3 yr Warranty, 1000 DPI Optical Tracking, Ambidextrous PC/Mac/Laptop - Black",Logitech,/kaggle/working/images/3570.jpg
"Amazon Basics 128GB microSDXC Memory Card with Full Size Adapter, 100MB/s, U3",Amazon,/kaggle/working/images/3571.jpg
"Fire-Boltt Ninja 3 1.83"" Display Smartwatch Full Touch with 100+ Sports Modes with IP68, Sp02 Tracking, Over 100 Cloud Bas...",Fire-Boltt,/kaggle/working/images/3572.jpg
Oytra 20 Piece Stamps for Kids Emoji and Motivation Reward Art Teachers Students Birthday Gift Craft Scrapbooking,Oytra,/kaggle/working/images/3574.jpg
"FUR JADEN 40L Weekender Travel Laptop Backpack with Anti Theft Pocket, Organizer, 15.6 Inch Padded Laptop Sleeve and Dual ...",FUR,/kaggle/working/images/3575.jpg
"Lava Yuva 2 Pro (Glass Lavender, 4GB RAM, 64GB Storage)| 2.3 Ghz Octa Core Helio G37| 13 MP AI Triple Camera |Fingerprint ...",Lava,/kaggle/working/images/3576.jpg
SHREENOVA® ID116 Plus Bluetooth Fitness Smart Watch for Men Women and Kids Activity Tracker (Black),SHREENOVA®,/kaggle/working/images/3577.jpg
HP 65W AC Laptops Charger Adapter 4.5mm for HP Pavilion Black (Without Power Cable),HP,/kaggle/working/images/3578.jpg
"pTron Newly Launched Bassbuds Zen in-Ear Wireless TWS Earbuds with Quad ENC Mic & TruTalk 50Hrs Playtime, BT5.3 Headphone ...",pTron,/kaggle/working/images/3579.jpg
"Infinity (JBL Fuze 100, Wireless Portable Bluetooth Speaker with Mic, Deep Bass, Dual Equalizer, IPX7 Waterproof, Rugged F...",Infinity,/kaggle/working/images/3580.jpg
Amozo Designed for iPhone 14 Pro Max Cover | Ultra Hybrid Drop and Camera Protection Back Cover Case for iPhone 14 PRO MAX...,Amozo,/kaggle/working/images/3581.jpg
(Renewed) Dell Latitude E5470 Intel Core i5 6th Gen.6200u Processor 14.1 Inches HD Screen Notebook Computer (8 GB Ram & 25...,(Renewed),/kaggle/working/images/3583.jpg
"boAt Airdopes 191G True Wireless In Ear Earbuds with ENx Tech Equipped Quad Mics, Beast Mode(Low Latency- 65ms) for Gamin...",boAt,/kaggle/working/images/3584.jpg
Epson EcoTank L3250 A4 Wi-Fi All-in-One Ink Tank Printer Ink,Epson,/kaggle/working/images/3585.jpg
"Lenovo Legion M200 RGB Gaming Wired USB Mouse, Ambidextrous, 5-Buttons, Upto 2400 DPI with 4 Levels DPI Switch, 7-Colour R...",Lenovo,/kaggle/working/images/3586.jpg
TA Technology Ahead LG AC Remote Control Universal Compatible for LG Window and Split Air Conditioner,TA,/kaggle/working/images/3587.jpg
Onsitego 2 Years Extended Warranty for Fans Up to Rs 2500 (Email Delivery),Onsitego,/kaggle/working/images/3588.jpg
"Klenzmo Screen Cleaner and Lens Cleaner with Microfiber Cloth 250ml, Laptop Cleaner, Mobile Screen Cleaner, TV & Flat Scre...",Klenzmo,/kaggle/working/images/3589.jpg
"Logitech M90 Wired USB Mouse, 3 yr Warranty, 1000 DPI Optical Tracking, Ambidextrous PC/Mac/Laptop - Black",Logitech,/kaggle/working/images/3590.jpg
"TP-Link UE300C USB Type-C to RJ45 Gigabit Ethernet Network Adapter/RJ45 LAN Wired Adapter for Ultrabook, Chromebook, Lapto...",TP-Link,/kaggle/working/images/3591.jpg
Sounce Gold Plated 3.5 mm Headphone Splitter for Computer 2 Male to 1 Female 3.5mm Headphone Mic Audio Y Splitter Cable Sm...,Sounce,/kaggle/working/images/3593.jpg
"Nataraj Gelix Gel Pens - Pack of 5, Blue",Nataraj,/kaggle/working/images/3594.jpg
"boAt Immortal IM1000D Dual Channel Gaming Wired Over Ear Headphones with mic, 7.1 Channel Surround Audio, Dolby Atmos, 50m...",boAt,/kaggle/working/images/3595.jpg
ORICO 2.5 inch External Hard Drive Enclosure USB 3.0 to SATA III for 7mm and 9.5mm SATA HDD SSD Tool Free [UASP Supported]...,ORICO,/kaggle/working/images/3596.jpg
"CARECASE® Optical Bay 2nd Hard Drive Caddy, 9.5 mm CD/DVD Drive Slot for SSD and HDD",CARECASE®,/kaggle/working/images/3597.jpg
"3M Scotch Magic Tape Roll (2N) with Refillable Dispenser | 1.9cm x 25.4 Meter | Invisible, writable and Hand tearable | fo...",3M,/kaggle/working/images/3598.jpg
"Fire-Boltt Ring 3 Smart Watch 1.8"" Biggest Display Advanced Bluetooth Calling Chip, Voice Assistance,118 Sports Modes, in ...",Fire-Boltt,/kaggle/working/images/3599.jpg
"BENNETT Drax Laptop Sleeve Case Cover for 39.62 cm (15.6-Inch) Laptop MacBook, Protective (Black)",BENNETT,/kaggle/working/images/36.jpg
"All-New Echo Dot (5th Gen, 2023 release) | Smart speaker with Bigger sound, Motion Detection, Temperature Sensor and Alex...",All-New,/kaggle/working/images/360.jpg
VMT Stock Xundd Back Cover Case Compatible with OnePlus 11R 5G (Armor | Clear PC and TPU),VMT,/kaggle/working/images/3602.jpg
"Inefable® (10 Pcs with Black Pouch) Pubg Anti-Slip Thumb Sleeve, Slip-Proof Sweat-Proof Professional Touch Screen Thumbs F...",Inefable®,/kaggle/working/images/3603.jpg
"boAt Stone 260 4W Bluetooth Speaker with Upto 9 Hours Playback, IPX5 and Carabiner(Prism)",boAt,/kaggle/working/images/3605.jpg
Crucial BX500 480GB 3D NAND SATA 6.35 cm (2.5-inch) SSD (CT480BX500SSD1),Crucial,/kaggle/working/images/3608.jpg
"PTron Bullet 3.1A Fast Charging Car Charger, 3 USB Port, Fire Resistant, Lightweight, & Compact Car Charger for All Mobile...",PTron,/kaggle/working/images/3609.jpg
"Inefable® Pubg Anti-Slip Thumb Sleeve, Increase Your Gaming Score Slip-Proof Sweat-Proof Professional Touch Screen Thumbs ...",Inefable®,/kaggle/working/images/361.jpg
"Ambrane 20W Type C Charger/Adapter, PD Technology Fast Charging for iPhone 8 or Above, Android & Other Type C Enabled Devi...",Ambrane,/kaggle/working/images/3611.jpg
"Alboss Wall Mounted Storage Box Remote Storage Organizer Case for TV Mobile Phone Plug Air Conditioner Holder Stand Rack, ...",Alboss,/kaggle/working/images/3612.jpg
OFIXO 100 Pieces Colour Sheets Copy Printing Papers/Art and Craft Paper A4 Sheets Double Sided Coloured Origami Folding DI...,OFIXO,/kaggle/working/images/3613.jpg
Sony SA-D40 4.1 Channel Multimedia Speaker System with Bluetooth (Black),Sony,/kaggle/working/images/3614.jpg
Uniball Air Micro Pen Combo Set (2 Black + 2 Blue Pens) - (UBA 188 M),Uniball,/kaggle/working/images/3615.jpg
"Xiaomi Pad 5| Qualcomm Snapdragon 860| 120Hz Refresh Rate| 6GB, 256GB| 2.5K+ Display (10.95-inch/27.81cm)|1 Billion Colour...",Xiaomi,/kaggle/working/images/3616.jpg
"Dyazo Ergonomic PU Vegan Leather Mouse Pad, Non-Slip, Anti-Skid, Reversible use, Dual Color, Splash-Proof Suitable for Gam...",Dyazo,/kaggle/working/images/3617.jpg
PC SQUARE Laptop Tabletop Stand/ Computer Tablet Stand 6 Angles Adjustable Aluminum Ergonomic Foldable Portable Desktop Ho...,PC,/kaggle/working/images/3618.jpg
SanDisk Extreme SD UHS I 128GB Card for 4K Video for DSLR and Mirrorless Cameras 180MB/s Read & 90MB/s Write,SanDisk,/kaggle/working/images/3619.jpg
Acer 127 cm (50 inches) I Series 4K Ultra HD Android Smart LED TV AR50AR2851UDFL (Black),Acer,/kaggle/working/images/362.jpg
"SanDisk 1TB Portable SSD, 520MB/s R, USB 3.2 Gen 2, Rugged SSD with Upto 2 Meter Drop Protection, Type-C to Type-A Cable, ...",SanDisk,/kaggle/working/images/3620.jpg
"pTron Tangent Duo Made in India Bluetooth 5.2 Wireless in-Ear Earphones with Mic, 24Hrs Playback, 13mm Drivers, Punchy Bas...",pTron,/kaggle/working/images/3621.jpg
Acer 109 cm (43 inches) I Series 4K Ultra HD Android Smart LED TV AR43AR2851UDFL (Black),Acer,/kaggle/working/images/3622.jpg
Sounce Silicone Adjustable Watch Band Strap For Xiaomi Mi Band 3/ Mi Band 4 (Not Compatible For Mi Band 1/2),Sounce,/kaggle/working/images/3624.jpg
"pTron Solero M241 2.4A Micro USB Data & Charging Cable, Made in India, 480Mbps Data Sync, Durable 1-Meter Long USB Cable f...",pTron,/kaggle/working/images/3625.jpg
Smart Watch for Men Women ID116 Plus Smart Bracelet Fitness Tracker Color Screen Smartwatch Heart Rate Blood Pressure Pedo...,Smart,/kaggle/working/images/3626.jpg
"Noise ColorFit Pulse 2: 1.8"" Biggest Display Smart Watch, 550 NITS Brightness, Sleek Metallic Body, HR, Sleep & Spo2 Monit...",Noise,/kaggle/working/images/3627.jpg
Ambrane Type-C to Micro USB OTG Adapter for 3A Fast Charging and Data Sync- Compatible with All Type-C Enabled Devices Blue,Ambrane,/kaggle/working/images/363.jpg
"Noise ColorFit Pulse Grand Smart Watch with 1.69""(4.2cm) HD Display, 60 Sports Modes, 150 Watch Faces, Fast Charge, Spo2, ...",Noise,/kaggle/working/images/3633.jpg
Crucial RAM 16GB DDR4 3200 MHz CL22 Laptop Memory CT16G4SFRA32A,Crucial,/kaggle/working/images/3634.jpg
"truke BTG Beta True Wireless in Ear Earbuds with 13mm Big Speaker Drivers, 38H Playtime, Fast Charging, True Gaming Mode, ...",truke,/kaggle/working/images/3635.jpg
"CASE U Upgraded Stylus Pen for Apple iPad (2022-2018), Stylus Pencil, Quick Charge with Power Display, iPad Pencil, Magnet...",CASE,/kaggle/working/images/3638.jpg
Sounce AirPods Pro Case Cover Portable Silicone Skin Cover with Keychain Carabiner (Supports Wireless Charging) Compatible...,Sounce,/kaggle/working/images/3639.jpg
XPG ADATA GAMMIX D30 DDR4 8GB (1x8GB) 3200MHz U-DIMM Desktop Memory - AX4U32008G16A-SR30,XPG,/kaggle/working/images/364.jpg
"Oraimo 25.5W 4 Ports USB Charger, 5.1A USB Wall Charger Phone Adapter Compatible for iPhone 13/13 Mini/13 Pro Max/12/12 Pr...",Oraimo,/kaggle/working/images/3641.jpg
"boAt Airdopes 113 TWS Wireless in Ear Earbuds with ENx Tech, Beast Mode, ASAP Charge, 24H Playtime, Immersive Audio, IPX4,...",boAt,/kaggle/working/images/3644.jpg
"Amazon Basics HL-007347 HDMI Input to DVI Output (Not VGA) Adapter Cable, 6 Feet, Black",Amazon,/kaggle/working/images/3645.jpg
"Mivi Duopods A25 Bluetooth Truly Wireless in Ear Earbuds with Mic with 40Hours Battery, 13Mm Bass Drivers & Made in India....",Mivi,/kaggle/working/images/3646.jpg
"Sounce Earphone Case Cover Compatible with Boat Airdopes 141, Soft Silicone Skin Case Cover Shock-Absorbing Protective Cas...",Sounce,/kaggle/working/images/3647.jpg
"Gizga Essentials Set of 10 Cable Organiser, Cable Protector & Wire Organizer Clips for Cables, Reusable Cable Organizer fo...",Gizga,/kaggle/working/images/3648.jpg
F Gear Luxur Brown 25 liter Laptop Backpack (2404),F,/kaggle/working/images/3649.jpg
"DYAZO Water Resistant Camera Bag/Case Shoulder Strap Space for Photography Lens and Accessories Compatible for Nikon, Cano...",DYAZO,/kaggle/working/images/3651.jpg
"LOHAYA Remote Compatible for Mi Smart LED TV 4A Remote Control (32""/43"") [ Compatible for Mi Tv Remote Control ] [ Compati...",LOHAYA,/kaggle/working/images/3652.jpg
"Fire-Boltt Dagger 1.43"" AMOLED Display Smartwatch, 96% Screen to Body Ratio with Single BT Bluetooth Calling, IP68, Dual B...",Fire-Boltt,/kaggle/working/images/3653.jpg
Razer DeathAdder Essential Wired Gaming Mouse I Single-Color Green Lighting I 6400DPI Optical Sensor- Black - RZ01-0385010...,Razer,/kaggle/working/images/3655.jpg
AEIDESS Screen Guard Compatible for Ola S1 / S1 Pro EV Scooter (Transparent),AEIDESS,/kaggle/working/images/3657.jpg
"Ambrane 20000mAh Power Bank with 10.5W Fast Charging, Dual USB Output, Made in India, Multi-Layer Protection, Wide Compati...",Ambrane,/kaggle/working/images/3658.jpg
"ZEISS Lens Wipes - Pre-Moistened Lens Cleaning Wipes | Multi Purpose, Easy To Carry, On-The-Go and Individually Packed Wip...",ZEISS,/kaggle/working/images/3659.jpg
"JEBISON Smart Multipurpose Foldable Laptop Table with Cup Holder, Study Table, Bed Table, Breakfast Table, Foldable and Po...",JEBISON,/kaggle/working/images/366.jpg
"Tarkan Universal Bike Mount Silicone Mobile Holder, 360° Rotating Handlebar Stand for Bicycle, Motorcycle, Scooty Fits All...",Tarkan,/kaggle/working/images/3660.jpg
Maono AU-B01 Microphone Suspension Boom Scissor Arm Stand (Black),Maono,/kaggle/working/images/3661.jpg
"ZEBRONICS Sound Bomb 7 Bluetooth TWS in Ear Earbuds with 40H Playtime, ENC Mic, Rapid Charge, Upto 50ms Gaming Mode, Flash...",ZEBRONICS,/kaggle/working/images/3662.jpg
KLAM LCD Writing Tablet Screenwriting Toys Board Smart Digital E-Note Pad 8.5 Inch Light Weight Magic Slate for Drawing Pl...,KLAM,/kaggle/working/images/3665.jpg
"ESnipe Mart Worldwide Travel Adapter with Build in Charger Dual USB Ports with 125V 6A,250V Electrical Protected Plug (White)",ESnipe,/kaggle/working/images/3666.jpg
"Fire-Boltt Ninja 3 Smartwatch Full Touch 1.69 "" & 60 Sports Modes with IP68, Sp02 Tracking, Over 100 Cloud based watch fac...",Fire-Boltt,/kaggle/working/images/3668.jpg
"HP 14s, 11th Gen Intel Core i3-1115G4, 8GB RAM/256GB SSD 14-inch(35.6 cm) Micro-Edge, Anti-Glare, FHD Laptop/Alexa Built-i...",HP,/kaggle/working/images/367.jpg
"Ambrane Stringz 38 Wired Earphones with Mic, Powerful HD Sound with High Bass, Tangle Free Cable, Comfort in-Ear Fit, 3.5m...",Ambrane,/kaggle/working/images/3670.jpg
"Tecno POP 6 Pro (Peaceful Blue, 2GB RAM,32GB Storage) | Front Flash | 8MP Dual Camera",Tecno,/kaggle/working/images/3671.jpg
"Wayona Type C to Lightning MFI Certified 20W Fast charging Nylon Braided USB C Cable for iPhone 14,14 Pro,14 Pro Max,14 Pl...",Wayona,/kaggle/working/images/3672.jpg
"SONATA GOLD Series 1080p HD Bulb Light Wireless IP Camera,Fish Eye 360 Degree Panoramic Mini Lamp IR CCTV Home Security Ca...",SONATA,/kaggle/working/images/3673.jpg
"WeCool 5 in 1 Multi Function Earbud Cleaning Pen for Airpods Pro, Camera Lense, Smartwatch, Cleaning Tool kit, Electronics...",WeCool,/kaggle/working/images/3674.jpg
MYVN Compatible with OnePlus 11/11R/10/10pro/10r/8T/9/9pro/9r/nord 2 Fast Charging Cable 6.5A Warp Charge USB C to USB C C...,MYVN,/kaggle/working/images/3675.jpg
Sounce Adjustable Xiaomi Mi Band 5 & Mi Band 6 Watch Strap Silicone Adjustable - Set of 5,Sounce,/kaggle/working/images/3676.jpg
"BenQ GW2780 27 inch (68 cm) 1920 x 1080 Pixels IPS Full HD Ultra-Slim Bezel Monitor- Eye Care, Anti-Glare, Brightness Inte...",BenQ,/kaggle/working/images/3677.jpg
Amazon Basics L6LUC022-CS-R USB USB Type C to USB 3.1 Gen1 Female Adapter - White,Amazon,/kaggle/working/images/3679.jpg
Faber-Castell Connector Pen Set - Pack of 50 (Assorted),Faber-Castell,/kaggle/working/images/3680.jpg
7SEVEN® Bluetooth Voice Command Remote for Xiaomi Redmi Mi Smart TV with Netflix & Prime Video Hot Keys XMRM-00A,7SEVEN®,/kaggle/working/images/3684.jpg
realme 360 Deg 1080p Full HD WiFi Smart Security Camera (White) | Alexa Enabled | 2-Way Audio | Night Vision | Motion Trac...,realme,/kaggle/working/images/3686.jpg
"Verilux® USB C Hub, 6 in 1 Aluminum Multiport Adapter with 4K@30Hz HDMI, PD 87W&USB C Data Transfer, USB 3.0/2.0 Port, SD/...",Verilux®,/kaggle/working/images/3687.jpg
"Boult Audio YCharge Wireless in Ear Bluetooth Earphones with 12H Playtime, Type-C Fast Charging (20Min=100% Playtime), Pr...",Boult,/kaggle/working/images/3689.jpg
"All-new Kindle Paperwhite (16 GB) – Now with a 6.8"" display and adjustable warm light",All-new,/kaggle/working/images/369.jpg
SupCares Edge to Edge Tempered Glass for iQOO Neo 6 5G / iQOO Neo 6 SE 5G / iQOO 9 SE 5G / iQOO 7 5G / iQOO 7 Legend 5G (...,SupCares,/kaggle/working/images/3690.jpg
"Western Digital WD Green SATA 480GB, Up to 545MB/s, 2.5 Inch/7 mm, 3Y Warranty, Internal Solid State Drive (SSD) (WDS480G3...",Western,/kaggle/working/images/3692.jpg
"ELV Direct Book Holder Stand, Portable Handsfree Reading,Book Holding Tray, Sturdy, Lightweight, A4 Size (28cmX21cm)/(11 i...",ELV,/kaggle/working/images/3693.jpg
iPhone Fast Charger Original 20W Charger Compatible with Apple iPhone for 13/13 Mini/13Pro/13 Pro Max I-Phone 12/12 Pro/12...,iPhone,/kaggle/working/images/3696.jpg
"OTOROYS Metal CNC Bike Mount Holder Navigation 360 Degree Rotation Mirror Cradle for All Smartphones Bicycle, Motorcycle, ...",OTOROYS,/kaggle/working/images/37.jpg
"KINGONE Wireless Charging Pencil (2nd Generation) for iPad with Magnetic and Tilt Sensitive, Palm Rejection, Compatible wi...",KINGONE,/kaggle/working/images/370.jpg
POPIO Tempered Glass Screen Protector Compatible for iPhone 14 with Case Friendly Edge to Edge Coverage and Easy Installat...,POPIO,/kaggle/working/images/3701.jpg
"AYL Waterproof D-20 Touch Screen Smart Watch Bluetooth Smartwatch with Blood Pressure Tracking, Heart Rate Sensor and Basi...",AYL,/kaggle/working/images/3702.jpg
"Pilot Frixion Clicker Roller Pen (Blue), (9000019529)",Pilot,/kaggle/working/images/3703.jpg
"pTron Tangent Duo Made in India Bluetooth 5.2 Wireless in-Ear Earphones with Mic, 24Hrs Playback, 13mm Drivers, Punchy Bas...",pTron,/kaggle/working/images/3704.jpg
Fastrack Reflex Play|1.3” AMOLED Display Smart Watch with AOD|Premium Metallic Body|Animated Watchfaces|in-Built Games|BP...,Fastrack,/kaggle/working/images/3705.jpg
"MI Rechargeable Electric Toothbrush T100 for Adults with Dual Pro Mode & USB Fast Charging (White,Pack of 1)",MI,/kaggle/working/images/371.jpg
"MYVN Compatible 30W WARP/6A DASH Type C charging charger cable Data Sync Fast Charging Cable Compatible for OnePlus 8,8 PR...",MYVN,/kaggle/working/images/3710.jpg
Kokuyo Correction Tape 5mm - 6 metre - Color May Vary,Kokuyo,/kaggle/working/images/3711.jpg
"EGOTUDE Soft Slim Flexible Silicone Back Cover Case for iPhone 13 (Matte Black, TPU)",EGOTUDE,/kaggle/working/images/3712.jpg
"uni-Ball Eye UB 157 Roller Pen | Tip Size 0.7 mm | Comfortable Grip| Ideal for Students and Professionals | for School, Of...",uni-Ball,/kaggle/working/images/3714.jpg
TheGiftKart Ultra-Hybrid Crystal Clear Back Case Cover for Samsung Galaxy S23 Ultra 5G | Shockproof Design | Camera Protec...,TheGiftKart,/kaggle/working/images/3715.jpg
"Amazon Basics Magic Slate 15-inch LCD Writing Tablet with Stylus Pen, for Drawing, Playing, Noting by Kids & Adults, Black",Amazon,/kaggle/working/images/3716.jpg
Spigen EZ Fit Tempered Glass Screen Protector Guard for iPhone 14 Plus / 13 Pro Max - 2 Pack,Spigen,/kaggle/working/images/3717.jpg
HP 805XL Black Original Ink Cartridge,HP,/kaggle/working/images/3718.jpg
"pTron Bassbuds Wave ENC Bluetooth 5.3 Wireless in Ear Earbuds, 40Hrs Total Playtime, Movie Mode & Deep Bass, Low Latency, ...",pTron,/kaggle/working/images/3719.jpg
"rts (2 pack) Type C USB 3.1 Female to USB Male Adapter USB Type C to USB A Charger Cable Adapter,Compatible for All Smartp...",rts,/kaggle/working/images/372.jpg
iFFALCON 147 cm (58 inches) 4K Ultra HD Smart LED Google TV iFF58U62 (Black),iFFALCON,/kaggle/working/images/373.jpg
"Gizga Essentials Laptop Bag Sleeve Case Cover Pouch with Handle for 15.6 Inch Laptop for Men & Women, Padded Laptop Compar...",Gizga,/kaggle/working/images/374.jpg
Parker Vector Standard Blue Fountain Pen Chrome Trim Fine Nib with 3 Free Ink Cart (Ink - Blue),Parker,/kaggle/working/images/3744.jpg
"SanDisk Extreme microSD UHS I Card 64GB for 4K Video on Smartphones,Action Cams 170MB/s Read,80MB/s Write",SanDisk,/kaggle/working/images/3746.jpg
"Faber-Castell Tri-Grip Brush - Round, Pack of 7 (Assorted)",Faber-Castell,/kaggle/working/images/3747.jpg
"DYAZO 10 Inches LED Ring Light for Camera, and Video Shooting , Makeup with 7 Feet Long Foldable and Lightweight Ring Ligh...",DYAZO,/kaggle/working/images/3748.jpg
TP-Link UE300 USB 3.0 to RJ45 Gigabit Ethernet Network Adapter - Plug and Play,TP-Link,/kaggle/working/images/3749.jpg
"JBL C115 True Wireless in Ear Earbuds with Mic, Jumbo 21 Hours Playtime with Quick Charge, True Bass, Dual Connect, Blueto...",JBL,/kaggle/working/images/375.jpg
Epaal® Spiral Triple Color (2 Pcs) 1.4 Meters Each-Full Size Cable Cord Charger Protector Saver Winder for iPhone & Androi...,Epaal®,/kaggle/working/images/3752.jpg
"Redmi SonicBass Wireless In Ear Earphones with Mic Noise Cancellation, IPX4 Splash & Sweat Proof, Multi-Point Dual Pairin...",Redmi,/kaggle/working/images/3753.jpg
TP-Link UE200 USB 2.0 to 100 Mbps Ethernet Network Adapter - Plug and Play,TP-Link,/kaggle/working/images/3754.jpg
"STRIFF UPH2W Multi Angle Tablet/Mobile Stand. Holder for iPhone, Android, Samsung, OnePlus, Xiaomi. Portable,Foldable Stan...",STRIFF,/kaggle/working/images/3755.jpg
"REDMI Wired High Definition in-Ear Earphones with in-Built HD Mic, Hi-Res Audio Certified, 10 mm Driver, Metal Sound Chamb...",REDMI,/kaggle/working/images/3756.jpg
"HP w200 HD 720P 30 FPS Digital Webcam with Built-in Mic, Plug and Play Setup, Wide-Angle View for Video Calling on Skype, ...",HP,/kaggle/working/images/3757.jpg
SanDisk Extreme Pro SD UHS I 128GB Card for 4K Video for DSLR and Mirrorless Cameras 200MB/s Read & 90MB/s Write,SanDisk,/kaggle/working/images/3758.jpg
"Lava Flip, Blue - Dual Sim Keypad GSM Mobile with Unique Design, Notification LED and Number Talker",Lava,/kaggle/working/images/3759.jpg
"PiBOX India - SATA to USB 3.0 Cable, USB 3.0 to SATA III Hard Drive Adapter Compatible for 2.5 3.5 Inch Desktop HDD/SSD Ha...",PiBOX,/kaggle/working/images/3760.jpg
"FLiX (Beetel USB to Type C PVC Data Sync & 2A Smartphone Fast Charging Cable, Made in India, 480Mbps Data Sync, Tough Cabl...",FLiX,/kaggle/working/images/3761.jpg
"Safari Quill Laptop Backpack 26 Ltrs Water Resistant Fabric - Blue, L (QUILL19CBBLU)",Safari,/kaggle/working/images/3762.jpg
"Sony WF-C500 Truly Wireless Bluetooth Earbuds with 20Hrs Battery, True Wireless Earbuds with Mic for Phone Calls, Quick Ch...",Sony,/kaggle/working/images/3763.jpg
"APC Back-UPS BX1100C-IN 1100VA / 660W, 230V, UPS System, An ideal Power Backup & Protection for Home Office, Desktop PC & ...",APC,/kaggle/working/images/3764.jpg
Zebronics Zeb-Calyx Wired in Ear Earphones with Mic (Black),Zebronics,/kaggle/working/images/3767.jpg
Duracell CHHOTA Power Alkaline AA Batteries - 20 Pcs,Duracell,/kaggle/working/images/377.jpg
MYVN Soft Silicone Case Compatible with Samsung Galaxy Buds 2 Case (2021) / Galaxy Buds Pro Case (2021) / Galaxy Buds Live...,MYVN,/kaggle/working/images/379.jpg
"boAt Airdopes 181 in-Ear True Wireless Earbuds with ENx Tech, Beast Mode(Low Latency Upto 60ms) for Gaming, with Mic, AS...",boAt,/kaggle/working/images/38.jpg
SanDisk Extreme Pro SD UHS I 64GB Card for 4K Video for DSLR and Mirrorless Cameras 200MB/s Read & 90MB/s Write,SanDisk,/kaggle/working/images/3816.jpg
"Redmi Pad | MediaTek Helio G99 | 26.95cm (10.61 inch) 2K Resolution & 90Hz Refresh Rate Display | 4GB RAM & 128GB Storage,...",Redmi,/kaggle/working/images/3819.jpg
"ETI Duct Tape, 48x50m (Grey)",ETI,/kaggle/working/images/382.jpg
WOW IMAGINE Shock Proof Clear Back Cover Case Mobile Cover for Samsung Galaxy M33 5G (Hard | Hybrid PC + TPU | Full Armour...,WOW,/kaggle/working/images/3820.jpg
"Tough Lee Tempered Glass Screen Guard for Poco C50 / Mi Redmi 11 Prime / A1 / 10A / 9A Sport / 9 Activ / 9A / 9 / 9i, Oppo...",Tough,/kaggle/working/images/3821.jpg
"FLiX (Beetel USB to Micro USB PVC Data Sync & 2A Fast Charging Cable, Made in India, 480Mbps Data Sync, Solid Cable, 1 Met...",FLiX,/kaggle/working/images/3822.jpg
"KRISONS Cylender 4” Double Woofer 30W Multi-Media Bluetooth Party Speaker with Wired Mic for Karaoke, RGB Lights, USB, SD ...",KRISONS,/kaggle/working/images/3823.jpg
AmazonBasics C Cell Everyday Alkaline Batteries (4-Pack),AmazonBasics,/kaggle/working/images/3824.jpg
"Gizga Essentials Laptop Bag Sleeve Case Cover Pouch with Handle for 14.1 Inch Laptop for Men & Women, Padded Laptop Compar...",Gizga,/kaggle/working/images/3826.jpg
"Amazon Brand - Solimo 3A Fast Charging Tough Type C USB Data Cable for Smartphone - 1 Meter, White",Amazon,/kaggle/working/images/3827.jpg
"Samsung Galaxy A14 5G (Dark Red, 6GB, 128GB Storage) | Triple Rear Camera (50 MP Main) | Upto 12 GB RAM with RAM Plus | Tr...",Samsung,/kaggle/working/images/3828.jpg
Red Lemon Swisslook Polyester Bange Series 45L 15.6-inch Laptop Bags Backpack for Men and Women Waterproof USB Anti Theft ...,Red,/kaggle/working/images/3829.jpg
HP v150w 32GB USB 2.0 flash Drive (Blue),HP,/kaggle/working/images/3830.jpg
AEIDESS Tempered Glass Screen Protector Compatible For Oneplus Nord 2 5G with Edge to Edge Coverage and Easy Installation Kit,AEIDESS,/kaggle/working/images/3831.jpg
"Orico 2.5""(6.3cm) USB 3.0 HDD Enclosure Case Cover for SATA SSD HDD | SATA SSD HDD Enclosure High Speed USB 3.0 | Tool Fre...",Orico,/kaggle/working/images/3832.jpg
TheGiftKart Tough Armor Bumper Back Case Cover for OnePlus 11R 5G | Ring Holder & Kickstand in-Built | 360 Degree Protecti...,TheGiftKart,/kaggle/working/images/3834.jpg
"Artis AR-45W-MG2 45 Watts MG2 Laptop Adapter/Charger Compatible with MB Air 13” & MB Air 11” (14.5 V, 3.1 A) Connector: MG...",Artis,/kaggle/working/images/3835.jpg
Gear Classic 20L Faux Leather Water Resistant Anti Theft Laptop Bag/Backpack for Men/Women-Navy,Gear,/kaggle/working/images/3836.jpg
"JBL Flip 5 Wireless Portable Bluetooth Speaker, Signature Sound with Powerful Bass Radiator, Vibrant Colors with Rugged De...",JBL,/kaggle/working/images/3837.jpg
"Tecno Spark 9 (Sky Mirror, 4GB RAM,64GB Storage) | 7GB Expandable RAM | Helio G37 Gaming Processor",Tecno,/kaggle/working/images/3838.jpg
"Belkin Fast Charging,Universally Compatible Dual USB-C 40W Pd Wall Charger-Power Delivery 3.0 Certified,Each Port Delivers...",Belkin,/kaggle/working/images/3839.jpg
"Nokia C12 Android 12 (Go Edition) Smartphone, All-Day Battery, 4GB RAM (2GB RAM + 2GB Virtual RAM) + 64GB Capacity | Dark ...",Nokia,/kaggle/working/images/384.jpg
"Gaiatop Mini Portable Fan, Powerful Hand Fan Table Fan Personal Small Desk Fan with Base, Cute Design 3 Speed Dual Motors ...",Gaiatop,/kaggle/working/images/385.jpg
"Tecno Spark 8 Pro (Turquoise Cyan, 4GB RAM,64GB Storage) | 48MP Triple Camera | 33W Fast Charger",Tecno,/kaggle/working/images/386.jpg
"House of Quirk Electronics Accessories Organizer Bag, Universal Carry Travel Gadget Bag for Cables, Plug and More, Perfect...",House,/kaggle/working/images/3864.jpg
"Samsung Galaxy M32 Prime Edition (Light Blue, 4GB RAM, 64GB)",Samsung,/kaggle/working/images/3865.jpg
"DURACELL 36 Watts Fast Wall Charger Adapter, Type C Power Delivery & QC 3.0 USB Charger Fast Charging Compatible with iPho...",DURACELL,/kaggle/working/images/3866.jpg
"ZEBRONICS Zeb-100HB 4 Ports USB Hub for Laptop, PC Computers, Plug & Play, Backward Compatible - Black",ZEBRONICS,/kaggle/working/images/3868.jpg
Sounce Anti-Slip Silicone Ear Buds 2-Pair 4-Pcs Silicone Earphone & Bluetooth Ear Hook Medium Size Ear Hooks Plugs for in-...,Sounce,/kaggle/working/images/3869.jpg
MI Power Bank Hypersonic 20000mAh 50W Lithium Polymer Supports Laptop Charging 50W Mobile Charging | Power Delivery 3.0 Fa...,MI,/kaggle/working/images/3870.jpg
"Noise Pulse Buzz 1.69"" Bluetooth Calling Smart Watch with Call Function, 150 Watch Faces, 60 Sports Modes, Spo2 & Heart Ra...",Noise,/kaggle/working/images/3872.jpg
"Apple 2021 10.2-inch (25.91 cm) iPad with A13 Bionic chip (Wi-Fi, 64GB) - Space Grey (9th Generation)",Apple,/kaggle/working/images/3873.jpg
"Amazon Basics Capacitive Stylus Pen for iOS and Android Touchscreen Devices, Fine Point Disc Tip, Lightweight Metal Body w...",Amazon,/kaggle/working/images/3874.jpg
"boAt Rockerz 245 pro Bluetooth in Ear Neckband with Beast Mode(Super Low Latency) for Gaming, ENx Tech for Clear Calls, AS...",boAt,/kaggle/working/images/3875.jpg
"Tokdis MX-1 Pro Bluetooth Calling Smartwatch - 1.69” LCD Display, Multiple Watch Faces, Sleep Monitor, Heart & SpO2 Monito...",Tokdis,/kaggle/working/images/3876.jpg
"SanDisk Ultra microSD UHS-I Card 64GB, 120MB/s R",SanDisk,/kaggle/working/images/3877.jpg
"Gizga Essentials Laptop Bag Sleeve Case Cover Pouch for 15.6 Inch Laptop for Men & Women, Padded Laptop Compartment, Free ...",Gizga,/kaggle/working/images/3878.jpg
GreatDio® Transparent Envelope Folder | Poly-Plastic A4 Documents File Storage Bag with Snap Button | Document Folder for ...,GreatDio®,/kaggle/working/images/3879.jpg
"boAt Airdopes 113 TWS Wireless in Ear Earbuds with ENx Tech, Beast Mode, ASAP Charge, 24H Playtime, Immersive Audio, IPX4,...",boAt,/kaggle/working/images/388.jpg
"Noise ColorFit Ultra 2 LE with 1.78"" Always On AMOLED Display, 368x448px (326 PPI) Best in Class Resolution, 100+ Watch Fa...",Noise,/kaggle/working/images/3881.jpg
TP-Link Tapo 2MP 1080p Full HD Home Security Wi-Fi Smart Camera| Alexa Enabled| 2-Way Audio| Night Vision| Motion Detectio...,TP-Link,/kaggle/working/images/3882.jpg
"Fire-Boltt Ring 3 Smart Watch 1.8 Biggest Display with Advanced Bluetooth Calling Chip, Voice Assistance,118 Sports Modes,...",Fire-Boltt,/kaggle/working/images/3883.jpg
EGOTUDE Shockproof Transparent Hard Back Scratch Resistant Cover Case for iPhone 14 / iPhone 13 (Clear),EGOTUDE,/kaggle/working/images/3885.jpg
"USB C to HDMI Adapter, Aluminum Portable USB C Adapter, Supports 1080p 60Hz, 4K 30Hz, for MacBook Pro, MacBook Air, Pixelb...",USB,/kaggle/working/images/3886.jpg
Wayona Type C To Type C Long Fast Charging Cable Type C Charger Cord Compatible With Samsung S22 S20 S20 Fe 2022 S22 Ultra...,Wayona,/kaggle/working/images/3888.jpg
"Portronics Clamp 2 Car AC Vent Mobile Holder 360° Rotational, Strong Grip, Easy Set Up Compatible with 4 to 6 Inch Device...",Portronics,/kaggle/working/images/3889.jpg
"RPM Euro Games USB Wireless Gaming Mouse Rechargeable 500 mAh Battery DPI Upto 3200 6 Color RGB Lights Rubber Coated Mice,...",RPM,/kaggle/working/images/389.jpg
Canon CL-746s (Small) Ink Cartridge (Color),Canon,/kaggle/working/images/3890.jpg
Portronics My Buddy D Wood Multipurpose Movable & Adjustable Table for Computer & Laptop(Brown),Portronics,/kaggle/working/images/3891.jpg
"Boult Audio Newly Launched X10 True Wireless in Ear Earbuds with 45H Playtime, 40ms Xtreme Low Latency Mode, ENC Mic, Made...",Boult,/kaggle/working/images/3892.jpg
"Verilux® Flash Drive 64GB 4 in 1 Pendrive with Light-ning, Micro USB, USB A, Type-C Interface Mini Hangable Pen Drive for ...",Verilux®,/kaggle/working/images/3893.jpg
"OnePlus Warp Charge Type-C Cable (150cm, Red)",OnePlus,/kaggle/working/images/3894.jpg
"SanDisk Ultra UHS I 64GB SD Card 140MB/s for DSLR and Mirrorless Cameras, 10Y Warranty",SanDisk,/kaggle/working/images/3895.jpg
"Offbeat® - DASH 2.4GHz Wireless + Bluetooth 5.1 Mouse, Multi-Device Dual Mode Slim Rechargeable Silent Click Buttons Wirel...",Offbeat®,/kaggle/working/images/3896.jpg
"PTron Newly Launched Force X10 Bluetooth Calling Smartwatch with 1.7"" Full Touch Color Display, Real Heart Rate Monitor, S...",PTron,/kaggle/working/images/3897.jpg
"Sony WI-XB400 Wireless Extra Bass in-Ear Headphones with 15 hrs Battery, Quick Charge, Magnetic Earbuds, Tangle Free Cord,...",Sony,/kaggle/working/images/3899.jpg
Peiroks Dash/Warp Charging Type C Cable Compatible for OnePlus Nord CE/ 10 Pro/ 9RT/ 9 Pro/ 9/ 9R/ Nord 2/ Nord/ 8 Pro/ 8...,Peiroks,/kaggle/working/images/39.jpg
"Anchor by Panasonic Spike Guard 4-Way Socket with Single Switch (White), 240 V, 1440 Watt",Anchor,/kaggle/working/images/390.jpg
Classmate Octane Neon- 25 Blue Gel Pens | Smooth Writing Pens| Water-proof Ink For Smudge-free Writing| Preferred By Stude...,Classmate,/kaggle/working/images/3900.jpg
"TAGG Verve Sense Smartwatch with 1.70'' Large Display, Real SPO2, and Real-Time Heart Rate Tracking, 7 Days Battery Backu...",TAGG,/kaggle/working/images/3901.jpg
Faber-Castell Connector Pen Set - Pack of 25 (Assorted),Faber-Castell,/kaggle/working/images/3902.jpg
"Zebronics ZEB-COUNTY 3W Wireless Bluetooth Portable Speaker With Supporting Carry Handle, USB, SD Card, AUX, FM & Call Fun...",Zebronics,/kaggle/working/images/3904.jpg
"Zebronics ZEB-COUNTY 3W Wireless Bluetooth Portable Speaker With Supporting Carry Handle, USB, SD Card, AUX, FM & Call Fun...",Zebronics,/kaggle/working/images/3905.jpg
7SEVEN® Compatible for Samsung Smart 4K Ultra HD TV Monitor Remote Control Replacement of Original Samsung TV Remote for L...,7SEVEN®,/kaggle/working/images/3906.jpg
"Fire-Boltt 360 SpO2 Full Touch Large Display Round Smart Watch with in-Built Games, 8 Days Battery Life, IP67 Water Resist...",Fire-Boltt,/kaggle/working/images/3907.jpg
OneAssist 2 Years Extended Warranty Plan for Headphones 1001 to 2000 - Email Delivery Within 2 Hours,OneAssist,/kaggle/working/images/3908.jpg
"Fire-Boltt Visionary 1.78"" AMOLED Bluetooth Calling Smartwatch with 368 * 448 Pixel Resolution, Rotating Crown & 60Hz Refr...",Fire-Boltt,/kaggle/working/images/3911.jpg
HP v222w 64GB USB 2.0 Pen Drive (Silver),HP,/kaggle/working/images/392.jpg
"Doodle Initial A Premium Soft Bound Notebook Diary for Girls and Women (B6, 80 GSM, 192 Ruled Pages) Floral Design",Doodle,/kaggle/working/images/393.jpg
"Blaupunkt SBA10 10W Bluetooth Soundbar Speaker for TV with Bluetooth, AUX, USB, TWS Mini Soundbar for TV/PC/Projectors/Tab...",Blaupunkt,/kaggle/working/images/395.jpg
URBN Type-C USB 3.4 Amp | 25W Fast Charging Cable for Smartphone | Unbreakable Rugged & Nylon Braided | Quick Charge (QC) ...,URBN,/kaggle/working/images/396.jpg
"Gizga Essentials Multi-Purpose Portable & Foldable Wooden Desk for Bed Tray, Laptop Table, Study Table (Black)",Gizga,/kaggle/working/images/3960.jpg
TheGiftKart Tough Armor Bumper Back Case Cover for OnePlus 11 5G | Ring Holder & Kickstand in-Built | 360 Degree Protectio...,TheGiftKart,/kaggle/working/images/3961.jpg
"ZEBRONICS Zeb- Haze 2.4GHz Wireless Mouse with up to 1200 DPI, Power Saving Mode, Nano Receiver and Plug & Play Usage - Black",ZEBRONICS,/kaggle/working/images/3962.jpg
"Fire-Boltt Ninja 3 Smartwatch Full Touch 1.69 "" & 60 Sports Modes with IP68, Sp02 Tracking, Over 100 Cloud based watch fac...",Fire-Boltt,/kaggle/working/images/3963.jpg
"Camlin PB White Board Bold Marker - Pack of 4 Assorted Colors (Black, Blue, Red, Green)",Camlin,/kaggle/working/images/3964.jpg
"tizum Foldable Tablet/Mobile Phone Tabletop Stand Holder, Adjustable Angle, Anti-Slip Pads, Cradle, Dock Compatible for Ip...",tizum,/kaggle/working/images/3965.jpg
"Panasonic eneloop pro Ni‐MH AA Rechargeable Battery, low self discharge for multi use up to 2550 mAh capacity, storage lif...",Panasonic,/kaggle/working/images/3966.jpg
Samsung Original IC050 Type-C Wired in Ear Earphone with mic (White),Samsung,/kaggle/working/images/3967.jpg
"Samsung Galaxy M32 Prime Edition (Black, 4GB RAM, 64GB)",Samsung,/kaggle/working/images/3968.jpg
"Canon PIXMA E4570 All-in-One, Wireless, Mono/Colour, Print, Scan, Copy, Fax, Duplex Printing, 5.2 cm LCD",Canon,/kaggle/working/images/3969.jpg
"URBN 20000 mAh Lithium_Polymer 22.5W Super Fast Charging Ultra Compact Power Bank with Quick Charge & Power Delivery, Type...",URBN,/kaggle/working/images/397.jpg
MI Braided Type C 100cm Cable Black|Supports Upto 22.5 Fast Charging|Tangle Free Sturdy Built with Kevlar Protection|Suppo...,MI,/kaggle/working/images/3970.jpg
Casio MJ-120GST GST Calculator (Black),Casio,/kaggle/working/images/3971.jpg
"Samsung Galaxy M13 5G (Midnight Blue, 4GB, 64GB Storage) | 5000mAh Battery | Upto 8GB RAM with RAM Plus",Samsung,/kaggle/working/images/3972.jpg
HP 46 Ink Cartridge (Black),HP,/kaggle/working/images/3973.jpg
Amozo Ultra Hybrid Camera and Drop Protection Back Cover Case for iPhone 13 (Polycarbonate| Back Transparent - Sides Black),Amozo,/kaggle/working/images/3974.jpg
Parker Vector Standard Chrome Trim Ball Pen (Ink - Black),Parker,/kaggle/working/images/3975.jpg
"Beetel B11 Corded Landline Phone, Ringer Volume Control, LED for Ring Indication, Wall/Desk Mountable, Classic Design, Cle...",Beetel,/kaggle/working/images/3976.jpg
"Belkin Apple Certified Lightning To Type C Cable, Fast Charging For Iphone, Ipad, Air Pods, 3.3 Feet (1 Meters)  White",Belkin,/kaggle/working/images/3977.jpg
"Gizga Essentials Cable Organiser, Cord Management System for PC, TV, Home Theater, Speaker & Cables, Reusable Cable Organi...",Gizga,/kaggle/working/images/3978.jpg
Qubo Mini UPS Plus from Hero Group | Uninterrupted Power Backup for WiFi Routers | Upto 4 Hours Power Backup | Voltage Reg...,Qubo,/kaggle/working/images/3979.jpg
"Syncwire USB Type C to 3.5 mm Audio Jack Connector, Headphones Jack Converter Compatible with Galaxy S8, S8 Plus, S9, S9 P...",Syncwire,/kaggle/working/images/398.jpg
"XP-Pen StarG640 Ultra-Thin Graphic Drawing Tablet (6"" x 4"", 8192 Levels of Pressure Sensitivity, Battery-Free Stylus, Black)",XP-Pen,/kaggle/working/images/3980.jpg
Consistent SSD 256GB (CTSSD256S6),Consistent,/kaggle/working/images/3981.jpg
STRIFF Foldable Tablet Mobile Tabletop Stand Holder - Angle & Height Adjustable Desk Cell Phone Holder Anti-Slip Compatibl...,STRIFF,/kaggle/working/images/3982.jpg
"boAt Rockerz 335 Bluetooth Wireless in Ear Earphones with Qualcomm Aptx & CVC, Upto 30 Hours Playback, ASAP Charge, Signat...",boAt,/kaggle/working/images/3983.jpg
"Amazfit GTS 2 (New Version) Smart Watch with Ultra HD AMOLED Display, Built-in Amazon Alexa, Built-in GPS, SpO2 & Stress M...",Amazfit,/kaggle/working/images/3984.jpg
ENVIE® (ECR11MC + 2800 4PL) SprintX Ultra Fast Rechargeable Batteries Charger for AA & AAA Ni-MH with 4xAA2800mah Recharge...,ENVIE®,/kaggle/working/images/3985.jpg
"Wayona Nylon Braided (2 Pack) Lightning Fast Usb Data Cable Fast Charger Cord For Iphone, Ipad Tablet (3 Ft Pack Of 2, Grey)",Wayona,/kaggle/working/images/3986.jpg
"Astroghar Mini Hand Tally Counter Finger Ring Digital Electronic Head Count,Japa Counter Mini Hand Tally Counter Finger Ri...",Astroghar,/kaggle/working/images/3987.jpg
MME 80MMx50Mtr.(3Inch) Cash Register Machine Thermal Paper Roll Set of 10 Rolls,MME,/kaggle/working/images/3988.jpg
Canon Compatible for Canon GI-790 Ink Bottle (Magenta),Canon,/kaggle/working/images/3989.jpg
"ZEBRONICS Zeb Evolve Wireless Bluetooth in Ear Neckband Earphone, Rapid Charge, Dual Pairing, Magnetic earpiece,Voice Assi...",ZEBRONICS,/kaggle/working/images/399.jpg
TheGiftKart Ultra-Hybrid Clear Back Case Cover for iPhone 14 Plus | Shockproof Design | Camera Protection Bump | Hard Back...,TheGiftKart,/kaggle/working/images/3990.jpg
"Casio MJ-120D 150 Steps Check and Correct Desktop Calculator with Tax Keys, Black",Casio,/kaggle/working/images/3991.jpg
URBN Type-C USB 3.4 Amp | 25W Fast Charging Cable for Smartphone | Unbreakable Rugged & Nylon Braided | Quick Charge (QC) ...,URBN,/kaggle/working/images/3992.jpg
"Tizum 4G Fast LTE Wireless USB Single Band Dongle Stick with All SIM Network Support, Plug & Play Data Card with up to 150...",Tizum,/kaggle/working/images/3993.jpg
UNIGEN 20W Type-C PD 3X Fast Charger [with 1M Type C to Lightening Cable] for Quick Charging Data Sync for iPhone 14 13 12...,UNIGEN,/kaggle/working/images/3994.jpg
"boAt Matrix Smart Watch with 1.65” AMOLED Display, Always On Mode, Slim Premium Design, Heart Rate & SpO2 Monitoring, Heal...",boAt,/kaggle/working/images/3995.jpg
"Belkin Apple Certified Lightning to USB Charge and Sync Cable for iPhone, iPad, Air Pods, 3.3 feet (1 meters) – White",Belkin,/kaggle/working/images/3996.jpg
"JBL Wave 200 TWS, True Wireless in-Ear Earbuds with Mic, 20 Hours Playtime, Deep Bass Sound, use Single Earbud or Both, Bl...",JBL,/kaggle/working/images/3997.jpg
"Beetel B11 Corded Landline Phone, Ringer Volume Control, LED for Ring Indication, Wall/Desk Mountable, Classic Design,Clea...",Beetel,/kaggle/working/images/3998.jpg
MYVN 6A 33W 55W 67W 120W Turbo and Hyper Superfast Cable Quick Charging Type C USB Cable For Mi 9 10 11 Pro 9Se CC9 Pro No...,MYVN,/kaggle/working/images/3999.jpg
"EGate i9 Pro-Max 1080p Native Full HD Projector 4k Support | 4500 L (420 ANSI) | 210"" (533 cm) Large Screen | VGA, AV, HDM...",EGate,/kaggle/working/images/4.jpg
"SanDisk Ultra Dual Drive Go 64GB USB 3.0 Type C Pen Drive for Mobile (Mint Green, 5Y)",SanDisk,/kaggle/working/images/40.jpg
"Noise Fit Halo with Leather Strap, Bluetooth Calling Round Dial Smart Watch, 1.43"" AMOLED Display, Premium Metallic Build,...",Noise,/kaggle/working/images/400.jpg
ELV Mini Aluminum Adjustable Mobile Phone Foldable Holder Stand Dock Mount for All Smartphones (Mini Black),ELV,/kaggle/working/images/4000.jpg
POPIO Screen Guard for Samsung Galaxy S22 Ultra 5G / Samsung Galaxy S23 Ultra 5G (Transparent) Edge to Edge Full Screen Co...,POPIO,/kaggle/working/images/4001.jpg
"Tukzer Fully Foldable Tabletop Desktop Tablet Mobile Stand Holder - Angle & Height Adjustable for Desk, Cradle, Dock, Comp...",Tukzer,/kaggle/working/images/4002.jpg
"SaleOn™ Portable Storage Organizer Bag for Earphone USB Cable Power Bank Mobile Charger Digital Gadget Hard Disk, Water Re...",SaleOn™,/kaggle/working/images/4003.jpg
"Amazon Basics 20000mAh Lithium Polymer 18W Fast Charging Power Bank | Triple Output (Type C, 2 USB) and Dual Input (Type ...",Amazon,/kaggle/working/images/4004.jpg
"boAt Newly Launched Airdopes 458 TWS Earbuds with Spatial Bionic Sound by THX,in Ear Detection, ENx™Tech,30H Playtime, Bea...",boAt,/kaggle/working/images/4005.jpg
"Lapster Universal Silicone 14.0"" Keyboard Protector Skin||Keyboard Dust Cover| Keyboard Skin for 14.0"" Laptop |14.0"" Keygu...",Lapster,/kaggle/working/images/4006.jpg
"Classmate Premium 6 Subject Spiral Notebook - 203mm x 267mm, Soft Cover, 300 Pages, Unruled",Classmate,/kaggle/working/images/4007.jpg
"ZEBRONICS Zeb-Jaguar Wireless Mouse, 2.4GHz with USB Nano Receiver, High Precision Optical Tracking, 4 Buttons, Plug & Pla...",ZEBRONICS,/kaggle/working/images/4008.jpg
AmazonBasics AAAA Everyday Alkaline Batteries for Stylus (8-Pack) - Appearance May Vary,AmazonBasics,/kaggle/working/images/4009.jpg
OpenTech® Tempered Glass Screen Protector Compatible for iPhone 12/12 Pro with Edge to Edge Coverage and Easy Installation...,OpenTech®,/kaggle/working/images/401.jpg
Gear Vintage2 28L Faux Leather Water Resistant Anti Theft Laptop Bag/Backpack for Men/Women-Brown,Gear,/kaggle/working/images/4010.jpg
"Tecno Spark 8T (Atlantic Blue, 4GB RAM,64GB Storage)| 50MP AI Camera | 7GB Expandable RAM",Tecno,/kaggle/working/images/4011.jpg
URBN 20000 mAh Li-Polymer Ultra Compact Power Bank | 12W Fast Charge | Dual USB Output | Type C & Micro Input (Blue),URBN,/kaggle/working/images/4012.jpg
"Motorola a70 keypad Mobile Dual Sim with Expandable Memory Upto 32GB,Camera, 2.4 inch Screen with 1750 mAh Battery, Rose Gold",Motorola,/kaggle/working/images/4013.jpg
"Sounce Realme 65W Super Vooc Charge, Data Sync Fast Charging Type-C Cable Compatible for Realme XT, Realme XT 730G, Realme...",Sounce,/kaggle/working/images/4014.jpg
OnePlus SUPERVOOC 80W Power Adapter for Cellular Phones - White,OnePlus,/kaggle/working/images/4015.jpg
Pikkme Redmi 9A / 9i / 9A Sport Leather Flip Cover Wallet Case for Redmi 9A / 9i / 9A Sport (Blue),Pikkme,/kaggle/working/images/4016.jpg
Texas Instruments BA II Plus Financial Calculator | Prompt 10-Digit Display | with Cash Flow Analysis & Advanced List Base...,Texas,/kaggle/working/images/4017.jpg
"Classmate Pulse 6 Subject Notebook - Unruled, 300 Pages, Spiral Binding, 240mm*180mm",Classmate,/kaggle/working/images/4018.jpg
Faber-Castell Tack-It - 90 pieces (Light Green),Faber-Castell,/kaggle/working/images/4019.jpg
"OnePlus 11 5G (Titan Black, 8GB RAM, 128GB Storage)",OnePlus,/kaggle/working/images/402.jpg
"TP-Link UH400 USB 3.0 4-Port Portable Data Hub for Mac, iMac, MacBook Pro Air, Ultrabooks, Tablet, Laptop and Any PC, Wind...",TP-Link,/kaggle/working/images/4020.jpg
Robustrion Anti-Scratch & Smudge Proof Tempered Glass Screen Protector Guard for iPad 10th Generation 10.9 inch,Robustrion,/kaggle/working/images/4021.jpg
"Amazfit GTS 4 Mini Smart Watch, Alexa Built-in Fitness Tracker with 24H Heart Rate Blood Oxygen Monitor, 5 Satellite Posit...",Amazfit,/kaggle/working/images/4022.jpg
"E-COSMOS 5V 1.2W Portable Flexible USB LED Light (Colours May Vary, Small, EC-POF1)",E-COSMOS,/kaggle/working/images/4023.jpg
"Gizga Essentials Laptop Bag Sleeve Case Cover Pouch for 15.6 Inch Laptop for Men & Women, Padded Laptop Compartment, Free ...",Gizga,/kaggle/working/images/4024.jpg
"DDPAI Mini Car Dash Camera, Full HD 1080p, 140° Wide Angle, F2.0 Aperture, Super-Capacitor, G-Sensor, WiFi, Parking Mode, ...",DDPAI,/kaggle/working/images/4025.jpg
Sennheiser CX 80S in-Ear Wired Headphones with in-line One-Button Smart Remote with Microphone Black,Sennheiser,/kaggle/working/images/4027.jpg
"Beetel M59 Caller Id Corded Landline Phone With 16 Digit Lcd Display & Adjustable Contrast,10 One Touch Memory Buttons,2Wa...",Beetel,/kaggle/working/images/4028.jpg
Half Moon Large 37L Laptop Bag Backpack for menं Women Boys and Girls Luggage Travel Bags with 17.3 inches Laptop Compartm...,Half,/kaggle/working/images/4029.jpg
"Boya by-MM1 Super-Cardioid Shotgun Microphone with Real Time Monitoring Compatible with iPhone/Android Smartphones, DSLR C...",Boya,/kaggle/working/images/403.jpg
HP 805 Clr/Black Ink Crtg Combo 2-Pack,HP,/kaggle/working/images/4030.jpg
MI 100 cm (40 inches) 5A Series Full HD Smart Android LED TV L40M7-EAIN (Black),MI,/kaggle/working/images/4031.jpg
"Apple MagSafe Charger (for iPhone, AirPods Pro, AirPods with Wireless Charging Case)",Apple,/kaggle/working/images/4032.jpg
"Amazfit GTS2 Mini (New Version) Smart Watch with Always-on AMOLED Display, Alexa Built-in, SpO2, 14 Days' Battery Life, 68...",Amazfit,/kaggle/working/images/4033.jpg
"Samsung Galaxy M53 5G (Emerald Brown, 6GB, 128GB Storage) | 108MP | sAmoled+ 120Hz | 12GB RAM with RAM Plus | Travel Adapt...",Samsung,/kaggle/working/images/4034.jpg
"FUR JADEN Anti Theft Number Lock Backpack Bag with 15.6 Inch Laptop Compartment, USB Charging Port & Organizer Pocket for ...",FUR,/kaggle/working/images/4035.jpg
"boAt Newly Launched Wave Call Plus with 1.83"" HD Display, ENx™ Tech(Clear Calls), Advanced Bluetooth Calling,Hindi & Engli...",boAt,/kaggle/working/images/4036.jpg
"Portronics Power Plate 9 with 3 USB Ports + 8 Power Sockets Power Converter, 2500W Power Output, 2.1A USB Charging Port, 3...",Portronics,/kaggle/working/images/4037.jpg
"Wayona Nylon Braided 2M / 6Ft Fast Charge Usb To Lightning Data Sync And Charging Cable For Iphone, Ipad Tablet (6 Ft Pack...",Wayona,/kaggle/working/images/4038.jpg
"Logitech M221 Wireless Mouse, Silent Buttons, 2.4 GHz with USB Mini Receiver, 1000 DPI Optical Tracking, 18-Month Battery ...",Logitech,/kaggle/working/images/4039.jpg
"QUBO 16A Smart Plug from Hero Group | Energy Monitoring, Suitable for large appliances like ACs, Geysers & Water Pumps (Vo...",QUBO,/kaggle/working/images/4040.jpg
Camel Wax Crayons + 1 Glitter Shade Free - 12 Shades,Camel,/kaggle/working/images/4041.jpg
realme Pad WiFi+4G Tablet | 4GB RAM 64GB ROM (Expandable) | 26.4cm (10.4 inch) WUXGA+ Display | 7100 mAh Battery | Dolby A...,realme,/kaggle/working/images/4042.jpg
CEDO Samsung M31 / F41 / M31 Prime Back Cover | Matte Soft Silicon Flexible | Camera Bump Protection | All Side Shock Proo...,CEDO,/kaggle/working/images/4044.jpg
Robustrion Pack of 2 Tempered Glass Screen Protector for iPad Air 5 / iPad Air 4 10.9 inch/iPad Pro 11 inch 2018 and and 2021,Robustrion,/kaggle/working/images/4045.jpg
Quantum RJ45 Ethernet Patch Cable/LAN Router Cable with Heavy Duty Gold Plated Connectors Supports Hi-Speed Gigabit Upto 1...,Quantum,/kaggle/working/images/4046.jpg
Wesley Spartan Unisex Travel Hiking Laptop Bag fits Upto 17.3 inch with Raincover and Internal Organiser Backpack Rucksack...,Wesley,/kaggle/working/images/4047.jpg
Mobwill Charging Cable for Fire-Boltt Ninja/Ninja Pro/Ninja Pro Max/Ninja Call 2 / Beam Smartwatches,Mobwill,/kaggle/working/images/4048.jpg
"Turron Index Flash Cards Tray - 200 GSM, 150 Cards, 3x5 inch, Blank White - with Free Binder Rings for Short Notes, cue Ca...",Turron,/kaggle/working/images/405.jpg
"W WADRO - Built with Passion 40W Trigger Feed Leak Proof Gun (Random Gun Color, 28 Sticks)",W,/kaggle/working/images/4050.jpg
Cello Signature Creme Ivory Ball Pen | Blue Ball Pen | Pack of 1 | Best Ball Pen for Smooth Writing | Gifting Pens | Premi...,Cello,/kaggle/working/images/4051.jpg
"FUR JADEN Anti Theft Number Lock Backpack Bag with 15.6 Inch Laptop Compartment, USB Charging Port & Organizer Pocket for ...",FUR,/kaggle/working/images/4052.jpg
boAt Dual Port Rapid 5V Car Charger (Qualcomm Certified) Smart Charging with Quick Charge 3.0 for Cellular Phones (Black)...,boAt,/kaggle/working/images/4053.jpg
"ZEBRONICS Zeb-Yoga 90 Pro Wireless Bluetooth in Ear Neckband Earphone with Rapid Charge,Dual Pairing,Magnetic earpiece,Spl...",ZEBRONICS,/kaggle/working/images/4054.jpg
Nokia 105 Single SIM (Black),Nokia,/kaggle/working/images/4055.jpg
"Samsung Galaxy S23 Ultra 5G (Green, 12GB, 256GB Storage)",Samsung,/kaggle/working/images/4056.jpg
boAt Rockerz 261 in Ear Wireless Earphones with mic(Jazzy Blue),boAt,/kaggle/working/images/4057.jpg
LINC Pentonic B-RT Ball Point Pen | Tip Size 0.7 mm | Comfortable Grip | Ideal for Students and Professionals | For Schoo...,LINC,/kaggle/working/images/4058.jpg
Mi 2-in-1 USB Cable 100cm Black|Multipurpose Cable which Supports Both Type C & Type B/Micro USB Devices|480Mbps Speed|Com...,Mi,/kaggle/working/images/4059.jpg
"Noise Newly Launched Buds X Truly Wireless in-Ear Earbuds with ANC(Upto 25dB), 35H Playtime, Quad Mic with ENC, Instacharg...",Noise,/kaggle/working/images/406.jpg
"Boult Audio ZCharge Wireless in Ear Bluetooth Neckband with ENC Mic, 40H Playtime, Type-C Fast Charging (10Mins=15Hrs Play...",Boult,/kaggle/working/images/4060.jpg
"Tukzer Tabletop Fully Foldable Desktop Tablet Mobile Stand Holder with Angle & Height Adjustable for Desk, Cradle, Dock, C...",Tukzer,/kaggle/working/images/4062.jpg
"Lapster compatible for amazfit charger cable with GTS 2 Mini, GTS 2e, GTS 2, GTR 2, GTR 2e, GTR 2 eSIM, BIP U, BIP U Pro, ...",Lapster,/kaggle/working/images/4063.jpg
HP 64GB Class 10 MicroSD Memory Card (HP-MSDCWAU1-64GB),HP,/kaggle/working/images/4064.jpg
"Pigeon Basics Non Induction Base Nons tick Aluminium Cookware set, including Nonstick Dosa Tawa, Nonstick Kadai With Glass...",Pigeon,/kaggle/working/images/4065.jpg
Blackstar Nano MAG Car Mobile Holder - Car Mount - Magnetic Mobile Holder for Car ( Smallest Magnetic Mobile Holder with S...,Blackstar,/kaggle/working/images/4067.jpg
"Scarters Mouse Pad, Deskmat Extended for Work from Home/Office | Gaming Mouse Pad | Vegan PU Leather | Anti-Skid, Anti-Sli...",Scarters,/kaggle/working/images/4069.jpg
OFIXO 400 Sheets (5 Mix Colors * 80 Sheets Each Color) Fluorescent Paper Self Adhesive Memo Pad Sticky Notes Bookmark Poin...,OFIXO,/kaggle/working/images/4070.jpg
"ZEBRONICS AC32FHD LED Curved 75Hz 80Cm (32"") (81.28 Cm) 1920x1080 Pixels FHD Resolution Monitor with HDMI + VGA Dual Inpu...",ZEBRONICS,/kaggle/working/images/4071.jpg
ENVIE® (ECR20+AA2800 4PL) Charger for AA & AAA Rechargeable Batteries,ENVIE®,/kaggle/working/images/4072.jpg
Cello Power Line Highlighter - Pack of 10 (Multicolor),Cello,/kaggle/working/images/4073.jpg
Canon Pixma E477 All-in-One Wireless Ink Efficient Colour Printer (White/Blue),Canon,/kaggle/working/images/4074.jpg
"Samsung Galaxy A23 Blue, 8GB RAM, 128GB Storage with No Cost EMI/Additional Exchange Offers",Samsung,/kaggle/working/images/4075.jpg
"Lava Yuva 2 Pro (Glass Green, 4GB RAM, 64GB Storage)| 2.3 Ghz Octa Core Helio G37| 13 MP AI Triple Camera |Fingerprint Sen...",Lava,/kaggle/working/images/4076.jpg
"realme 10 Pro 5G (Hyperspace, 128 GB) (8 GB RAM)",realme,/kaggle/working/images/4077.jpg
"Boya BY-M1 Pro Omnidirectional Lavalier Condenser Microphone with Gain control, Headphone-out, Noise cancellation for iPho...",Boya,/kaggle/working/images/4078.jpg
"FEDUS Cat6 Ethernet Cable, 15 Meter High Speed 550MHZ / 10 Gigabit Speed UTP LAN Cable, Network Cable Internet Cable RJ45 ...",FEDUS,/kaggle/working/images/4079.jpg
"Crucial P3 1TB PCIe 3.0 3D NAND NVMe M.2 SSD, up to 3500MB/s - CT1000P3SSD8",Crucial,/kaggle/working/images/4080.jpg
SanDisk Ultra Dual 32 GB USB 3.0 OTG Pen Drive (Black),SanDisk,/kaggle/working/images/4081.jpg
OneAssist 2 Years Extended Warranty Plan for Headphones 500 to 1000 - Email Delivery Within 2 Hours,OneAssist,/kaggle/working/images/4082.jpg
"Post-it Super Sticky Notes, 2X Sticking Power, 3 in x 3 in, 5 Pads/Pack, 90 Sheets/Pad (neon Colour)",Post-it,/kaggle/working/images/4083.jpg
Wesley Milestone 2.0 Casual Waterproof Laptop Backpack/Office Bag/School Bag/College Bag/Business Bag/Travel Backpack (Dim...,Wesley,/kaggle/working/images/4084.jpg
boAt Bassheads 102 in Ear Wired Earphones with Mic(Fiery Red),boAt,/kaggle/working/images/4085.jpg
Cello Signature Moonlit Ball Pen | Blue Ball Pen | Pack of 1 | Best Ball Pens for Smooth Writing | Gifting Pens | Premium ...,Cello,/kaggle/working/images/4086.jpg
Faber-Castell Fine Multi-Marker - Pack of 4 (Assorted),Faber-Castell,/kaggle/working/images/4087.jpg
Duracell - 2032 3V Lithium Coin Battery - Long Lasting Battery - 2 Count,Duracell,/kaggle/working/images/4088.jpg
"HP Deskjet 1212 Printer for Home for Dependable Printing, Simple Setup for Everyday Usage, Ideal for Home.",HP,/kaggle/working/images/4089.jpg
"Redmi 10 (Caribbean Green, 4GB RAM, 64GB Storage)",Redmi,/kaggle/working/images/4090.jpg
"Fire-Boltt Ninja Calling 1.69"" Bluetooth Calling Smart Watch, Dial Pad, Speaker, AI Voice Assistant with 450 NITS Peak Bri...",Fire-Boltt,/kaggle/working/images/4091.jpg
"Redmi K50i 5G (Stealth Black, 6GB RAM, 128GB Storage) | Flagship Mediatek Dimensity 8100 Processor | 144Hz Liquid FFS Disp...",Redmi,/kaggle/working/images/4092.jpg
"CEDO 65W OnePlus Dash Warp Charge Cable, USB A to Type C Data Sync Fast Charging Cable Compatible with One Plus 3 /3T /5 /...",CEDO,/kaggle/working/images/4093.jpg
Canon GI790 Y Ink Cartridge (Yellow),Canon,/kaggle/working/images/4094.jpg
"Fire-Boltt Ninja Fit Smartwatch Full Touch 1.69 & 120+ Sports Modes with IP68, Multi UI Screen, Over 100 Cloud Based Watch...",Fire-Boltt,/kaggle/working/images/4095.jpg
Dr. Morepen ST01 Deluxe Stethoscope,Dr.,/kaggle/working/images/4096.jpg
Portronics My Buddy Hexa 22 Adjustable Tabletop Laptop Stand with Mobile Holder Ventilated Portable Foldable Compatible fo...,Portronics,/kaggle/working/images/4097.jpg
"STRIFF 12 Pieces Highly Flexible Silicone Micro USB Protector, Mouse Cable Protector, Suit for All Cell Phones, Computers ...",STRIFF,/kaggle/working/images/4098.jpg
"Western Digital WD 1TB My Passport Portable Hard Disk Drive, USB 3.0 with  Automatic Backup, 256 Bit AES Hardware Encrypti...",Western,/kaggle/working/images/41.jpg
"Eveready Alkaline Batteries - Red AA, 10 Battery Pack",Eveready,/kaggle/working/images/4100.jpg
"ProElite Slim Trifold Flip case Cover for Redmi Pad 10.6"" Tablet, Black",ProElite,/kaggle/working/images/4101.jpg
"Boult Audio ProBass Thunder Over-Ear Wireless Bluetooth Headphones with Mic, Headset with Long Battery Life",Boult,/kaggle/working/images/4103.jpg
SupCares Edge to Edge Tempered Glass for Samsung Galaxy S20 FE 5G (6.5 Inch) with Easy Self Installation Kit | Black,SupCares,/kaggle/working/images/4105.jpg
"DJI OSMO Mobile 6 Smartphone Gimbal Stabilizer, 3-Axis Phone Gimbal, Built-In Extension Rod, Portable and Foldable, Androi...",DJI,/kaggle/working/images/4107.jpg
"Canon PIXMA G3000 Wi-Fi Mono/Colour, Print,Scan,Copy,High Volume Printing, User Replaceable Print Heads, Additional 2 Blac...",Canon,/kaggle/working/images/4108.jpg
RAEGR Arc One 15W Type-C PD |Made in India |Qi-Certified Wireless Charger with Fireproof ABS for iPhone 14/13/12/11/X/8 Se...,RAEGR,/kaggle/working/images/4109.jpg
"Portronics Auto 20 Smart Audio Connector with Mobile Charger(Type C + QC 3.0), Latest Bluetooth 5.1, 30W Output, Handsfree...",Portronics,/kaggle/working/images/4110.jpg
"boAt Airdopes 191G True Wireless in Ear Earbuds with ENx Tech Equipped Quad Mics, Beast Mode(Low Latency- 65ms) for Gamin...",boAt,/kaggle/working/images/4111.jpg
SanDisk Ultra Dual 64GB USB 3.0 OTG Pen Drive (Gold),SanDisk,/kaggle/working/images/4112.jpg
Samsung Level U2 (Black)- Original Bluetooth in Ear Wireless Stereo Headset with Mic,Samsung,/kaggle/working/images/4113.jpg
"Oraimo Cordless Hair Trimmer for Men,150 Mins Run Time,Professional Beard Trimmer for men,Hair Clippers for men,Power adap...",Oraimo,/kaggle/working/images/4114.jpg
"Amazon Basics USB Type C to USB A 2.0 Male Fast Charging Cable for Laptop - 3 feet (0.9 Meters), White",Amazon,/kaggle/working/images/4115.jpg
"Hoteon Extension Board with 5 Meters Heavy Duty Long Wire Cord, Single Outlet Socket 2500W 10A Expandable Electric Extensi...",Hoteon,/kaggle/working/images/4116.jpg
Spigen Ultra Hybrid Back Cover Case for iPhone 13 (TPU + Poly Carbonate | Matte Black),Spigen,/kaggle/working/images/4117.jpg
"boAt Rockerz 550 Sunburn Edition with 50MM Drivers, 20 Hours Playback, Physical Noise Isolation and Soft Padded Earcups Ov...",boAt,/kaggle/working/images/4119.jpg
"boAt Stone 135 Portable Wireless Speaker with 5W RMS Immersive Sound, IPX4 Water Resistance, True Wireless Feature, Up to ...",boAt,/kaggle/working/images/4120.jpg
"LINC Pentonic Ball Point Pen | Tip Size 0.7 mm | Comfortable Grip | Ideal for Students and Professionals | For School, Off...",LINC,/kaggle/working/images/4121.jpg
Reynolds 045 25CT JAR BLUE Ball Pen I Lightweight Ball Pen With Comfortable Grip for Extra Smooth Writing I School and Off...,Reynolds,/kaggle/working/images/4122.jpg
SupCares Edge to Edge Tempered Glass for Nothing Phone 1 (6.55 Inch) with Easy Self Installation Kit | Black,SupCares,/kaggle/working/images/4123.jpg
"ZEBRONICS 24 Inch (60.4 Cm) Widescreen 1920 X 1080 Pixels LED Monitor, IPS, Ultra Slim, FHD 1920x1080, HDMI, VGA, 250nits,...",ZEBRONICS,/kaggle/working/images/4124.jpg
"boAt Blaze Smart Watch with 1.75"" HD Display, Fast Charge, Apollo 3 Blue Plus Processor, 24x7 Heart Rate & SpO2 Monitor, M...",boAt,/kaggle/working/images/4125.jpg
Canon Compatible for Canon Pixma Ink Bottle (Cyan),Canon,/kaggle/working/images/4126.jpg
"TP-Link Nano USB WiFi Dongle 150Mbps High Gain Wireless Network Wi-Fi Adapter for PC Desktop and Laptops, Supports Windows...",TP-Link,/kaggle/working/images/4127.jpg
"Portronics Xlife Smart Wireless Ear Otoscope Cleaner with 6 LED Lights, FHD 1080 Camera, 3 Mega pixels Endoscope, Control ...",Portronics,/kaggle/working/images/4152.jpg
Tizum Mouse Pad/ Computer Mouse Mat with Anti-Slip Rubber Base | Smooth Mouse Control | Spill-Resistant Surface for Lapto...,Tizum,/kaggle/working/images/4153.jpg
One Plus USB Type C to 3.5mm Adapter for OnePlus 7T 8T 9 Pro Headphone Jack Adapter - USB Type C to 3.5mm Aux Audio Earpho...,One,/kaggle/working/images/4154.jpg
"SanDisk Extreme Pro microSD UHS I Card 128GB for 4K Video on Smartphones,Action Cams,Drones 200MB/s Read, 90MB/s Write",SanDisk,/kaggle/working/images/4155.jpg
OpenTech® Tempered Glass Screen Protector Compatible for Samsung Galaxy S20 FE 5G with Edge to Edge Coverage and Easy Inst...,OpenTech®,/kaggle/working/images/4156.jpg
"DR VAKU® 20W iPhone Charger Type C Adapter for Phone 14/ 14 Plus/ 14 Pro/ 14 Pro Max, iPhone 13/13 Pro/13 Pro Max/13 Mini,...",DR,/kaggle/working/images/4158.jpg
SanDisk ® Ultra Curve USB 3.2 64GB 100MB/s R Navy Blue,SanDisk,/kaggle/working/images/4159.jpg
Amazon Brand - Solimo Back Cover for OnePlus Nord (Silicone | Transparent),Amazon,/kaggle/working/images/4160.jpg
Zapcase Thermoplastic Polyurethane Back Case Cover for iPhone 11 | Compatible for iPhone 11 Back Case Cover | Scratch-Resi...,Zapcase,/kaggle/working/images/4161.jpg
"Amazfit Band 7 Activity Fitness Tracker, Always-on AMOLED Display, Alexa Built-in, Up to 18-Day Battery Life, 24H Heart Ra...",Amazfit,/kaggle/working/images/4162.jpg
"ZEBRONICS Cheetah Wireless Mouse with 1600 DPI, High Accuracy, Precise Usage, 3 Buttons, Ergonomic and Comfortable Design...",ZEBRONICS,/kaggle/working/images/4163.jpg
"Quantum Wireless Mouse with Upto 12 Months Battery Life(Cell Included), Silent Keys, 800/1200/1600 DPI, USB Nano Receiver,...",Quantum,/kaggle/working/images/4164.jpg
"Logitech G102 USB Light Sync Gaming Mouse with Customizable RGB Lighting, 6 Programmable Buttons, Gaming Grade Sensor, 8K ...",Logitech,/kaggle/working/images/4165.jpg
"Lenovo Tab M10 FHD Plus (3rd Gen) (10.61 inch (26.94 cm), 6 GB, 128 GB, Wi-Fi+LTE, Calling), Storm Grey with Qualcomm Snap...",Lenovo,/kaggle/working/images/4166.jpg
"AirCase Rugged Hard Drive Case for 2.5-inch Western Digital, Seagate, Toshiba, Portable Storage Shell for Gadget Hard Disk...",AirCase,/kaggle/working/images/4167.jpg
One94Store Mini Portable USB Hand Fan Built-in Rechargeable Battery Operated Summer Cooling Table Fan with Standing Holder...,One94Store,/kaggle/working/images/4168.jpg
Wayona Usb Type C 65W 6Ft/2M Long Fast Charging Cable Compatible For Samsung S22 S20 Fe S21 Ultra A33 A53 A01 A73 A70 A51 ...,Wayona,/kaggle/working/images/4169.jpg
"ZEBRONICS Zeb-Evolve Wireless in Ear Neckband Earphone with mic, Supporting Bluetooth v5.0, Voice Assistant, Rapid Charge,...",ZEBRONICS,/kaggle/working/images/4170.jpg
"BlueRigger High Speed HDMI Cable with Ethernet - Supports 3D, 4K 60Hz, Audio Return - Latest Version (6.6 Feet / 2 Meters)",BlueRigger,/kaggle/working/images/4171.jpg
"Pinnaclz Original Combo of 2 Micro USB Fast Charging Cable, USB Charging Cable for Data Transfer Perfect for Android Smart...",Pinnaclz,/kaggle/working/images/4172.jpg
Amkette Ergo View Laptop Stand with 7 Adjustment Levels for laptops up to 15.6 inches (12 inch /13 inch /14.1 inch /15.6 i...,Amkette,/kaggle/working/images/4174.jpg
"GIZGA essentials iStuff365 Istuff365 2-in-1 Laptop, Mobile Tabletop Stand, 12"" To15.6 Laptops, Ergonomic Design, 8-Adjusta...",GIZGA,/kaggle/working/images/4175.jpg
"HomeMate® Wi-Fi Smart IR Control Hub (Pack of 1) | Smart Air Conditioner Remote | Compatible with Alexa, Google Home | All...",HomeMate®,/kaggle/working/images/4176.jpg
"Noise Newly Launched Bravo Bluetooth in Ear Neckband with Upto 35 Hours of Playtime, Instacharge (10-min Charge=10-hrs Pla...",Noise,/kaggle/working/images/4177.jpg
"All-new Kindle (2022 release) – The lightest and most compact Kindle, now with a 6” 300 ppi high-resolution display, and 2...",All-new,/kaggle/working/images/4179.jpg
"Ant Esports GM40 Wired Optical Gaming Mouse with RGB LED, Lightweight and Ergonomic Design, DPI Upto 2400, Compatible with...",Ant,/kaggle/working/images/4181.jpg
URBN 10000 mAh Li-Polymer Ultra Compact Power Bank | 12W Fast Charge | Dual USB Output | Type C & Micro Input | Pocket Siz...,URBN,/kaggle/working/images/4182.jpg
Acer 100 cm (40 inches) P Series Full HD Android Smart LED TV AR40AR2841FDFL (Black),Acer,/kaggle/working/images/4183.jpg
"Nokia 105 Single SIM, Keypad Mobile Phone with Wireless FM Radio | Blue",Nokia,/kaggle/working/images/4184.jpg
"ACESHLEY 19mm Soft Silicone Smartwatch Band, Color Metal Buckle Strap for Noise ColorFit Pulse, ColorFit Pro 2/Oxy, Noise ...",ACESHLEY,/kaggle/working/images/4185.jpg
Electvision Television TV Remote Control Compatible with Mi Smart LED TV 4A (Please Verify Before Placing Order) (Without ...,Electvision,/kaggle/working/images/4187.jpg
Digiway 4 Universal Socket 3 Switch Multiplug Sockets Extension Board/Extension Cord,Digiway,/kaggle/working/images/4188.jpg
POPIO Tempered Glass Screen Protector Compatible for iPhone 12 / iPhone 12 Pro with Case Friendly Edge to Edge Coverage an...,POPIO,/kaggle/working/images/4189.jpg
"GOVO GOKIXX 952 Bluetooth Neckband, 106 Hours Battery, ENC Technology, Fast Charge, Gaming Mode, 10mm Drivers, Type C Char...",GOVO,/kaggle/working/images/4191.jpg
"EDYELL ENC C9 Wireless Earbuds Noise Cancellation with 4-Mic Clear Call,13mm Powerful Bass Drivers, 48+ Hours of Playtime,...",EDYELL,/kaggle/working/images/4192.jpg
"TVARA LCD Writing Tablet 8.5 Inch E-Note Pad LCD Writing Tablet, Kids Drawing Pad 8.5 Inch Doodle Board, Toddler Boy and G...",TVARA,/kaggle/working/images/4194.jpg
Fevicol MR 1 kg Craft Glue Ultimate Adhesive for Student’s Project Work - Craft Glue & Office Glue Refill Pack,Fevicol,/kaggle/working/images/4195.jpg
"Pilot V7 Roller Ball Pen Pack of 5 (4 Blue , 1 Black )",Pilot,/kaggle/working/images/4196.jpg
"Fire-Boltt Visionary 1.78"" AMOLED Bluetooth Calling Smartwatch with 368 * 448 Pixel Resolution, Rotating Crown & 60Hz Refr...",Fire-Boltt,/kaggle/working/images/4198.jpg
"iQOO 9 SE 5G (Sunset Sierra, 8GB RAM, 128GB Storage) | Qualcomm Snapdragon 888 | 66W Flash Charge",iQOO,/kaggle/working/images/42.jpg
"Western Digital WD 1TB Elements Portable Hard Disk Drive, USB 3.0, Compatible with PC, PS4 and Xbox, External HDD (WDBHHG0...",Western,/kaggle/working/images/4201.jpg
"boAt LTG 500 Apple MFI Certified for iPhone, iPad and iPod 2Mtr Data Cable(Metallic Silver)",boAt,/kaggle/working/images/4202.jpg
"WILDHORN 31L Laptop Backpack for Men / Women I Fits upto 15.6"" Laptop I Waterproof I Travel / Business / College Bookbags",WILDHORN,/kaggle/working/images/4203.jpg
"Sony WI-C100 Wireless Headphones with Customizable Equalizer for Deep Bass & 25 Hrs Battery, DSEE-Upscale, Splash Proof, 3...",Sony,/kaggle/working/images/4204.jpg
"Sounce Silicone Protective Case Cover for Boat Airdopes 121v2 / Boat Airdopes 121, Anti Fall Anti Dust, with Hook Earphone...",Sounce,/kaggle/working/images/4205.jpg
"Amazon Basics Micro Usb Fast Charging Cable For Android Smartphone,Personal Computer,Printer With Gold Plated Connectors (...",Amazon,/kaggle/working/images/4206.jpg
"SanDisk Ultra Dual Drive Go USB3.0 Type C Pendrive for Mobile (Black, 32 GB, 5Y - SDDDC3-032G-I35)",SanDisk,/kaggle/working/images/4207.jpg
"JL LCD Writing Tablet for Kids (8.5 Inch) Pad, Tab, Drawing Tablet Gift Toys Board Digital E Note Magic Slate Drawing Tabl...",JL,/kaggle/working/images/4208.jpg
EGOTUDE Ultra Hybrid Camera Lens Protection [Never Yellowing] Back Cover Case for iPhone 14 (Sierra Blue),EGOTUDE,/kaggle/working/images/4209.jpg
"JBL Cinema SB241, Dolby Digital Soundbar with Wired Subwoofer for Extra Deep Bass, 2.1 Channel Home Theatre with Remote, H...",JBL,/kaggle/working/images/4210.jpg
OnePlus 108 cm (43 inches) Y Series Full HD Smart Android LED TV 43 Y1S (Black),OnePlus,/kaggle/working/images/4211.jpg
"Famous Quality® SD Card Reader, 3-in-1 USB 3.0, USB C, Micro USB Card Reader SD, Micro SDHC, Micro SDXC Memory Card Reader...",Famous,/kaggle/working/images/4212.jpg
Sony Bravia 164 cm (65 inches) 4K Ultra HD Smart LED Google TV KD-65X74K (Black),Sony,/kaggle/working/images/4215.jpg
"TheGiftKart Crystal Clear Back Cover Case for Samsung Galaxy S21 FE 5G | 360 Degree Protection | Shock Proof Design | PC, ...",TheGiftKart,/kaggle/working/images/4216.jpg
"Carvaan Saregama Mini Kids - Pre-Loaded with Stories, Rhymes, Learnings, Mantras with Bluetooth/USB/Aux in-Out",Carvaan,/kaggle/working/images/4217.jpg
New Fastrack Reflex Beat+ 1.69” UltraVU Display|500 Nits Brightness|60 Sports Modes|24*7 Heart Rate Monitor|SpO2 Monitor|S...,New,/kaggle/working/images/4218.jpg
"Ambrane 2 in 1 Type-C & Micro USB Cable with 60W / 3A Fast Charging, 480 mbps High Data, PD Technology & Quick Charge 3.0,...",Ambrane,/kaggle/working/images/4220.jpg
IFITech IFIADPTCAM 1080p USB Charger Type Hidden Camera | Home security spy camera | Support Maximum 256 Gb Memory Cards |...,IFITech,/kaggle/working/images/4222.jpg
"SanDisk Cruzer Force USB Flash Drive, CZ71 32GB, USB2.0, Durable Metal Casing, 5Y",SanDisk,/kaggle/working/images/4223.jpg
"Cosmic Byte CB-EP-05 Wired Gaming in Ear Earphone with Microphone Detachable for PC, PS4, Mobiles, Tablets (Black)",Cosmic,/kaggle/working/images/4224.jpg
"Osaka­® 10"" (25.4 cm) Professional LED Ring Light with Tripod Stand for Mobile Phones & Camera, 3 Color Temperature Mode D...",Osaka­®,/kaggle/working/images/4225.jpg
"Tizum Mobile & Tablet Holder with 360 Rotation, Mobile Stand with Anti-Slip Silicone Pads & Fully Flexible Gooseneck Arm &...",Tizum,/kaggle/working/images/4229.jpg
"Sakura 57454 Gelly Roll Classic Ass't (05/08/10) 3pk Pen, White",Sakura,/kaggle/working/images/4230.jpg
CROSSVOLT Tough Rugged Cover Case Compatible with Airpods 1/2 - Black,CROSSVOLT,/kaggle/working/images/4231.jpg
"realme narzo 50 (Speed Blue, 4GB RAM+64GB Storage) 120Hz Full HD+ Display | 50MP AI Triple Camera | Helio G96 Powerful Gam...",realme,/kaggle/working/images/4233.jpg
MI Lithium Ion Xiaomi Wireless Power Bank 10000mAh | 22.5W Fast Charging (USB-A) | 10W Wireless Charging | Two-Way Fast Ch...,MI,/kaggle/working/images/4237.jpg
"boAt Xtend Talk with Advanced Dedicated Bluetooth Calling Chip, Built-in Alexa, 1.69"" HD Display, Premium Design, 60+ Spor...",boAt,/kaggle/working/images/4239.jpg
Firestick Remote,Firestick,/kaggle/working/images/4240.jpg
Cleaner Kit for Airpods Pro and 1/2 Multifunction Cleaning Pen with Soft Brush for Bluetooth Earphones Case(White Color),Cleaner,/kaggle/working/images/4242.jpg
HP USB 3.1 Flash Drive 128GB 796L,HP,/kaggle/working/images/4244.jpg
"Logitech H340 Stereo Wired Over Ear Headphones With Mic With Noise-Cancelling, Usb, Pc/Mac/Laptop - Black",Logitech,/kaggle/working/images/4245.jpg
"GIZGA essentials Webcam Cover, Privacy Protector Webcam Cover Slide, Compatible with Laptop, Desktop, PC, Smartphone, Prot...",GIZGA,/kaggle/working/images/4273.jpg
"Softly Print 88A CC388A Laserjet Toner Cartridge for HP Laserjet Printer M1136, MFP, P1007, P1106, P1108, P1008, M1213nf, ...",Softly,/kaggle/working/images/4274.jpg
"Xiaomi Pad 5| Qualcomm Snapdragon 860| 120Hz Refresh Rate| 6GB, 128GB| 2.5K+ Display (10.95-inch/27.81cm)|1 Billion Colour...",Xiaomi,/kaggle/working/images/4275.jpg
SupCares Tempered Glass Screen Protector for Samsung Galaxy Watch 4 Classic (46 mm) with Easy Self Installation Kit | Pack...,SupCares,/kaggle/working/images/4276.jpg
"AmazonBasics 24W Phone Charger for Cellular Phones | Fast Charging, Dual Output | Type C and A Adapter (Black)",AmazonBasics,/kaggle/working/images/4277.jpg
"boAt Wave Lite Smartwatch with 1.69 Inches(4.29cm) HD Display, Heart Rate & SpO2 Level Monitor, Multiple Watch Faces, Acti...",boAt,/kaggle/working/images/4278.jpg
"SUKHAD Audio Interface AMP iRig from for iPod Touch, iPhone, and iPad, 7 X 2 X 2 cm, Black and White",SUKHAD,/kaggle/working/images/4279.jpg
Western Digital WD Purple 64GB Surveillance and Security Camera Memory Card for CCTV & WiFi Cameras (WDD064G1P0C),Western,/kaggle/working/images/4280.jpg
Remote Control Compatible for Amazon Fire Tv Stick Remote Control [ 3rd Gen ](Not Compatible for Fire TV Edition Smart TV)...,Remote,/kaggle/working/images/4281.jpg
"Western Digital WD Green SN350 NVMe 240GB, Upto 2400MB/s, 3 Y Warranty, PCIe Gen 3 NVMe M.2 (2280), Internal Solid State D...",Western,/kaggle/working/images/4285.jpg
Redclip Ultimate Cable Protector | Spiral Triple Colour 1.5 Meter / 150 cm | Plastic Cord Wire Charger Winder for iPhone a...,Redclip,/kaggle/working/images/4287.jpg
"boAt Wave Electra with 1.81"" HD Display, Smart Calling with Ultra-Seamless BT Calling Chip,20 Built-in Watch Faces,100 + S...",boAt,/kaggle/working/images/4288.jpg
Bennett™ Mystic 15.6 inch (39.6cm) Laptop Briefcase Shoulder Sling Office Business Professional Travel Messenger Bag for M...,Bennett™,/kaggle/working/images/4289.jpg
"Gizga Essentials Earphone Earpod Cleaning Pen for AirPod, Earbuds, Headphones, Wireless Earphones, 5-in-1 Multifunctional ...",Gizga,/kaggle/working/images/4290.jpg
"Digitek (DWM-001 Wireless Microphone & Receiver with Type C, Compatible for Noise Cancellation Mic Suitable for Vlog You T...",Digitek,/kaggle/working/images/4294.jpg
"Dyazo USB Type C 3.1 /3.0 to USB A Female OTG Adapter Compatible with MacBook Pro / Air 2019 2018 2017, Galaxy S20 S20+ Ul...",Dyazo,/kaggle/working/images/4295.jpg
"Duracell Ultra Alkaline 9V Battery, 1 Pc",Duracell,/kaggle/working/images/4296.jpg
Onsitego 1 Year Extended Warranty for Small Household Appliances from Rs. 4001-5000 (Email Delivery - No Physical Kit),Onsitego,/kaggle/working/images/4297.jpg
"Ambrane Mobile Holding Tabletop Stand, 180 Degree View, Premium Metal Body, Wide Compatibility, Multipurpose, Anti-Skid De...",Ambrane,/kaggle/working/images/4298.jpg
"boAt Airdopes 413ANC True Wireless in Ear Earbuds with Active Noise Cancellation, 2 Mics ENx Tech, Signature Sound, Touch ...",boAt,/kaggle/working/images/43.jpg
"Party Propz Baby Shower Props for Photoshoot, Photo Booth, Decorations 29Pcs, Sticks Attached for Mom to Be Shoot, Materni...",Party,/kaggle/working/images/4300.jpg
"Lava Yuva 2 Pro (Glass White, 4GB RAM, 64GB Storage)| 2.3 Ghz Octa Core Helio G37| 13 MP AI Triple Camera |Fingerprint Sen...",Lava,/kaggle/working/images/4301.jpg
"Noise ColorFit Pulse Grand Smart Watch with 1.69""(4.29cm) HD Display, 60 Sports Modes, 150 Watch Faces, Fast Charge, Spo2,...",Noise,/kaggle/working/images/4303.jpg
New Fastrack Reflex Beat+ 1.69” UltraVU Display|500 Nits Brightness|60 Sports Modes|24*7 Heart Rate Monitor|SpO2 Monitor|S...,New,/kaggle/working/images/4304.jpg
"Redragon K617 Fizz 60% Wired RGB Gaming Keyboard, 61 Keys Compact Mechanical Keyboard w/White and Grey Color Keycaps, Line...",Redragon,/kaggle/working/images/4307.jpg
"truke Buds S1 Bluetooth 5.1 Truly Wireless in Ear Earbuds with Mic for Clear Calls, Environmental Noise Cancellation(ENC),...",truke,/kaggle/working/images/4311.jpg
"Samsung Guru Music 2 315 (GT-B315, Blue) (SM-B315EZBDINS)",Samsung,/kaggle/working/images/4313.jpg
"Amazon Basics Mini Display Port to HDMI Cable - 6 Feet (Full HD - 1080P), Gold",Amazon,/kaggle/working/images/4314.jpg
"Spigen TPU Liquid Air Case Cover Designed for Samsung Galaxy Watch 5 / 4 - 44mm, 2022 / 2021 - (Matte Black) (Watch not In...",Spigen,/kaggle/working/images/4317.jpg
"Amazon Basics USB A to Lightning Aluminum with Nylon Braided MFi Certified Charging Cable (Grey, 1.2 meter)",Amazon,/kaggle/working/images/4319.jpg
TRONI Foldable Bed Study Table Portable Wood Multifunction Laptop-Table Lapdesk for Children Bed Foldabe Table Work Office...,TRONI,/kaggle/working/images/4321.jpg
"HIKVISION DS-U02 1080p Webcam, Wide Angle Without Distortion, Noise Reduction, Plug, Play, Digital, Zoom/WebEx/Skype/Team...",HIKVISION,/kaggle/working/images/4324.jpg
Belkin Essential Series 6-Socket Surge Protector Universal Socket with 6.5ft Heavy Duty Cable (Grey),Belkin,/kaggle/working/images/4325.jpg
"realme narzo 50i (Mint Green, 2GB RAM+32GB Storage) Octa Core Processor | 6.5"" inch Large Display",realme,/kaggle/working/images/4328.jpg
realme Pad WiFi+4G Tablet | 6GB RAM 128GB ROM (Expandable) | 26.4cm (10.4 inch) WUXGA+ Display | 7100 mAh Battery | Dolby ...,realme,/kaggle/working/images/4331.jpg
TheGiftKart Shockproof Crystal Clear Back Cover Case for OnePlus Nord 2T 5G | 360 Degree Protection | Protective Design | ...,TheGiftKart,/kaggle/working/images/4332.jpg
"Philips Radio RL118/94 with MW/SW/FM Bands, 200mW RMS soundoutput,3-1 Power Source External Battery:2xR6 (3V DC), Mains: 2...",Philips,/kaggle/working/images/4334.jpg
"Sounce Earphone Case Cover Compatible with OnePlus Nord Buds CE, Soft Silicone Skin Case Cover Shock-Absorbing Protective ...",Sounce,/kaggle/working/images/4335.jpg
AmazonBasics 8-Sheet Strip Cut Paper With CD and Credit Card Shredder With 12 Liter Waste Basket Capacity,AmazonBasics,/kaggle/working/images/4337.jpg
"ANCHOR 1440W 4 Way Power Strip with Individual Switch (240V, multicolour)",ANCHOR,/kaggle/working/images/4340.jpg
OpenTech® Hard Silicone Protection Case Cover with Attached Screen Protector Compatible for Samsung Galaxy Watch 4 (44mm) ...,OpenTech®,/kaggle/working/images/4341.jpg
RAEGR MagFix Arc M1400 | 3 in 1| 15W Mag-Safe Compatible Wireless Charging Station |Made in India| |with 2 Type-C PD Cable...,RAEGR,/kaggle/working/images/4345.jpg
"Samsung Galaxy Buds2 Pro, Bluetooth Truly Wireless in Ear Earbuds with Noise Cancellation (Graphite, with Mic)",Samsung,/kaggle/working/images/4349.jpg
USM ID116 Smart Watch Smart Bracelet Fitness Tracker Color Screen Smartwatch Heart Rate Blood Pressure Pedometer Sleep Mon...,USM,/kaggle/working/images/435.jpg
"Wecool Unbreakable 3 in 1 Charging Cable with 3A Speed, Fast Charging Multi Purpose Cable 1.25 Mtr Long, Type C cable, Mic...",Wecool,/kaggle/working/images/4350.jpg
GLUN 11 mm Transparent HOT MELT 14 Glue Sticks for DIY and Craft Work,GLUN,/kaggle/working/images/4351.jpg
FUR JADEN 15.6 Anti Theft Laptop Backpack with USB Charging Port Unisex Bag for College Office Suitable for Men Women,FUR,/kaggle/working/images/4355.jpg
Spigen EZ Fit Optik Pro Tempered Glass Camera Lens Protector Guard for iPhone 14 Pro / 14 Pro Max (DeepPurple) - 2 Pack,Spigen,/kaggle/working/images/4356.jpg
boAt Bassheads 220 Wired in Ear Earphones with Inline Mic(Blue),boAt,/kaggle/working/images/4357.jpg
"Samsung 23 L Solo Microwave Oven (MS23J5133AG/TL, Healthy Cook, Black)",Samsung,/kaggle/working/images/4358.jpg
"AirCase Rugged Hard Drive Case for 2.5-inch Western Digital, Seagate, Toshiba, Portable Storage Shell for Gadget Hard Disk...",AirCase,/kaggle/working/images/436.jpg
"Reynolds JETTER CLASSIC, 4 CT, BLUE| Smooth Ball Pens | Long-lasting ball pens | Professional Ball pens with superior writ...",Reynolds,/kaggle/working/images/4360.jpg
KABEER ART Heavy Duty 18 mm Cutter Knife Set With 10 Replacement Blades,KABEER,/kaggle/working/images/4361.jpg
"HP K500F Backlit Membrane Wired Gaming Keyboard with Mixed Color Lighting, Metal Panel with Logo Lighting, 26 Anti-Ghostin...",HP,/kaggle/working/images/4363.jpg
"Gaiatop Small Desk Fan, Portable 3 Speeds Wind Desktop Table Cooling Fan in Single Button, Adjustment Mini Personal Fan fo...",Gaiatop,/kaggle/working/images/4369.jpg
"Zebronics Companion 200 Wireless Combo with Silent Operation Mouse, Full Size Keyboard, 1600 DPI, Integrated Multimedia, O...",Zebronics,/kaggle/working/images/437.jpg
Pidilite Fevicreate Make Your Own Bird House | DIY Art and Craft Set for Kids for 7 Years and Above | Kit Contains Fevicol...,Pidilite,/kaggle/working/images/4373.jpg
"Motorola a70 keypad Mobile Dual Sim with Expandable Memory Upto 32GB,Camera, 2.4 inch Screen with 1750 mAh Battery, Dark Blue",Motorola,/kaggle/working/images/4375.jpg
"70mai Pro Plus+ A500S Dual Channel Car Dash Cam, 3K, ADAS, Built-in GPS Logger, Route Recorder, App Playback & Share, Opti...",70mai,/kaggle/working/images/438.jpg
BKN® Mini Premium Metal Folding Portable Laptop Stand Non-Slip Base Tabletop Risers for 10-17 Inch Laptop & Keyboard & Tab...,BKN®,/kaggle/working/images/4380.jpg
Dealfreez Case Compatible with Fire TV Stick 3rd Gen 2021 Full Wrap Silicone Remote Cover Anti-Lost with Loop (D-Black),Dealfreez,/kaggle/working/images/4381.jpg
"Sounce Air Pods 3 Case Cover with Keychain Neck, Protective Silicone Case Skin Compatible with Air Pods 3rd Generation (20...",Sounce,/kaggle/working/images/4382.jpg
"OPPO A15s (Fancy White, 4GB, 128GB Storage) AI Triple Camera | 6.52"" HD+ Screen | 2.3GHz Mediatek Helio P35 Octa Core Proc...",OPPO,/kaggle/working/images/4383.jpg
"Boult Audio Powerbuds True Wireless in Ear Earbuds with 120H Playtime, in-Built Powerbank, Type-C Fast Charging, Made in I...",Boult,/kaggle/working/images/4384.jpg
TheGiftKart Sleek Back Cover Case for iPhone 11 | Slim Fit Protective Design | Ultra Matte Finish | Camera Protection Bump...,TheGiftKart,/kaggle/working/images/4388.jpg
"SanDisk Ultra Dual Drive Luxe USB 3.0, USB 2.0 Type-C 256GB, Metal Pendrive for Mobile, Silver",SanDisk,/kaggle/working/images/439.jpg
"Redmi 10 (Midnight Black, 4GB RAM, 64GB Storage)",Redmi,/kaggle/working/images/4392.jpg
Ambrane Type-C to Micro USB OTG Adapter for 3A Fast Charging and Data Sync- Compatible with All Type-C Enabled Devices Black,Ambrane,/kaggle/working/images/4394.jpg
"SanDisk Ultra Dual Drive Go usb3.0 Type C Pen Drive for Mobile (Green, 128 GB, 5Y)",SanDisk,/kaggle/working/images/4397.jpg
"Brustro Artists Sketch Book Wiro Bound A5 Size ( 14.8 CM x 21 CM ), 116 Pages,160 GSM (Acid Free)",Brustro,/kaggle/working/images/4398.jpg
HP USB Wireless Spill Resistance Keyboard and Mouse Set with 10m Working Range 2.4G Wireless Technology / 3 Years Warranty...,HP,/kaggle/working/images/4399.jpg
HP USB 3.1 Flash Drive 64GB 796W,HP,/kaggle/working/images/44.jpg
Strauss Bicycle Bottle Holder (Black),Strauss,/kaggle/working/images/440.jpg
"Bouncefit Fitness Band Smart Watch- Y68 D20 Water Proof Smart Watches SpO2 Full Touch Smartwatch with Workout Modes, Heart...",Bouncefit,/kaggle/working/images/4400.jpg
Half Moon Strike 35L Unisex Spacious School/Laptop/College/Office Travel Backpack Bag for Men Women Boys & Girls with 15.6...,Half,/kaggle/working/images/4402.jpg
Amozo Ultra Hybrid Camera and Drop Protection Back Case Cover for iPhone 11 (Poly Carbonate|Back Transparent-Sides Black),Amozo,/kaggle/working/images/4403.jpg
"Fevicryl Pidilite Acrylic Colour, Black Acrylic Paint, 500 ml, Art and Craft Paint, DIY Paint, Rich Pigment, Non-Craking P...",Fevicryl,/kaggle/working/images/4404.jpg
Amozo Ultra Hybrid Camera and Drop Protection Back Case Cover for iPhone 11 (Poly Carbonate|Back Transparent-Sides Black),Amozo,/kaggle/working/images/4406.jpg
"Fevicryl Pidilite Acrylic Colour, Black Acrylic Paint, 500 ml, Art and Craft Paint, DIY Paint, Rich Pigment, Non-Craking P...",Fevicryl,/kaggle/working/images/4408.jpg
Hisense 126 cm (50 inches) Bezelless Series 4K Ultra HD Smart LED Google TV 50A6H (Black),Hisense,/kaggle/working/images/4409.jpg
"Palap Piano Stickers Labels for 37, 49, 54, 61, 88 Keys Keyboard, Piano Removal Stickers",Palap,/kaggle/working/images/441.jpg
"Mi Step Out 12 L Mini Backpack (Small Size, Black, Water Repellant)",Mi,/kaggle/working/images/4413.jpg
"Airtel DigitalTV DTH Television, Setup Box Remote Compatible for SD and HD Recording (Black)",Airtel,/kaggle/working/images/4418.jpg
Apple AirPods (3rd Generation) with Lightning Charging Case ​​​​​​​,Apple,/kaggle/working/images/4422.jpg
URBN Micro USB 3.4 Amp | 20W Fast Charging Cable | Unbreakable Rugged & Nylon Braided | Quick Charge (QC) Compatible | Mad...,URBN,/kaggle/working/images/4424.jpg
Cello Technotip Ball Pen Set (Pack of 10 pens - Black) | Lightweight ball pens for pressure free & fine writing | Exam pen...,Cello,/kaggle/working/images/4425.jpg
Reynolds TRIMAX BLUE - 5 COUNTI Lightweight Roller Pen With Comfortable Grip for Extra Smooth Writing I School and Office ...,Reynolds,/kaggle/working/images/4428.jpg
"JBL Tune 510BT, On Ear Wireless Headphones with Mic, up to 40 Hours Playtime, Pure Bass, Quick Charging, Dual Pairing, Blu...",JBL,/kaggle/working/images/4429.jpg
"Amazon Basics Bluetooth 5.0 Truly Wireless in Ear Earbuds with mic, Up to 38 Hours Playtime, IPX-5 Rated, Type-C Charging ...",Amazon,/kaggle/working/images/443.jpg
Omega Tape Dispenser - Cello,Omega,/kaggle/working/images/4430.jpg
"Oppo Enco Air 2 Bluetooth Truly Wireless in Ear Earbuds with Mic, Fast Charging & Up to 24Hrs Battery - Blue",Oppo,/kaggle/working/images/4432.jpg
"10WeRun Id-116 Bluetooth Smartwatch Wireless Fitness Band for Boys, Girls, Men, Women & Kids | Sports Gym Watch for All Sm...",10WeRun,/kaggle/working/images/4435.jpg
Isoelite Remote Compatible for Samsung LED/LCD Remote Control Works with All Samsung LED/LCD TV Model No :- BN59-607A (Ple...,Isoelite,/kaggle/working/images/4437.jpg
ORUM Standard Multi-Purpose Laptop Table with Dock Stand/Study Table/Bed Table/Foldable and Portable/Ergonomic & Rounded E...,ORUM,/kaggle/working/images/4438.jpg
"Xiaomi Mi Smart Router 4C, 300 Mbps with 4 high-Performance Antenna & App Control, Single_Band, Wi-Fi, White",Xiaomi,/kaggle/working/images/4442.jpg
Qatalitic Set of 5 Painting Knives of Various Sizes & Shapes,Qatalitic,/kaggle/working/images/4443.jpg
Great Choice High HD Focus Spy Magnet Camera Full HD Mini Spy WiFi Magnetic Live Stream Night Vision IP Wireless 1080P Aud...,Great,/kaggle/working/images/4445.jpg
Paperkraft Expression 5 Subject| Hard  Cover Notebook | 18.2 cm x 24.3 cm | Single Line | 400 Pages,Paperkraft,/kaggle/working/images/4446.jpg
Wecool BT1 ENC Earbuds with Magnetic Charging Case IPX5 Wireless Earphones with Digital Battery Indicator for Crisp Sound ...,Wecool,/kaggle/working/images/4447.jpg
m-fit 7 Feet Mobile Tripod Stand s-25 Portable and Foldable Camera & Mobile - Mobile Tripod Stand with Mobile Clip Holder ...,m-fit,/kaggle/working/images/4448.jpg
CEDO Back Cover Redmi Note 9 Pro/Note 9 Pro Max/Note 10 Lite | Matte Soft Silicon Flexible | Camera Bump Protection | All ...,CEDO,/kaggle/working/images/4450.jpg
"pTron Volta 12W Fast Charging USB Wall Charger with 1m Micro USB Cable, Made in India, BIS Certified Single Port USB Wall ...",pTron,/kaggle/working/images/4451.jpg
"ZEBRONICS Zeb-Juke BAR 9500WS PRO Dolby 5.1 soundbar with Wireless Satellites, Dolby Audio, 525 Watts Output Power, 16.5cm...",ZEBRONICS,/kaggle/working/images/4453.jpg
URBN 10000 mAh Lithium_ion Premium Black Edition Nano Power Bank | 20W Fast Charging | Smallest Power Bank | Type C PD (In...,URBN,/kaggle/working/images/4456.jpg
"Duracell USB A to Micro Cables, 2A Braided Sync & Quick Charging Cable, 3.9 Feet (1.2M), Supports QC 2.0/3.0 Charging, Rap...",Duracell,/kaggle/working/images/4457.jpg
Sony Bravia 108 cm (43 inches) 4K Ultra HD Smart LED Google TV KD-43X74K (Black),Sony,/kaggle/working/images/4462.jpg
"AmazonBasics USB C to Lightning Aluminum with Nylon Braided MFi Certified Charging Cable (Grey, 1.8 meter)",AmazonBasics,/kaggle/working/images/4464.jpg
Consistent 17' inch LED Monitor 1804,Consistent,/kaggle/working/images/4465.jpg
"boAt Rockerz 558 Bluetooth Wireless Over Ear Headphones with Mic Upto 20 Hours Playback, 50MM Drivers, Soft Padded Ear Cus...",boAt,/kaggle/working/images/4467.jpg
Sony WF-1000XM4 Industry Leading Active Noise Cancellation Multipoint Connection BT 5.2 TWS Truly Wireless in Ear Earbuds ...,Sony,/kaggle/working/images/4468.jpg
"Portronics Hydra 10 Mechanical Wireless Gaming Keyboard with Bluetooth 5.0 + 2.4 GHz, RGB Lights 16.8 Million Colors, Type...",Portronics,/kaggle/working/images/4469.jpg
"Samsung Guru Music 2 315 (GT-B315, Black) (SM-B315EZKDINS)",Samsung,/kaggle/working/images/447.jpg
"Wecool 4-in 1 USB Hub (Type C to 4 USB-A Ports) with Fast Data Transfer, USB C Hub with USB 2.0 and 3.0 Ports, Compatible ...",Wecool,/kaggle/working/images/4470.jpg
"Logitech M221 Wireless Mouse, Silent Buttons, 2.4 GHz with USB Mini Receiver, 1000 DPI Optical Tracking, 18-Month Battery ...",Logitech,/kaggle/working/images/4471.jpg
"OREI Worldwide Universal Travel Adapter with Dual USB Ports (2.1A Smart Plug Charging) - All-in-One, 100V-250V Plug - Inte...",OREI,/kaggle/working/images/4475.jpg
"AILKIN USB C To Lightning Apple Certified (Mfi) Sync & Charge Cable For Iphone, Ipad And Ipod. Fast Charging Lightning Cab...",AILKIN,/kaggle/working/images/4476.jpg
AmazonBasics Car Charger with 36W Fast Charging for Cellular Phones | Dual Port -Type C and USB Output | Micro USB Cable I...,AmazonBasics,/kaggle/working/images/448.jpg
Parker Vector Mettalix Silver Trim Fountain Pen With Free Quink Blue Ink Bottle (Ink - Blue),Parker,/kaggle/working/images/4480.jpg
"AmazonBasics Extended Gaming Mouse Pad,Black",AmazonBasics,/kaggle/working/images/4482.jpg
"pTron Bassbuds Tango ENC Bluetooth Truly Wireless in Ear Earbuds with mic, Movie Mode, 40Hrs Total Playtime, BT 5.1, Deep ...",pTron,/kaggle/working/images/4487.jpg
Lapster rj45 connector Coupler Cat7/Cat6/Cat5e Ethernet Network lan connector,Lapster,/kaggle/working/images/45.jpg
AmazonBasics 3 Feet High Speed HDMI Male to Female 2.0 Extension Cable,AmazonBasics,/kaggle/working/images/450.jpg
CELLUTION Back Camera Lens Protector Tempered Glass For Oneplus 11R (5G) Case Friendly with Edge to Edge Coverage and Easy...,CELLUTION,/kaggle/working/images/451.jpg
"iQOO Neo 6 5G (Dark Nova, 12GB RAM, 256GB Storage) | Only Snapdragon 870 in The Segment | 50% Charge in Just 12 Mins | 90 ...",iQOO,/kaggle/working/images/4513.jpg
"ORAM Laptop Bed Tray Table, Laptop Desk for Bed,Foldable Lap Desk Stand Notebook Desk Adjustable Laptop Table for Bed Port...",ORAM,/kaggle/working/images/4514.jpg
Samsung 138 cm (55 inches) Crystal 4K Neo Series Ultra HD Smart LED TV UA55AUE65AKXXL (Black),Samsung,/kaggle/working/images/4516.jpg
Adlynlife 22mm Smart Watch Straps/Smart Watch Band Compatible for Realme Watch S/Realme S Pro (Black),Adlynlife,/kaggle/working/images/4517.jpg
Amozo Designed for iPhone 14 Cover | Ultra Hybrid Camera Protection Back Cover Case for iPhone 14 (Polycarbonate|Transpare...,Amozo,/kaggle/working/images/4519.jpg
"Consistent 8GB DDR3 Desktop RAM,1600MHz",Consistent,/kaggle/working/images/452.jpg
Oraimo 22.5W USB C Wall Charger 2 Port Fast Charger with 18W USB-C Power Adapter Foldable Plug Compatible for iPhone 13/13...,Oraimo,/kaggle/working/images/4520.jpg
"Logitech MK345 Wireless Keyboard and Mouse Set Full-Sized Keyboard with Palm Rest and Comfortable Right-Handed Mouse, 2.4 ...",Logitech,/kaggle/working/images/4521.jpg
"Lava Gem (Blue Gold), Speaker with Amplifier, PMMA 2.5D Glass, Military Grade Certified,1.3 MP Camera, Keypad Mobile",Lava,/kaggle/working/images/4522.jpg
10WeRun 10 Watt Wireless Bluetooth Portable Outdoor Speaker Projection Clock (Black),10WeRun,/kaggle/working/images/4524.jpg
"ZEBRONICS Zeb-Companion 500 2.4GHz Wireless Keyboard and Mouse Set, USB Nano Receiver, Chiclet Keys, Ultra Silent, Power O...",ZEBRONICS,/kaggle/working/images/4525.jpg
Cat Care Compatible with Compatible iPhone Charger Case Cover | Cartoon Character Silicon Charger Case Cover for 18-20W 36...,Cat,/kaggle/working/images/4526.jpg
"Samsung Galaxy Watch4 Classic LTE (4.6cm, Black)",Samsung,/kaggle/working/images/4527.jpg
"LIDBOX Foldable Wooden Mini Laptop Table for Bed, Study Table with Drawer, Tablet/Mobile Holder for Kids & Adults (DOREMON)",LIDBOX,/kaggle/working/images/4529.jpg
PROLITE Background Support Kit (9ft x 9ft) for Backdrop Photography & Videography with Carry Bag (Portable & Foldable),PROLITE,/kaggle/working/images/453.jpg
Parker Moments Vector Timecheck Gold Trim Roller Ball Pen (Black),Parker,/kaggle/working/images/4531.jpg
"QianLink Lightning to USB Cable Apple Certified (Mfi) Sync & Charge Cable for iPhone, Ipad and iPod. Fast Charging Lightni...",QianLink,/kaggle/working/images/4535.jpg
"Logitech M221 Wireless Mouse, Silent Buttons, 2.4 GHz with USB Mini Receiver, 1000 DPI Optical Tracking, 18-Month Battery ...",Logitech,/kaggle/working/images/454.jpg
"realme narzo 50 (Speed Blue, 6GB RAM+128GB Storage) Helio G96 Processor | 50MP AI Triple Camera | 120Hz Ultra Smooth Display",realme,/kaggle/working/images/455.jpg
Lapster Anti-Slip Silicone Ear Buds 4Pieces Silicone Earphone Ear Hooks Plugs for in-Ear Neckband 9MM-13MM Black,Lapster,/kaggle/working/images/4564.jpg
"DR VAKU® 30W Original USB Type C Charger PD Technology Fast Mobile Wall Charging Adapter with 3.0 Power Delivery, BIS Cert...",DR,/kaggle/working/images/4566.jpg
HP Bluetooth Mouse 250/4.2 Bluetooth connectivity/Adjustable DPI Upto 3600/15-month Long Battery Life and Safe encryption ...,HP,/kaggle/working/images/4569.jpg
Artis Mini 2.0 USB Multimedia Speakers (Blue),Artis,/kaggle/working/images/4570.jpg
"SanDisk 2TB Extreme Portable SSD 1050MB/s R, 1000MB/s W,Upto 2 Meter Drop Protection with IP55 Water/dust Resistance, HW E...",SanDisk,/kaggle/working/images/4571.jpg
"Xiaomi Selfie Stick with Micro USB Rechargeable Bluetooth Remote, Tripod Stand, Multifunctional Selfie Stick with Extendab...",Xiaomi,/kaggle/working/images/4572.jpg
"boAt Stone 170 5W Bluetooth Speaker with Upto 6 Hours Playback, TWS Feature, IPX6, Multifunction Buttons and SD Card Slot(...",boAt,/kaggle/working/images/4573.jpg
"GOVO GOSURROUND 900 | 200W Soundbar, 2.1 Channel Home Theatre, 6.5” Wired Subwoofer, HDMI, AUX, Opt, USB & Bluetooth, 4 Eq...",GOVO,/kaggle/working/images/4574.jpg
"Foxin FTC 88A/CC388A Black Laser Toner Cartridge Compatible for HP Laserjet Printer M1136, MFP, P1007, P1106, P1108, P100...",Foxin,/kaggle/working/images/4576.jpg
"Yogi MART Foldable Wooden Laptop Bed Tray Table, Multifunction Lap Tablet Desk with Cup Holder, Perfect for Eating Breakfa...",Yogi,/kaggle/working/images/4577.jpg
"oraimo 65W Type C to C Fast Charging Cable USB C to USB C Cable High Speed Syncing, Nylon Braided 1M length with LED Indic...",oraimo,/kaggle/working/images/4579.jpg
OpenTech® Tempered Glass Screen Protector Compatible for OnePlus Nord CE 5G (2021) / OnePlus Nord 2 5G (2021) with Edge to...,OpenTech®,/kaggle/working/images/4581.jpg
M.G.R.J® Tempered Glass Screen Protector Compatible with iPad 10.2 9th Gen (2021) / 8th Gen (2020) / 7th Gen (2019) (with ...,M.G.R.J®,/kaggle/working/images/4582.jpg
"Mi Tv Remote Suitable for Mi TV 4A (32""/43"") by Trust edge",Mi,/kaggle/working/images/4583.jpg
SanDisk® Ultra Curve USB 3.2 32GB 100MB/s R Green,SanDisk®,/kaggle/working/images/46.jpg
"INSTAPLAY INSTABUDS in-Ear Bluetooth 5.0 Wireless Headphones with Extra Bass Stereo Sound, 12Hrs Playtime, Lightweight Nec...",INSTAPLAY,/kaggle/working/images/4632.jpg
OpenTech® Tempered Glass Screen Protector Compatible for Oneplus Nord CE 2 Lite 5G (2022) with Edge to Edge Coverage and E...,OpenTech®,/kaggle/working/images/4637.jpg
FREXCEZ Dash Type C Fast Charging Cable Compatible for one plus 8T/ one plus 8 Pro/one plus 8 / one plus 7 / one plus 7T /...,FREXCEZ,/kaggle/working/images/4639.jpg
"Cosmic Byte Cyclone RGB Laptop Cooling Pad with 5 Fan, Adjustable Speed, USB Hub (Black/Blue)",Cosmic,/kaggle/working/images/4640.jpg
Cello Aspro Mavro Ball Pen | Black Ball Pen | Pack of 50 | Lightweight and Stylish Ball Pens | Ball Pen Set | Ideal for St...,Cello,/kaggle/working/images/4643.jpg
"boAt Airdopes 121 PRO True Wireless in Ear Earbuds Signature Sound, Quad Mic ENx, Beast Mode for Gaming, 40H Playtime, IW...",boAt,/kaggle/working/images/4645.jpg
POPIO Tempered Glass Screen Protector Compatible for OnePlus Nord with Edge to Edge Coverage and Easy Installation Kit,POPIO,/kaggle/working/images/4647.jpg
"SeTrack GPS Tracker Device with Android and iOS Mobile App with Engine Lock and Anti Theft Alarm for Car, Bike, Truck and Bus",SeTrack,/kaggle/working/images/4649.jpg
Redmi 126 cm (50 inches) 4K Ultra HD Android Smart LED TV X50 | L50M6-RA (Black),Redmi,/kaggle/working/images/4650.jpg
"SanDisk Ultra microSD UHS-I Card 128GB, 120MB/s R",SanDisk,/kaggle/working/images/4651.jpg
Redgear MP44 Speed-Type Gaming Mousepad (Black and Red),Redgear,/kaggle/working/images/4652.jpg
"TP-Link WiFi 6 AX1500 Mbps Archer AX10,Smart WiFi,Triple-Core CPU, Gigabit, Dual-Band OFDMA, MU-MIMO, Compatible with Alex...",TP-Link,/kaggle/working/images/4654.jpg
"Sounce Gaming Mouse Pad, Large Extended Desk Mouse Pad, Non-Slip Spill-Resistant Mousepad with Special-Textured Surface, A...",Sounce,/kaggle/working/images/4680.jpg
"Ceptics UK Adapter for Indian Pins, India to UAE, Hong Kong, Dubai, UK Adapter Plug - Type G Adapter - Perfect for Laptop,...",Ceptics,/kaggle/working/images/4681.jpg
"GIZGA essentials (25cm x 21cm Gaming Mouse Pad, Laptop Desk Mat, Computer Mouse Pad with Smooth Mouse Control, Mercerized ...",GIZGA,/kaggle/working/images/4682.jpg
"ZEBRONICS Zeb-Warrior II 10 watts 2.0 Multimedia Speaker with RGB Lights, USB Powered, AUX Input, Volume Control Pod for P...",ZEBRONICS,/kaggle/working/images/4683.jpg
"Verilux® 7 in 1 USB C Hub,Type C to 4K HDMI Output,PD Charging Port,RJ45 Ethernet, SD/TF Card, USB 3.0,USB 2.0 USB C Hub f...",Verilux®,/kaggle/working/images/4684.jpg
"Samsung Galaxy F23 5G (Forest Green, 6GB, 128GB Storage) | Travel Adapter to be Purchased Separately",Samsung,/kaggle/working/images/4685.jpg
"DIGITEK (DTR-320 FT) Flexible Gorillapod Tripod for All Cameras and Mobile Phones with 360° Ball Head and Phone Holder, Ma...",DIGITEK,/kaggle/working/images/4686.jpg
INEFABLE Oneplus Band Strap and Oppo Band Strap Soft Silicone Adjustable Band Strap - Device Not Included - Black - Pack of 1,INEFABLE,/kaggle/working/images/4687.jpg
Dyazo 13.3 inch Laptop Bag Sleeve Sleeve Bag Cover for 13 inch Apple Mac Book Air Pro Retina 13 13.3 inch MacBook 13.3 inc...,Dyazo,/kaggle/working/images/4688.jpg
Robustrion Smart Flexible Trifold Flip Stand Case Cover with Pencil Holder for Apple iPad 10.2 inch 9th Gen 2021 Cover 8th...,Robustrion,/kaggle/working/images/4689.jpg
"Sounce Earphone Case Cover Compatible with Realme 3s Buds, Soft Silicone Skin Case Cover Shock-Absorbing Protective Case w...",Sounce,/kaggle/working/images/4690.jpg
DIGITEK® (DSG 007F) 3 Axis Handheld Steady Gimbal PTZ Camera Mount for All Smart Phones with Face & Object Tracking Motio...,DIGITEK®,/kaggle/working/images/4691.jpg
"SanDisk Extreme Pro microSD UHS I Card 256GB for 4K Video on Smartphones,Action Cams,Drones 200MB/s Read, 140MB/s Write",SanDisk,/kaggle/working/images/4692.jpg
"MYVN 65W Super Vooc Charge, Data Sync Fast Charging Type-C Cable Compatible for Realme XT, Realme XT 730G, Realme X2, Real...",MYVN,/kaggle/working/images/4693.jpg
"MX Universal Conversion Multiplug with Individual Switch - 3 PIN 3 Way Plug for Home, Office and Industrial Uses ( Any Col...",MX,/kaggle/working/images/4694.jpg
"GPS Colour Your Dreams 88A for HP CC388A Toner Cartridge for HP Laserjet P1007, P1008,M1213nf, M1136MFP, M126nw MFP, M1218...",GPS,/kaggle/working/images/4695.jpg
YellowInc Global Impex Breathe Silicone Case Cover Skin for OnePlus Buds Z2 2022 Headphones - Earbuds Not Included (Black),YellowInc,/kaggle/working/images/4696.jpg
"POSH Display Port DP Male to HDMI Female Adapter Cable for DELL, HP, AMD",POSH,/kaggle/working/images/4697.jpg
"Gizga Essentials Earphone Earpod Cleaning Pen for AirPod, Earbuds, Headphones, Wireless Earphones, 2-in-1 Multifunctional ...",Gizga,/kaggle/working/images/4698.jpg
iPhone Original 20W PD2.0 Charger with 6 Months Warranty Fast Certified Type-C Charger Adapter Compatible for Apple iPhone...,iPhone,/kaggle/working/images/4699.jpg
Belkin Essential Series 4-Socket Surge Protector Universal Socket with 5ft Heavy Duty Cable (Grey),Belkin,/kaggle/working/images/47.jpg
"ProElite Smart Deer Flip case Cover for Samsung Galaxy Tab A8 10.5 inch {SM-X200/ SM-X205/ SM-X207}, Wine Red",ProElite,/kaggle/working/images/4700.jpg
Firebolt 360 SpO2 Smart Watch Charger 2 Pin USB Fast Charger Magnetic Charging Cable Adapter (Smart Watch Charger 2 pin),Firebolt,/kaggle/working/images/4701.jpg
ZHIZUKA Telescope Zoom 90X HD Focus Astronomical Refractor with Portable Tripod Stand. F36050M High Power TeleScope Gift f...,ZHIZUKA,/kaggle/working/images/4702.jpg
Mi QC 3.0 Charger|18W Wall Charger|Fast Lightning Charging|Certified Qualcomm Quick Charge 3.0 + BIS Certified|Compatible ...,Mi,/kaggle/working/images/4703.jpg
"Portronics Toad 27 Wireless Mouse, Silent Buttons, 2.4 GHz with USB Nano Dongle for PC/Mac/Laptop, Auto Power Saving Mode,...",Portronics,/kaggle/working/images/4728.jpg
"Noise Pulse 2 Max Advanced Bluetooth Calling Smart Watch with 1.85'' TFT and 550 Nits Brightness, Smart DND, 10 Days Batte...",Noise,/kaggle/working/images/4729.jpg
"ZEBRONICS Zeb-Evolve 5.0 Bluetooth Wireless in Ear Earphones with Mic with Voice Assistant, Rapid Charge, Dual Pairing, Ca...",ZEBRONICS,/kaggle/working/images/4730.jpg
SKY HUB V380 Pro HD 1080P Night Vision Wireless WiFi IP Camera with 2 Way Audio and Upto 64 GB SD Card Support 50% Off CCT...,SKY,/kaggle/working/images/4731.jpg
Roarx Nothing Phone 1 Fast Charger Adapter 20W (Affordable) Original 45 watt Alternate (Max 20 watt) | 1.5% Charge in 1 Mi...,Roarx,/kaggle/working/images/4732.jpg
HUMBLE Universal Monopod Holder Clip for Mobile Camera Holder and Tripod Mount Holder- Black (Pack of 1),HUMBLE,/kaggle/working/images/4733.jpg
Amozo Ultra Hybrid Camera and Drop Protection Back Cover Case for iPhone 13 Pro (TPU + Polycarbonate | Crystal Transparent),Amozo,/kaggle/working/images/4734.jpg
Spigen PE2007 GaN Dual Port Fast iPhone Charger 70W for All C Type Mobile Phones and Devices - White,Spigen,/kaggle/working/images/4735.jpg
Robustrion Anti-Scratch & Smudge Proof Premium Tempered Glass Screen Protector for Samsung Galaxy Tab S8 Plus / S7 Plus / ...,Robustrion,/kaggle/working/images/4736.jpg
"Oppo F21s Pro 5G (Starlight Black, 8GB RAM, 128 Storage) with No Cost EMI/Additional Exchange Offers",Oppo,/kaggle/working/images/4737.jpg
"XP-Pen Deco01 V2 Digital Graphics Drawing Pen Tablet (10"" x 6.25"", 8192 Levels of Pressure Sensitivity, Battery-Free Passi...",XP-Pen,/kaggle/working/images/4738.jpg
TCL 126 cm (50 inches) 4K Ultra HD Certified Android Smart LED TV 50P615 (Black),TCL,/kaggle/working/images/4739.jpg
"Redmi Note 11S (Horizon Blue, 6GB RAM, 128GB Storage)|108MP AI Quad Camera | 90 Hz FHD+ AMOLED Display | 33W Charger Inclu...",Redmi,/kaggle/working/images/4741.jpg
"Hold Up 360°Rotatable and Retractable Car Phone Holder, Multifunctional Rearview Mirror Phone Holder [Upgraded] Universal ...",Hold,/kaggle/working/images/4743.jpg
Tommy Hilfiger Joshua 15 inch 21 Ltrs Light Grey Laptop Backpack (TH/JOSHUALAP07),Tommy,/kaggle/working/images/4749.jpg
"HP Deskjet 2723 AIO Printer, Copy, Scan, WiFi, Bluetooth, USB, Simple Setup Smart App, Ideal for Home.",HP,/kaggle/working/images/4751.jpg
SPYKART Rearview Mirror Phone Holder Rotatable and Retractable Car Phone Holder 360° Adjustable Phone Mount for All Car,SPYKART,/kaggle/working/images/4754.jpg
"LG 242 L 3 Star Smart Inverter Frost-Free Double Door Refrigerator (GL-I292RPZX, Shiny Steel, Door Cooling+, Gross Volume-...",LG,/kaggle/working/images/4755.jpg
"pTron Fusion Evo v2 10W Bluetooth Speaker 5.0 Mini Soundbar, 10Hrs Playback, Stereo Soundbar for Phone/TV/Laptop/Tablets/P...",pTron,/kaggle/working/images/4757.jpg
"Lenovo IdeaPad Slim 3 Intel Core i3-1115G4 11th Gen 15.6"" (39.62cm) FHD Laptop (8GB/256GB SSD/Win 11/Office 2021/2 Year Wa...",Lenovo,/kaggle/working/images/4758.jpg
"ENVIE® (ECR 11 MC) SprintX Ultra Fast Charger for Rechargeable Batteries AA & AAA Ni-mh, with LCD Display, Smart Charge Co...",ENVIE®,/kaggle/working/images/4759.jpg
"Kadence Heavy-Duty, Double-X, Adjustable Piano Keyboard Stand with Locking Straps (NK13-3kg Dual Braced)",Kadence,/kaggle/working/images/4760.jpg
INEFABLE® Mi Band 3 & 4 Strap Original Compatible with Mi M3 & M4 with One Year Warranty - Device Not Included - Black - P...,INEFABLE®,/kaggle/working/images/4762.jpg
"JBL Tune 215BT, 16 Hrs Playtime with Quick Charge, in Ear Bluetooth Wireless Earphones with Mic, 12.5mm Premium Earbuds wi...",JBL,/kaggle/working/images/4763.jpg
Spigen QS11 Quad Car Phone Holder Magnetic Air Vent Phone Holder | QNMP Compatible with Most Smartphones - Black,Spigen,/kaggle/working/images/4764.jpg
"Syncwire Type C to 3.5 mm Jack Audio Connector, Headphones Jack Converter Audio Adapter Compatible with OnePlus Nord CE/ 1...",Syncwire,/kaggle/working/images/4765.jpg
"SWAPKART Portable Flexible Adjustable Eye Protection USB LED Desk Light Table Lamp for Reading, Working on PC, Laptop, Pow...",SWAPKART,/kaggle/working/images/4766.jpg
POPIO Tempered Glass Screen Protector Compatible For iPhone XR/iPhone 11 with Edge to Edge Coverage and Easy Installation ...,POPIO,/kaggle/working/images/4767.jpg
Callas Laptop Tablet Stand Notebook Computer Stand Tablet Computer Stand Universal Lightweight Adjustable Laptop Computer ...,Callas,/kaggle/working/images/4768.jpg
Navneet Youva | Primed Canvas Board for Acrylic and Oil Colour Painting | 12x16 inch | for Students and Budding Artists,Navneet,/kaggle/working/images/4769.jpg
"Fire-Boltt Astro 1.78"" AMOLED Display Smartwatch, Always On Display, Bluetooth Calling with AI Voice, 110+ Sports Modes, R...",Fire-Boltt,/kaggle/working/images/4770.jpg
"One94Store LCD Writing Tablet Digital Magic Slate Ruffpad Portable Drawing Tab Writing Pad for Kids (8.5 inch, Pack of 1, ...",One94Store,/kaggle/working/images/4771.jpg
Kangaro DP-600 Paper Punch,Kangaro,/kaggle/working/images/4772.jpg
Original 65w Warp Charger for One Plus For OnePlus Nord CE 2 5G Original 65w Warp Charger for OnePlus 65 Watt Warp Chargin...,Original,/kaggle/working/images/4773.jpg
"Waylon 22mm Sports Smart Watch Strap Compatible with Noise ColorFit Ultra/Ultra 2, Vision, Caliber, Pro 3, Active/GPS, Buz...",Waylon,/kaggle/working/images/4774.jpg
"QianLink USB C To Lightning Apple Certified (Mfi) Sync & Charge Cable For Iphone, Ipad And Ipod. Fast Charging Lightning C...",QianLink,/kaggle/working/images/4775.jpg
"realme narzo 50A (Oxygen Blue , 4GB RAM + 64 GB Storage) Helio G85 Processor | 6000 mAh Battery",realme,/kaggle/working/images/480.jpg
"Pinzo Sticky Note Memo Pad With 8 Index Tabs, Bright Neon Colors",Pinzo,/kaggle/working/images/4800.jpg
Faber-Castell Fabric Colours - 10ml Each (Pack of 12),Faber-Castell,/kaggle/working/images/4801.jpg
ZEBRONICS Zeb-Duke1 Bluetooth Wireless Over Ear Headphones with Mic (Blue),ZEBRONICS,/kaggle/working/images/4802.jpg
CEDO OnePlus Nord CE 2 Lite Case Back Cover Shockproof Bumper Crystal Clear | 360 Degree Protection TPU+PC | Camera Protec...,CEDO,/kaggle/working/images/4803.jpg
"Noise Newly Launched Twist Bluetooth Calling Smart Watch with 1.38"" TFT Biggest Display, Up-to 7 Days Battery, 100+ Watch ...",Noise,/kaggle/working/images/4804.jpg
"Yamaha F280 Acoustic Rosewood Guitar (Natural, Beige)",Yamaha,/kaggle/working/images/4805.jpg
"Bharat's Original Nusqa E Arabia, 500ml",Bharat's,/kaggle/working/images/4806.jpg
AEIDESS Tempered Glass Screen Protector Compatible for iPhone 11 with Edge to Edge Coverage and Easy Installation kit,AEIDESS,/kaggle/working/images/4807.jpg
"boAt Airdopes 393ANC True Wireless in Ear Earbuds with 32dB Hybrid ANC, Quad Mics with ENx™ Tech, 30 Hours Playback, Beas...",boAt,/kaggle/working/images/4808.jpg
"Zorbes ® Charging Adapter 2.5Mm Jack Cable Usb To Dc 2.5Mm To Usb Charging Cable For Toy, Beauty Product, Magic Mate, White",Zorbes,/kaggle/working/images/4809.jpg
Digitek (DTR 480LW) (57 Inch) Portable Lightweight Aluminum Tripod for DSLR Cameras & Smartphones with Operating Ht. 4.75 ...,Digitek,/kaggle/working/images/481.jpg
"OLAID Original New Series 7 D20 Bluetooth Wireless Smart Watch, Fitness Band for Boys, Girls, Men, Women & Kids | Sports W...",OLAID,/kaggle/working/images/4810.jpg
Saregama Carvaan Mini Hindi 2.0- Music Player with Bluetooth/FM/AM/AUX (Moonlight Black),Saregama,/kaggle/working/images/4811.jpg
HP Victus Gaming Latest AMD Ryzen 5 5600H Processor 16.1 inch(40.9 cm) FHD Gaming Laptop (8GB RAM/512GB SSD/4GB Radeon RX5...,HP,/kaggle/working/images/4812.jpg
"Gizga Essentials 3-in-1 Phone Cleaner, Laptop Screen Cleaner, Fingerprint-Proof Screen Cleaner Kit, Reusable, Phones, TV S...",Gizga,/kaggle/working/images/4813.jpg
Camlin Elegante Fountain Pen - Black/Blue/Red,Camlin,/kaggle/working/images/4814.jpg
"TP-Link Archer C80 AC1900 Dual Band Wireless, Wi-Fi Speed Up to 1300 Mbps/5 GHz + 600 Mbps/2.4 GHz, Full Gigabit, High-Per...",TP-Link,/kaggle/working/images/4816.jpg
"Faber-Castell Paint Brush Set - Round, Pack of 7 (Navy Blue)",Faber-Castell,/kaggle/working/images/4817.jpg
"Duracell Specialty CR2016 Lithium Coin Battery 3V, Pack of 5 Suitable for use in keyfobs, Scales, wearables and Medical De...",Duracell,/kaggle/working/images/4818.jpg
"VEGA Blooming Air Foldable 1000 Watts Hair Dryer With Heat & Cool Setting And Detachable Nozzle (VHDH-05), Color May Vary,...",VEGA,/kaggle/working/images/4819.jpg
"Nokia 2660 Flip 4G Volte keypad Phone with Dual SIM, Dual Screen, inbuilt MP3 Player & Wireless FM Radio | Red",Nokia,/kaggle/working/images/482.jpg
"Duracell Specialty 2032 Lithium Coin Battery 3V, Pack of 2 (DL2032/CR2032) Designed for use in keyfobs, Scales, wearables ...",Duracell,/kaggle/working/images/4820.jpg
Camel Artist water colour cakes - 18 shades,Camel,/kaggle/working/images/4822.jpg
"Reynolds 045 CARBURE 25 PENS JAR, 16 BLUE, 6 BLACK & 3 RED Ball Pen I Lightweight Ball Pen With Comfortable Grip for Extra...",Reynolds,/kaggle/working/images/4824.jpg
AEIDESS Tempered Glass Screen Protector Compatible For iPhone 12 and for iPhone 12 Pro with Edge to Edge Coverage and Easy...,AEIDESS,/kaggle/working/images/4826.jpg
Robustrion Anti-Scratch & Smudge Proof Tempered Glass Screen Protector Guard for Redmi Pad 10.61 inch,Robustrion,/kaggle/working/images/4827.jpg
"Quantum USB Wired Mouse, 1200 DPI Optical Sensor, Plug & Play Ergonomic Mouse for Comfortable All-Day Grip with 3-Button D...",Quantum,/kaggle/working/images/4829.jpg
HUION HS64 Graphics Drawing Tablet Battery-Free Stylus Android Windows macOS with 6.3 x 4in Working Area Pen Tablet for Li...,HUION,/kaggle/working/images/483.jpg
TAGG Verve NEO Smartwatch 1.69’’ HD Display | 60+ Sports Modes | 10 Days Battery | 150+ Maximum Watch Face Library | Water...,TAGG,/kaggle/working/images/4830.jpg
INEFABLE Mi Band 5 and 6 Straps Original for Mi Band M5 and M6 Wristband Strap Soft Silicone Adjustable Band Strap - Blac...,INEFABLE,/kaggle/working/images/4831.jpg
OpenTech® Tempered Glass Screen Protector Compatible for iPhone 14 Pro with Edge to Edge Coverage and Easy Installation kit,OpenTech®,/kaggle/working/images/4834.jpg
Amazon Basics 6-Feet DisplayPort (not USB port) to HDMI Cable Black,Amazon,/kaggle/working/images/4836.jpg
TP-Link TL-WA855RE 300 Mbps Wi-Fi Range Extender (White),TP-Link,/kaggle/working/images/4837.jpg
USM i8 Pro Max Touch Screen Bluetooth Smartwatch with Activity Tracker Compatible with All 3G/4G/5G Android & iOS Smartpho...,USM,/kaggle/working/images/4838.jpg
"Belkin Apple Certified Lightning To Type C Cable, Tough Unbreakable Braided Fast Charging For Iphone, Ipad, Air Pods, 3.3 ...",Belkin,/kaggle/working/images/4839.jpg
"Cosmic Byte CB-EP-04 Gaming Wired in Ear Earphone with Microphone Detachable for PC, PS4, Mobiles, Tablets (Black/Silver)",Cosmic,/kaggle/working/images/484.jpg
OpenTech Transparent Tempered Glass for Galaxy F41 / M21 / M31 / M30s / M30 / A30 / A50 / A50s with Easy Installation Kit.,OpenTech,/kaggle/working/images/4840.jpg
EMBOX 3 Pin Multi Plug Socket-Universal Travel Adapter with Individual Switch Safety Shutter LED Indicator-3 Way Plug Exte...,EMBOX,/kaggle/working/images/4841.jpg
"Ant Esports GP300 Pro V2 Wireless Gaming Controller, Compatible for PC & Laptop (Windows 10/8 /7 XP, Steam) / PS3",Ant,/kaggle/working/images/4842.jpg
"Amazon Basics Wireless Bluetooth Multi-Device Keyboard for Windows, Apple iOS Android Or Chrome, Compact Space-Saving Desi...",Amazon,/kaggle/working/images/4845.jpg
Blaupunkt Newly Launched BTW20 Bluetooth Truly Wireless In Ear Earbuds with Deep Bass I 30 Hrs Playtime* I Built in Mic I ...,Blaupunkt,/kaggle/working/images/4847.jpg
Casio MJ-12Sb Desktop Calculator,Casio,/kaggle/working/images/485.jpg
"Camlin Kokuyo Pack of 18 shade bottles 10ml each, 1 palette, 1 brush",Camlin,/kaggle/working/images/486.jpg
iPhone Wired Earbuds Lightning Apple Headphones Earphone [Apple MFi Certified] Built-in Microphone & Volume Control Headse...,iPhone,/kaggle/working/images/487.jpg
TCL 108 cm (43 inches) 4K Ultra HD Certified Android Smart LED TV 43P615 (Black),TCL,/kaggle/working/images/4873.jpg
Robustrion Smart Trifold Hard Back Flip Stand Case Cover for New iPad 9.7 inch 2018/2017 5th 6th Generation Model A1822 A1...,Robustrion,/kaggle/working/images/4874.jpg
Cello Technotip Ball Pen Set | Pack of 10 | Blue Ball Pens | Lightweight Ball Pens for Pressure Free and Fine Writing | Pe...,Cello,/kaggle/working/images/4875.jpg
LOHAYA Television Remote Compatible with Samsung Smart LED/LCD/HD TV Remote Control [ Compatible for All Samsung Tv Remote...,LOHAYA,/kaggle/working/images/4876.jpg
7SEVEN® Compatible Lg Smart Tv Remote Suitable for Any LG LED OLED LCD UHD Plasma Android Television and AKB75095303 repla...,7SEVEN®,/kaggle/working/images/4877.jpg
"Motorola E22s (4GB, 64GB) (Eco Black)",Motorola,/kaggle/working/images/488.jpg
Pilot V5 Liquid Ink Roller Ball Pen - 1Blue + 1Black + 1Red,Pilot,/kaggle/working/images/4880.jpg
VU 108 cm (43 inches) The GloLED 84 Watt DJ Sound Series 4K Smart Google TV 43GloLED (Grey),VU,/kaggle/working/images/4882.jpg
"Ambrane Wired in Ear Earphones with in-line Mic for Clear Calling, 12mm Dynamic Drivers for BoostedBass™, 3.5mm Jack, Mult...",Ambrane,/kaggle/working/images/4883.jpg
"SWAPKART Fast Charging Cable and Data Sync USB Cable Compatible for iPhone 6/6S/7/7+/8/8+/10/11, 12, 13 Pro max iPad Air/M...",SWAPKART,/kaggle/working/images/4884.jpg
"Gaiatop Mini Portable Fan, Powerful Hand Fan Table Fan Personal Small Desk Fan with Base, Cute Design 3 Speed Dual Motors ...",Gaiatop,/kaggle/working/images/4885.jpg
JetLife Premium Mobile Holder/Pouch-Bag for All Scooters Scooty Activa Jupiter EV's | Universal X1 Model (Grey),JetLife,/kaggle/working/images/4886.jpg
"Samsung Galaxy Buds 2 | Active Noise Cancellation, Auto Switch Feature, Up to 20hrs Battery Life, (Graphite)",Samsung,/kaggle/working/images/4887.jpg
"SanDisk iXpand USB 3.0 Flash Drive Flip 128GB for iOS and Windows, Metalic",SanDisk,/kaggle/working/images/4889.jpg
"ZEBRONICS ZEB-BT6590RUCF Wireless Bluetooth Multimedia Speaker with Supporting SD Card, USB, AUX, FM & Remote Control. (65...",ZEBRONICS,/kaggle/working/images/489.jpg
"Portronics Key2-A Combo of Multimedia Wireless Keyboard & Mouse, Compact Light-Weight for PCs, Laptops and Smart TV, White",Portronics,/kaggle/working/images/4891.jpg
Casio DJ-240D Plus 300 Steps Check and Correct Premium Desktop Calculator with Metallic faceplate & Bigger Screen/Keys (14...,Casio,/kaggle/working/images/4892.jpg
"AmazonBasics Highlighter - Chisel Tip, Pack of 12 (Multicolor)",AmazonBasics,/kaggle/working/images/4893.jpg
"Sounce Earphone Case Cover Compatible with Boat Airdopes 181, Soft Silicone Skin Case Cover Shock-Absorbing Protective Cas...",Sounce,/kaggle/working/images/4895.jpg
TheGiftKart Shockproof Crystal Clear Back Cover Case for OnePlus 11R 5G | 360 Degree Protection | Protective Design | Tran...,TheGiftKart,/kaggle/working/images/49.jpg
"ZEBRONICS Zeb-County Bluetooth Speaker with Built-in FM Radio, Aux Input and Call Function (Grey)",ZEBRONICS,/kaggle/working/images/490.jpg
"AmazonBasics Monitor Stand, Height Adjustable Arm Mount- Steel",AmazonBasics,/kaggle/working/images/494.jpg
BKN® Spiral Charger Cable Protector Data Cable Saver Charging Cords Protective for All Universal Earphone & Cable Cover (B...,BKN®,/kaggle/working/images/495.jpg
"Wayona Nylon Braided USB Data Sync and Fast Charging 3A Short Power Bank Cable For iPhones, iPad Air, iPad mini, iPod Nano...",Wayona,/kaggle/working/images/496.jpg
"Portronics Toad 101 Wired Optical Mouse with 1200 DPI, Plug & Play, Hi-Optical Tracking, 1.25M Cable Length, 30 Million Cl...",Portronics,/kaggle/working/images/4968.jpg
"UBON Single Ear Bluetooth Headset with HD Mic, Business Class BT-160, Wireless Mono Earbuds for Calling & Music, Up to 10 ...",UBON,/kaggle/working/images/4969.jpg
boAt BassHeads 225 Special Edition in-Ear Wired Headphones with Mic (Blue),boAt,/kaggle/working/images/497.jpg
"Luxor 6 Subject Spiral Premium Exercise Notebook, Single Ruled - (18cm X 24cm), 300 Pages, Pack of 3",Luxor,/kaggle/working/images/4973.jpg
"boAt Rockerz 450 Superman Edition Bluetooth On Ear Headphones with Mic, Upto 15 Hours Playback, 40MM Drivers, Padded Ear C...",boAt,/kaggle/working/images/4974.jpg
"ZEBRONICS Zeb- Haze 2.4GHz Wireless Mouse with up to 1200 DPI, Power Saving Mode, Nano Receiver and Plug & Play Usage - Blue",ZEBRONICS,/kaggle/working/images/4975.jpg
"XERGY USB 5V 5050 RGB LED Flexible Strip Light Multi-Color Changing Lighting Kit , TV Background Lighting with Mini Contro...",XERGY,/kaggle/working/images/4979.jpg
HP 680 Black Ink Cartridges Twin Pack,HP,/kaggle/working/images/498.jpg
"PTron Newly Launched Force X10 Bluetooth Calling Smartwatch with 1.7"" Full Touch Color Display, Real Heart Rate Monitor, S...",PTron,/kaggle/working/images/4982.jpg
"Sounce HDMI Cable 4K High-Speed HDMI Cord 18Gbps with Ethernet Support 4K 60Hz Compatible with UHD TV, Monitor, Computer, ...",Sounce,/kaggle/working/images/4983.jpg
"Pentonic Linc Ball Point Pen Blister Pack | 0.7 mm | Smooth Writing, Ultra- Low Viscosity Ink | Sleek Matte Finish | Black...",Pentonic,/kaggle/working/images/4984.jpg
"Gaiatop USB Desk Fan, Small But Powerful, Portable Quiet 3 Speeds Wind Personal Table Fan, Dual 360° Adjustment Mini Fan f...",Gaiatop,/kaggle/working/images/4986.jpg
"Noise ColorFit Pulse Smartwatch with 1.4"" Full Touch HD Display, SpO2, Heart Rate, Sleep Monitors & 10-Day Battery - Teal ...",Noise,/kaggle/working/images/4987.jpg
"Quantum Laptop Cooling Pad with Noiseless Fan, 4-Level Metal Rod Adjustable tilt Laptop Stand, USB Powered with Blue LED, ...",Quantum,/kaggle/working/images/4989.jpg
Acer 139 cm (55 inches) H Series 4K Ultra HD Android Smart LED TV AR55AR2851UDPRO (Black),Acer,/kaggle/working/images/499.jpg
"Noise Pulse Buzz 1.69"" Bluetooth Calling Smart Watch with Call Function, 150 Watch Faces, 60 Sports Modes, Spo2 & Heart Ra...",Noise,/kaggle/working/images/4990.jpg
TheGiftKart Shockproof Crystal Clear OnePlus 7 / 6T Back Cover Case | 360 Degree Protection | Protective Design | Transpar...,TheGiftKart,/kaggle/working/images/4991.jpg
"RETSOL LS 450 Laser Barcode Scanner BIS Approved, Handheld 1 D USB Wired Barcode Reader Optical Laser High Speed for POS S...",RETSOL,/kaggle/working/images/4992.jpg
AmazonBasics AAAA Everyday Alkaline Batteries (4-Pack) - Appearance May Vary,AmazonBasics,/kaggle/working/images/4993.jpg
TP-Link 5 Port 10/100 Mbps Fast Ethernet Switch | Desktop Ethernet Splitter | Ethernet Hub | Plug & Play | Fanless Quiet |...,TP-Link,/kaggle/working/images/4995.jpg
SanDisk Ultra Dual SDDD3-128G-I35 USB 3.0 128GB Flash Drive (Dual Micro-USB and USB 3.0 connectors),SanDisk,/kaggle/working/images/4997.jpg
"Portronics Power PRO 10K 10000mAh Power Bank with Dual Output Emergency Mobile Charger (Black, Lithium_Polymer)",Portronics,/kaggle/working/images/4999.jpg
Amazon Brand - Solimo Royal Enfield Classic 350 Water Resistant Bike Cover (Silver),Amazon,/kaggle/working/images/5.jpg
"WeCool S4 Selfie Stick, Bluetooth Selfie Stick with Light 6 Shades (3 colors and 2 tones), Capture your Photos and Videos ...",WeCool,/kaggle/working/images/50.jpg
"WeCool B2 One Click Button Controlled Mobile Holder for Bikes/Motorcycle/Mobile Holder for Scooty, Ideal for Maps and GPS ...",WeCool,/kaggle/working/images/500.jpg
"Amazon Brand - Solimo Back Case Cover for Apple iPhone 13, Apple iPhone 13 Back Case Cover, Matte Soft Flexible Silicone, ...",Amazon,/kaggle/working/images/5000.jpg
"Samsung Galaxy M13 5G (Midnight Blue, 6GB, 128GB Storage) | 5000mAh Battery | Upto 12GB RAM with RAM Plus",Samsung,/kaggle/working/images/5001.jpg
"JBL Wave Buds in-Ear Earbuds (TWS) with Mic, App for Customized Extra Bass EQ, 32 Hrs Battery and Quick Charge, IP54, Ambi...",JBL,/kaggle/working/images/5003.jpg
"boAt Rockerz 330ANC Bluetooth in Ear Neckband with Mic, Crystal Bionic Sound Powered by Dirac Opteo, Active Noise Cancella...",boAt,/kaggle/working/images/5004.jpg
"TVARA LCD Writing Tablet, 8.5"" Inch Colorful Toddler Doodle Board Drawing Tablet, Erasable Reusable Electronic Drawing Pad...",TVARA,/kaggle/working/images/5005.jpg
"Wings Phantom 800 Best Low Latency 40ms Earbuds, Bluetooth Wireless Headphones, Gaming Case, LED Lights, 50 Hours Playtim...",Wings,/kaggle/working/images/5006.jpg
"KYOSEI Dust-Filter Tempered Glass Compatible with iPhone 13/iPhone 13 Pro/iPhone 14(6.1""),with Speaker-Mesh,Edge-to-Edge C...",KYOSEI,/kaggle/working/images/5007.jpg
"HUMBLE MI Band 3/ MI Band 4 Strap, Band for MI Band 3/ MI Band 4 Smartwatch (Fitness Tracker) Wristbands Replacement Silic...",HUMBLE,/kaggle/working/images/5008.jpg
SYGA Professional Sketch and Drawing Pencils ，Art Pencil Box Contains 12 Pieces Set B 2B 3B 4B 5B 6B 7B 8B HB H 2H F,SYGA,/kaggle/working/images/502.jpg
SanDisk ® Ultra Curve USB 3.2 32GB 100MB/s R Navy Blue,SanDisk,/kaggle/working/images/503.jpg
Amazon Brand - Solimo Back Cover Case for Mi Redmi Note 9 Pro/Redmi Note 9 Pro Max/Poco M2 Pro | (TPU | Transparent),Amazon,/kaggle/working/images/51.jpg
"Tecno Spark 9 (Infinity Black, 4GB RAM,64GB Storage) | 7GB Expandable RAM | Helio G37 Gaming Processor",Tecno,/kaggle/working/images/529.jpg
"JBL Endurance RunBT, Sports in Ear Wireless Bluetooth Earphones with Mic, Sweatproof, Flexsoft eartips, Magnetic Earbuds, ...",JBL,/kaggle/working/images/53.jpg
"AmazFit Charger Cable for Amazfit GTS 2, GTS 2 Mini, GTS 2e, GTR 2, GTR 2e, GTS 4 Mini, T-Rex Pro, Bip 3, Bip U, Zepp E/Z,...",AmazFit,/kaggle/working/images/530.jpg
"Boult Audio YCharge Wireless in Ear Bluetooth Earphones with 12H Playtime, Type-C Fast Charging (20Min=100% Playtime), Pr...",Boult,/kaggle/working/images/532.jpg
"MI REDMI 9i Sport (Carbon Black, 64 GB) (4 GB RAM)",MI,/kaggle/working/images/534.jpg
"Storite Professional 2 in 1 Screen Cleaning Kit for Laptops, Camera, Lens, TV, Monitor, Smartphone, Tablet (Includes: Clea...",Storite,/kaggle/working/images/537.jpg
"IT2M Designer Mouse Pad for Laptop/Computer (9.2 X 7.6 Inches, 12788)",IT2M,/kaggle/working/images/54.jpg
"Apple Magic Mouse (for Bluetooth-Enabled Mac with OS X 10.11 or Later, iPad with iPadOS 13.4 or Later)",Apple,/kaggle/working/images/542.jpg
"SanDisk Ultra Shift USB Flash Drive USB 3.0, 100MB/s R, 128GB",SanDisk,/kaggle/working/images/545.jpg
"ZEBRONICS Zeb-V19Hd 18.5 Inch (46.99 Cm) Led Monitor with Supporting Hdmi, Vga Input, Hd 1366 X 768 Pixels, 16.7M Colors, ...",ZEBRONICS,/kaggle/working/images/546.jpg
Camlin Champ Flast Brush Set - Pack of 7 (Multicolor),Camlin,/kaggle/working/images/548.jpg
"HEMBERSTAR Laptop Bed Tray Table, Laptop Desk for Bed,Foldable Lap Desk Stand Notebook Desk Adjustable Laptop Table for Be...",HEMBERSTAR,/kaggle/working/images/549.jpg
"BlueRigger High Speed HDMI Cable with Ethernet - Supports 3D, 4K 60Hz and Audio Return - Latest Version (3 Feet / 0.9 Meter)",BlueRigger,/kaggle/working/images/55.jpg
"pTron Newly Launched Bassbuds Zen in-Ear Wireless TWS Earbuds with Quad ENC Mic & TruTalk 50Hrs Playtime, BT5.3 Headphones...",pTron,/kaggle/working/images/550.jpg
"Prestige Popular Max 5 + 3 + 2 Litre Aluminium Outer Lid Pressure Cooker Combo Pack, 2 Lids, Silver, Large (11791)",Prestige,/kaggle/working/images/551.jpg
HP 46 Tri-Color Original Ink Advantage Cartridge,HP,/kaggle/working/images/56.jpg
KILLER Louis 38L Large Laptop Backpack With 3 Compartments Polyester Trendy Waterproof Travel Backpack,KILLER,/kaggle/working/images/57.jpg
7SEVEN® TCL Remote Control Smart TV RC802V Remote Compatible for TCL TV Remote Original 55EP680 40A325 49S6500 55P8S 55P8 ...,7SEVEN®,/kaggle/working/images/58.jpg
"Xtore® Universal Mobile Phone Holder & Tablet Tabletop Holder with 360° Rotation (Black, Pack of 1)",Xtore®,/kaggle/working/images/59.jpg
DeHMY 58MMx25Mtr(2Inch) Thermal Paper roll (Set of 10 Rolls) (58MMx25Mtr(2Inch)),DeHMY,/kaggle/working/images/6.jpg
Camel Camlin Kokuyo Oil Pastel (50 Shades),Camel,/kaggle/working/images/60.jpg
"DEVCOMM Phone Bluetooth Stereo System Audio Aux Receiver USB Adapter 3.5mm for Car Speakers Under 200 (1 Pack, Black)",DEVCOMM,/kaggle/working/images/601.jpg
"RPM Euro Games Finger Sleeves Pack of 3 Boxes/ 6 Pieces for Mobile Gaming with Super Conductive Fiber Fabric, Anti-Sweat a...",RPM,/kaggle/working/images/602.jpg
"Redmi Lithiumpolymer 10000 Mah Fast Charging Slim Power Bank (Black, 10W Fast Charging, Dual Ports)",Redmi,/kaggle/working/images/604.jpg
Maped Metal Open Compass - 9 Pcs Set - (Colors May Vary),Maped,/kaggle/working/images/605.jpg
"FlexFive Portable Neck Fan, Hands Free Bladeless Fan, Cooling Personal Fan,3 Speeds Adjustment,78 Air Outlet, Headphone De...",FlexFive,/kaggle/working/images/606.jpg
XP-PEN Deco Mini 7 Graphics Tablet 17.78 cm x 11.09 cm (7 x 4.37 inches) Pen Tablet with 8192 Levels Pressure Sensitivity ...,XP-PEN,/kaggle/working/images/607.jpg
TheGiftKart Crystal Clear Back Cover Case for Samsung Galaxy S21 FE 5G | Shockproof 360 Degree Protection | Transparent Ha...,TheGiftKart,/kaggle/working/images/608.jpg
"BlueRigger Digital Optical Audio Toslink Cable (6 Feet / 1.8 Meter) With 8 Channel (7.1) Audio Support (for Home Theatre, ...",BlueRigger,/kaggle/working/images/61.jpg
"pTron Tangent Duo Made in India Bluetooth 5.2 Wireless in-Ear Earphones with Mic, 24Hrs Playback, 13mm Drivers, Punchy Bas...",pTron,/kaggle/working/images/613.jpg
VRPRIME Universal Travel Adapter International Charger Multiple Plug Socket Converter | 4 USB + 1 Type C Output Smart Char...,VRPRIME,/kaggle/working/images/614.jpg
Yorten Universal Clip Cell Phone Holder Multi-Joint Flexible Adjustment for Car Rear View Mirror Back Seat Video Stand Kit...,Yorten,/kaggle/working/images/615.jpg
Faber-Castell Fabric Color - Pack of 6 (Assorted),Faber-Castell,/kaggle/working/images/617.jpg
"Casio FX-991MS 2nd Gen Non-Programmable Scientific Calculator, 401 Functions and 2-line Display, Black",Casio,/kaggle/working/images/618.jpg
"Zebronics Zeb-Transformer USB Gaming Keyboard and Mouse Set (USB, Braided Cable) White with Silver",Zebronics,/kaggle/working/images/619.jpg
Tata Sky Universal Remote,Tata,/kaggle/working/images/62.jpg
"realme narzo 50A (Oxygen Green , 4GB RAM + 128 GB Storage) Helio G85 Processor | 6000 mAh Battery",realme,/kaggle/working/images/621.jpg
MI 108 cm (43 inches) 5A Series Full HD Smart Android LED TV L43M7-EAIN (Black),MI,/kaggle/working/images/624.jpg
"Nokia 105 Single SIM, Keypad Mobile Phone with Wireless FM Radio | Charcoal",Nokia,/kaggle/working/images/625.jpg
Apsara Long Point Sharpeners - Pack of 20,Apsara,/kaggle/working/images/626.jpg
"Samsung Galaxy S23 5G (Green, 8GB, 256GB Storage)",Samsung,/kaggle/working/images/628.jpg
"AmazonBasics USB Type-C to USB Type-C 2.0 Fast Charging Cable for Smartphone, Laptop - 6 Feet (1.8 Meters), White",AmazonBasics,/kaggle/working/images/629.jpg
"pTron Bassbuds Wave ENC Bluetooth 5.3 Wireless in-Ear TWS Earbuds with Mic, 40Hrs Total Playtime, Movie Mode & Deep Bass, ...",pTron,/kaggle/working/images/63.jpg
"TAGG Verve Sense Smartwatch with 1.70'' Large Display, Real SPO2, and Real-Time Heart Rate Tracking, 7 Days Battery Backu...",TAGG,/kaggle/working/images/630.jpg
"Lenovo 100 Wireless Keyboard & Mouse Combo, Ambidextrous 1000 DPI Mouse Optical Sensor, upto 3M clicks, Ultra slim water r...",Lenovo,/kaggle/working/images/632.jpg
realme Pad WiFi+4G Tablet | 3GB RAM 32GB ROM (Expandable) | 26.4cm (10.4 inch) WUXGA+ Display | 7100 mAh Battery | Dolby A...,realme,/kaggle/working/images/633.jpg
"Ambrane 38W Fast Car Charger with Dual Output, Quick Charge 3.0 and Power Delivery, Type-C & USB Port, Wide Compatibility ...",Ambrane,/kaggle/working/images/635.jpg
Samsung EVO Plus 512GB microSDXC UHS-I U3 130MB/s Full HD & 4K UHD Memory Card with Adapter (MB-MC512KA),Samsung,/kaggle/working/images/637.jpg
"Noise Scout Kids Smartwatch with GPS Tracking, 4G Video & Voice Calling, Parental Control, Long Battery, Habit Formation, ...",Noise,/kaggle/working/images/639.jpg
Reliance Smart Point - E-Gift Card - Flat 1% Off - Redeemable in Stores,Reliance,/kaggle/working/images/64.jpg
Blaupunkt Newly Launched BTW300 BASS Buds Truly Wireless Bluetooth in-Ear Earbuds I Bass Demon Tech I ENC CRISPR TECH I 40...,Blaupunkt,/kaggle/working/images/642.jpg
Nokia 110 Dual SIM (Blue),Nokia,/kaggle/working/images/644.jpg
TheGiftKart Ultra-Hybrid Crystal Clear Back Case Cover for Nothing Phone 1 | Shockproof Design | Camera Protection Bump | ...,TheGiftKart,/kaggle/working/images/645.jpg
"Amazfit T-Rex 2 Premium Multisport GPS Sports Watch, Real-time Navigation, Strength Exercise, 150+ Sports Modes& 10 ATM Wa...",Amazfit,/kaggle/working/images/646.jpg
Conbre MultipleXR2 Pro {Upgraded} HD Smart WiFi Wireless IP CCTV Security Camera | Night Vision | 2-Way Audio | Support 64...,Conbre,/kaggle/working/images/647.jpg
boAt BassHeads 900 On-Ear Wired Headphone with Mic,boAt,/kaggle/working/images/65.jpg
ADISA 15.6 inch Laptop Backpack Office Bag College Travel Back Pack 32 Ltrs (z-Black),ADISA,/kaggle/working/images/66.jpg
"Zebronics 300HB 4 Port USB 3.0 Hub with Hi-Speed Data Transfer, LED Indication, 15cm Cable, Backward Compatible, Multi Dev...",Zebronics,/kaggle/working/images/67.jpg
"Redmi Note 11 Pro (Stealth Black, 8GB RAM, 128GB Storage)| 67W Turbo Charge | 120Hz Super AMOLED Display | Charger Include...",Redmi,/kaggle/working/images/672.jpg
"Tokdis MX-1 Pro Bluetooth Calling Smartwatch - 1.69” LCD Display, Multiple Watch Faces, Sleep Monitor, Heart & SpO2 Monito...",Tokdis,/kaggle/working/images/673.jpg
"MARVIK Trail Loop Band Compatible with Apple Watch Band Ultra 42mm 44mm 45mm 49mm, Nylon Weave Sport Loop Adjustable Strap...",MARVIK,/kaggle/working/images/674.jpg
Echo Dot (Black) Combo with Wipro 9W Smart Color Bulb - Smart Home Starter Kit,Echo,/kaggle/working/images/675.jpg
Cello ColourUp Wax Crayon Jumbo - Pack of 24 bright shades | 2 Times Stronger body in Jumbo sized crayons | Non-Toxic,Cello,/kaggle/working/images/677.jpg
Roarx Samsung Galaxy F23 5G Charger PD [Compatible] with Samsung Galaxy F23 / Samsung Galaxy F23 5G Fast Charger Original ...,Roarx,/kaggle/working/images/678.jpg
"Vivo Y22 (Starlit Blue, 6GB RAM, 128GB Storage) with No Cost EMI/Additional Exchange Offers",Vivo,/kaggle/working/images/68.jpg
Sounce Waterproof New Bike Phone Mount Anti Shake and Stable 360‚° Rotation Bike Bicycles Accessories for Any Smartphone G...,Sounce,/kaggle/working/images/680.jpg
"AmazonBasics USB 2.0 Extension Cable - A-Male to A-Female for Personal Computer, Printer - 6.5 Feet (Black, 2 Meters)",AmazonBasics,/kaggle/working/images/682.jpg
"ZEBRONICS Zeb-Vita Plus Mini 16 w Soundbar Supporting LED Display, USB, SD Card, AUX, FM, TWS & Call Function (Black)",ZEBRONICS,/kaggle/working/images/683.jpg
"pTron Bassbuds Perl in-Ear TWS Earbuds with TruTalk ENC, Bluetooth 5.3 Wireless Headphone with Mic, Deep Bass, Low Latenc...",pTron,/kaggle/working/images/685.jpg
"Boult Audio Bassbuds Loop 2 Wired in Ear Earphones with Mic, 10mm Powerful Driver for Extra Bass with Customizable Ear Loo...",Boult,/kaggle/working/images/688.jpg
Amozo Ultra Slim Soft Silicone Flexible Camera Protection Back Cover for iPhone 12/12 Pro (Blue),Amozo,/kaggle/working/images/689.jpg
"Eridanus WiFi USB Adapter for Computer, Wi-Fi Receiver 950Mbps, 2.4GHz, 802.11b/g/n USB 2.0 Wireless Mini Wi-Fi Network Ad...",Eridanus,/kaggle/working/images/69.jpg
"Samsung 345L 3 Star Inverter Frost Free Double Door Refrigerator (RT37T4513S8/HL, Elegant Inox, Convertible 5In 1)",Samsung,/kaggle/working/images/690.jpg
"Amazon Brand - Solimo Height & Angle Adjustable Tabletop Desk Cellphone Holder for All Mobiles & Tablets, Universal Foldab...",Amazon,/kaggle/working/images/691.jpg
"Lenovo Q-Series 24 Inch (60.5Cm) 1920x1080 Pixels FHD IPS Monitor | Height Adjustment, 2X3W Speakers, 75Hz, AMD FreeSync, ...",Lenovo,/kaggle/working/images/692.jpg
"Logitech Pebble Wireless Mouse with Bluetooth or 2.4 GHz Receiver, Silent, Slim Computer Mouse with Quiet Clicks, for Lapt...",Logitech,/kaggle/working/images/693.jpg
"Quantum QHM-7406 Full-Sized Keyboard with (₹) Rupee Symbol, Hotkeys and 3-pieces LED function for Desktop/Laptop/Smart TV ...",Quantum,/kaggle/working/images/694.jpg
"ORAM Smart Multipurpose Foldable Laptop Table with Cup Holder, Study Table, Bed Table, Breakfast Table, Foldable and Porta...",ORAM,/kaggle/working/images/695.jpg
"CEUTA Waterproof Sport Armband, Unisex Running Jogging Gym Arm Band Case, Mobile for Fitness Exercise with Adjustable Elas...",CEUTA,/kaggle/working/images/696.jpg
Pikkme Mi Redmi 10A / Redmi 9 / Redmi 9 Activ / 9C / Poco C31 Flip Cover Magnetic Leather Wallet Case Shockproof TPU for M...,Pikkme,/kaggle/working/images/698.jpg
"Portronics Toad 22 2.4Ghz Wireless Optical Mouse for Laptops/PC with USB Nano Dongle, Optical Orientation, Adjustable DPI,...",Portronics,/kaggle/working/images/699.jpg
"Quantum QHM7403D Spill-Resistant Wired USB Keyboard with 104 Keys, Rupee Symbol (₹), Hotkeys and 3 LED Function Keys Compa...",Quantum,/kaggle/working/images/7.jpg
"BESTOR® USB C Hub HDMI Adapter, 6 in 1 Multiport Dock for MacBook pro to HDMI 4k,2 USB 3.0 Ports SD/TF Card Reader 55W PD,...",BESTOR®,/kaggle/working/images/70.jpg
"DigiTek (DTR-210SS) Portable Selfie Stick with Wireless Remote and 3 Legs Tripod Base, Compatible for iPhone/OnePlus/Samsu...",DigiTek,/kaggle/working/images/700.jpg
"All-new Kindle Paperwhite (8 GB) – Now with a 6.8"" display and adjustable warm light",All-new,/kaggle/working/images/703.jpg
Wedding Backdrop Cloth for all Festivals/House hold functions/Haldi Function/Ceremonies Banana Leaf Design(Aaritaku) Desig...,Wedding,/kaggle/working/images/704.jpg
Genie Flamenco2 Casual Backpacks for Women,Genie,/kaggle/working/images/705.jpg
"Magnetic Wireless Charger 3 in 1-15W Wireless Charging Station for Multiple Devices, Mag-Safe Charger Stand for iPhone 12 ...",Magnetic,/kaggle/working/images/706.jpg
"Casio SA-46 32 Mini Keys Musical Keyboard with Piano tones, Black/Green",Casio,/kaggle/working/images/707.jpg
Omron Karada Scan Body Composition Monitor HBF-375,Omron,/kaggle/working/images/709.jpg
Rapidotzz Band Straps Compatible for Mi Band 4 and Mi Band 3 (Black and Blue),Rapidotzz,/kaggle/working/images/71.jpg
"AmazonBasics Bluetooth Speaker 5.0 Soundbar with 16W RMS, 2000mAh Battery, Upto 19 Hrs Playtime Aux/USB Port (Black)",AmazonBasics,/kaggle/working/images/710.jpg
RSC POWER+ Compatible Dash/Warp Data Sync Fast Charging Cable Supported for all C Type Devices (Red and White),RSC,/kaggle/working/images/712.jpg
Cello Technotip Ball Pen | Blue Ball Pens | Jar of 25 Units | Ball Pens for Students | Ball Point Pen Set | Writing Pens f...,Cello,/kaggle/working/images/713.jpg
coocaa 80 cm (32 inches) Frameless Series HD Ready Smart IPS LED TV 32S3U Pro (Black),coocaa,/kaggle/working/images/714.jpg
Lapcare ChillMate Adjustable Laptop Cooling Pad with Twin Fans for Efficient Cooling,Lapcare,/kaggle/working/images/715.jpg
Tombow Fudenosuke Brush Pen 2 Pens Set,Tombow,/kaggle/working/images/716.jpg
HP 103AD 2-Pack Toner Reload Kit (Black),HP,/kaggle/working/images/717.jpg
"MKY Tripod 3110 Stand with 3-Way Head Tripod 3110 with Mobile Phone Holder Mount Tripod Kit, (Silver, Supports Up to 1100 g)",MKY,/kaggle/working/images/719.jpg
"BlueRigger Digital Optical Audio Toslink Cable (3.3 Feet / 1 Meter) With 8 Channel (7.1) Audio Support (for Home Theatre, ...",BlueRigger,/kaggle/working/images/72.jpg
"TP-Link TL-WR820N 300 Mbps Single_Band Speed Wireless WiFi Router, Easy Setup, IPv6 Compatible, Supports Parent Control, G...",TP-Link,/kaggle/working/images/73.jpg
"Wolpin Portable Travel Organizer Case for Earphones, Data Cables, Charger, Pen Drives, Memory Card, (Black)",Wolpin,/kaggle/working/images/74.jpg
Kadence Wanderer Series ukulele + (Free online learning Course) Brown Mahogany wood Ukulele With Bag,Kadence,/kaggle/working/images/75.jpg
"DigiTek (DWM-002) Wireless Microphone & Receiver with 8-pin Connector for Noise Cancellation, Fast Charging, Suitable for ...",DigiTek,/kaggle/working/images/76.jpg
"Wings Phantom Pro Earphones Gaming Earbuds with LED Battery Indicator, 50ms Low Latency, Bluetooth 5.3, 40 Hours Playtime,...",Wings,/kaggle/working/images/792.jpg
"Portronics Key2-A Combo of Multimedia Wireless Keyboard & Mouse, Compact Light-Weight for PCs, Laptops and Smart TV, Black",Portronics,/kaggle/working/images/794.jpg
"Gilary Multi Charging Cable, 3 in 1 Nylon Braided Fast Charging Cable for iPhone Micro USB Type C Mobile Phone | Colour ma...",Gilary,/kaggle/working/images/795.jpg
TheGiftKart Rugged Shockproof Carbon Fibre Slim Armour Back Cover Case for OnePlus 6T / 7 (Black),TheGiftKart,/kaggle/working/images/796.jpg
"Camel Soft Pastels, 36 Shades (Multicolor)",Camel,/kaggle/working/images/797.jpg
"Tecno Spark 8T (Turquoise Cyan, 4GB RAM,64GB Storage) | 50MP AI Camera | 7GB Expandable RAM",Tecno,/kaggle/working/images/798.jpg
SanDisk SDCZ430-032G-I35 Ultra Fit 3.1 32GB USB Flash Drive (Black),SanDisk,/kaggle/working/images/799.jpg
"Hussell Car Charger Adapter - 30W, Qualcomm 3.0 Portable USB Quick Charge Technology & Dual Ports - Compatible with All Sm...",Hussell,/kaggle/working/images/8.jpg
"boAt Airdopes 181 True Wireless in Ear Earbuds with Mic ENx Tech, Beast Mode(Low Latency Upto 60ms) for Gaming, ASAP Charg...",boAt,/kaggle/working/images/80.jpg
"Samsung Galaxy M53 5G (Mystique Green, 8GB, 128GB Storage) | 108MP | sAmoled+ 120Hz | 16GB RAM with RAM Plus | Travel Adap...",Samsung,/kaggle/working/images/800.jpg
"Boult Audio Airbass Fx1 Bluetooth Truly Wireless in Ear Earbuds with Mic with 32H Total Playtime, Type-C Fast Charging, To...",Boult,/kaggle/working/images/801.jpg
Onsitego 1 Year Extended Warranty for Small Household Appliances from Rs. 5001-6000 (Email Delivery - No Physical Kit),Onsitego,/kaggle/working/images/802.jpg
"Cosmic Byte C3070W Nebula 2.4G Wireless Gamepad for PC/PS3 supports Windows XP/7/8/10, Rubberized Texture",Cosmic,/kaggle/working/images/803.jpg
"Fire-Boltt Ninja 3 1.83"" Display Smartwatch Full Touch with 100+ Sports Modes with IP68, Sp02 Tracking, Over 100 Cloud Bas...",Fire-Boltt,/kaggle/working/images/804.jpg
"Samsung Original 45W Power Adapter with Type C to C Cable, Compatible with Smarthphone, Black",Samsung,/kaggle/working/images/805.jpg
19MM Vintage Watch Belt Compatible for BOAT STORM/NOISE COLORFIT PRO 2/ NOISE COLORFIT PULSE,19MM,/kaggle/working/images/806.jpg
"Sounce Silicone Protective Case Cover for Boat Airdopes 121v2 / Boat Airdopes 121, Anti Fall Anti Dust, with Hook Earphone...",Sounce,/kaggle/working/images/808.jpg
ETI Cello Tape 1 Inch 65M (Transparent),ETI,/kaggle/working/images/809.jpg
"Panasonic Evolta AA Alkaline 1.5V Battery, 20 Times Longer Lasting Than Standard zinc Carbon Batteries,Anti-Leak Seal,Prot...",Panasonic,/kaggle/working/images/810.jpg
"SPIN CART Thermal Compound Paste Use in Coolers Heat Sink for CPU and Chipsets (Grey, 30 g)",SPIN,/kaggle/working/images/811.jpg
"Verilux® USB Hub 3.0 for PC, 4-Port High Speed USB Hub with Aluminium Shell, USB Port Hub 3.0 Compatible for PC, MacBook, ...",Verilux®,/kaggle/working/images/812.jpg
"ASUS Vivobook 16X (2022), 16.0-inch (40.64 cms) FHD+ 16:10, AMD Ryzen 5 5600H, Thin and Laptop (8GB/512GB SSD/Integrated G...",ASUS,/kaggle/working/images/815.jpg
BRUSTRO Artists Fineart Graphite Pencil Set of 12 (10B-2H) with Elegant Tin Box,BRUSTRO,/kaggle/working/images/816.jpg
Nokia 150 (2020) (Black),Nokia,/kaggle/working/images/817.jpg
Bennett Nylon Drax Laptop Bag Sleeve Case Cover Pouch for 14 inches Laptop Apple/Dell/Lenovo/ASUS/Hp/Samsung/Mi/MacBook/Ul...,Bennett,/kaggle/working/images/818.jpg
"Rhymestore Replacement USB Charger for Noise ColorFit Pro 3 / Pro 2 / Pro 2 Oxy/Pulse/Ultra/Nav, Nav+ / Brio/NoiseFit Acti...",Rhymestore,/kaggle/working/images/819.jpg
VU 126 cm (50 inches) The GloLED Series 4K Smart LED Google TV 50GloLED (Grey),VU,/kaggle/working/images/820.jpg
"Samsung Original Travel Adapter (15W, White)",Samsung,/kaggle/working/images/821.jpg
"Vivo Y56 5G (Black Engine, 8GB RAM, 128GB Storage) with No Cost EMI/Additional Exchange Offers",Vivo,/kaggle/working/images/822.jpg
Faber-Castell Kindergarten Grip Crayons - Pack of 10 (Assorted),Faber-Castell,/kaggle/working/images/823.jpg
"ZEBRONICS Zeb-Thunder PRO On-Ear Wireless Headphone with BTv5.0, Up to 21 Hours Playback, 40mm Drivers with Deep Bass, Wir...",ZEBRONICS,/kaggle/working/images/824.jpg
"(Renewed) DELL Latitude 5490 Core i5 8th Gen Laptop, 16 GB RAM, 512GB SSD, Intel HD Graphics, 14 inch (36.83 cms) HD Scree...",(Renewed),/kaggle/working/images/825.jpg
Robustrion Smart Trifold Hard Back Flip Stand Case Cover for iPad 10th Generation Cover iPad Cover 10.9 inch - Navy,Robustrion,/kaggle/working/images/827.jpg
Robustrion Smart Flexible Trifold Flip Stand Case Cover for iPad Air 5th Generation Cover/iPad Air 4th Generation iPad Air...,Robustrion,/kaggle/working/images/829.jpg
ZEBRONICS Zeb-Duke Bluetooth Wireless Over Ear Headphone with Mic (Black),ZEBRONICS,/kaggle/working/images/83.jpg
Sounce Adjustable Xiaomi Mi Band 3/ Mi Band 4 Watch Strap Silicone Adjustable Men Women- Set of 5 (Multi-Colored),Sounce,/kaggle/working/images/831.jpg
"3M Post-it Sticky Notes Pad | Assorted colours | Pack of 3 (100 Sheets each) | 3"" x 3"" | For notes, reminders, study, scho...",3M,/kaggle/working/images/832.jpg
"Nokia T20 Tab with 10.36""(26cm) 2K Screen, Low Blue Light, Wi-Fi & LTE, 8200mAh Battery, Android 11 with 2 Years of OS Upg...",Nokia,/kaggle/working/images/833.jpg
"LAPSTER HDMI Switch Splitter, 2 Port Bi-Directional Manual HDMI Switch 2 in 1 Out or 1 in 2 Out Splitter Supports 4K 2K 3D...",LAPSTER,/kaggle/working/images/834.jpg
"Beetel X73 Cordless 2.4Ghz Landline Phone with Caller ID Display, 2-Way Speaker Phone with Volume Controls, Auto Answer, A...",Beetel,/kaggle/working/images/835.jpg
eSYSTEMS Multi Plug Point 3+3 Universal Socket Adaptor with Led Indicator & Individual Switches & Fuse Protection (Cordles...,eSYSTEMS,/kaggle/working/images/838.jpg
Acer 126 cm (50 inches) H Series 4K Ultra HD Android Smart LED TV AR50AR2851UDPRO (Black),Acer,/kaggle/working/images/839.jpg
Laptop Cover 13.3 inch for MacBook Air M1 Case Cover Laptop Case Compatible with 2020/2019/2018 MacBook Air M1 A2337 A2179...,Laptop,/kaggle/working/images/84.jpg
LOHAYA Air Conditioner Remote Compatible Daikin Split AC Remote Control [ Compatible for Daikin AC Remote ] [ AC-132A ],LOHAYA,/kaggle/working/images/840.jpg
Robustrion Anti-Scratch & Smudge Proof Tempered Glass Screen Protector for Realme Pad 10.4 inch,Robustrion,/kaggle/working/images/841.jpg
Ultra New Series Ultra Smart Watch Ultra Smartwatch Men Women Bluetooth Call Waterproof Wireless Charging HD Screen (Black),Ultra,/kaggle/working/images/842.jpg
"Casio DJ-120D 150 Steps Check and Correct Desktop Calculator with Bigger Screen/Keys (12 Digit), Black",Casio,/kaggle/working/images/844.jpg
Remote Compatible for Samsung LED/LCD Remote Control Works with Samsung LED/LCD TV by Trend Trail,Remote,/kaggle/working/images/845.jpg
Redgear MP80 Speed-Type Gaming Mousepad (Black/Red),Redgear,/kaggle/working/images/846.jpg
"PiBOX India - USB 3.0 to 2.5"" SATA III Hard Drive Adapter 0.5 M Long Cable w/UASP - SATA to USB 3.0 Converter for SSD/HDD...",PiBOX,/kaggle/working/images/847.jpg
"boAt Newly Launched Aavante Bar Tune Soundbar with 60W RMS Signature Sound, 2.0 Channel, Multi-Connectivity Modes, BT v5....",boAt,/kaggle/working/images/848.jpg
Careflection M10 in-Ear TWS Wireless Touch Bluetooth Earplugs in The Ear Stereo Sport Headsets Earphone Noise Reduction He...,Careflection,/kaggle/working/images/85.jpg
"Tuarso 8K HDMI 2.1 Cable 48Gbps,1.5 Meter High-Speed Braided HDMI Cable(8K@60HZ,4K@120HZ,2K@240HZ) HDMI 2.1 Cable Compatib...",Tuarso,/kaggle/working/images/850.jpg
Amigozz Pocket Size Spiral Sticky Note Pad,Amigozz,/kaggle/working/images/851.jpg
"Celly BHSTEREO Magnetic in-Ear Bluetooth 5.0 Wireless Headset, Ergonomic Design, Tangle-Free Cord, Immersive Sound Experie...",Celly,/kaggle/working/images/852.jpg
Wesley Milestone 15.6 inch 25 L Casual Waterproof Laptop Backpack/Office Bag/School Bag/College Bag/Business Bag/Unisex Tr...,Wesley,/kaggle/working/images/855.jpg
LOHAYA Universal AC Remote Compatible with LG AC Remote Control Model No :- AKB72955306 [ Compatible for LG Split AC Remot...,LOHAYA,/kaggle/working/images/857.jpg
D2Q Wired Original Galaxy Earphones for All Samsung Smartphones with Mic | Pure Bass Sound | One Button Multi-Function Rem...,D2Q,/kaggle/working/images/858.jpg
realme Narzo 50 Pro 5G (Hyper Black 8GB RAM+128GB Storage) Dimensity 920 5G Processor |90Hz Super AMOLED Display,realme,/kaggle/working/images/859.jpg
Apsara Non Dust Erasers - Pack of 20,Apsara,/kaggle/working/images/86.jpg
"pTron Glam Extendable Selfie Stick with Bluetooth Remote & Tripod Stand, 75cm Extended Length, for 6.5 to 9.5cm Width Phon...",pTron,/kaggle/working/images/860.jpg
"FEDUS Cat6 Ethernet Cable, 20 Meter High Speed 550MHZ / 10 Gigabit Speed UTP LAN Cable, Network Cable Internet Cable RJ45 ...",FEDUS,/kaggle/working/images/861.jpg
"FEDUS 5 Meter 16.4 Feet Long Switch Board Extension, Pack 1 Extension Boards with Switch,Extension Board with Long Wire, E...",FEDUS,/kaggle/working/images/862.jpg
Weird Wolf Mosquito Racket Bat with Lithium Battery (CE Certified) | USB Charging | Bright LED | All India Warranty (Purple),Weird,/kaggle/working/images/863.jpg
"ZEBRONICS Zeb-Fun 3 W Karaoke Mic Comes with Bluetooth Supporting Speaker, mSD Card, AUX and Media Control(Blue)",ZEBRONICS,/kaggle/working/images/866.jpg
"CEDO 25W Dual Port (USB A + USB C) 25W PD + 18W QC Quick Charge Wall Charger Travel Adapter for Samsung M33,M53,F23, Flip...",CEDO,/kaggle/working/images/868.jpg
"ZEBRONICS Zeb-Music Bomb X Wireless 20W Portable Speaker, 4000 mAh Battery, RGB Lights, IPX7 Water Resistant, Wireless BT/...",ZEBRONICS,/kaggle/working/images/869.jpg
"Oppo A55 (Rainbow Blue, 4GB RAM, 128GB Storage) | 5000mAh Battery | 50MP AI Camera | 18W Fast Charging | with No Cost EMI/...",Oppo,/kaggle/working/images/87.jpg
"Western Digital WD Blue SA510 SATA 500GB, Up to 560MB/s, 2.5 Inch/7 mm, 5Y Warranty, Internal Solid State Drive (SSD) (WDS...",Western,/kaggle/working/images/870.jpg
"Classmate Notebook - Unruled, 72 Pages, 240 mm x 180 mm - Pack Of 4",Classmate,/kaggle/working/images/871.jpg
"pTron Tangent Urban, 60Hrs Playtime, ENC, Bluetooth 5.3 Earphones, Low Latency Gaming, Punchy Bass, in-Ear Wireless Headph...",pTron,/kaggle/working/images/873.jpg
"Noise Newly Launched Buds X Truly Wireless in-Ear Earbuds with ANC(Upto 25dB), 35H Playtime, Quad Mic with ENC, Instacharg...",Noise,/kaggle/working/images/875.jpg
Sounce Silicone Soft Shock Proof Protective AirPods Case 5-in-1 Set Sleeve Skin Cover with Anti Lost Strap + Keychain + Ea...,Sounce,/kaggle/working/images/879.jpg
"Redmi 9A Sport (Carbon Black, 3GB RAM, 32GB Storage) | 2GHz Octa-core Helio G25 Processor | 5000 mAh Battery",Redmi,/kaggle/working/images/88.jpg
"Vivo Y16 (Drizzling Gold, 4GB RAM, 64GB Storage) with No Cost EMI/Additional Exchange Offers",Vivo,/kaggle/working/images/880.jpg
KYOSEI Advanced Tempered Glass Compatible with Google Pixel 7 with Military-Grade Anti-Explosion Edge-to-Edge Coverage Scr...,KYOSEI,/kaggle/working/images/881.jpg
Onsitego 1 Year Extended Warranty for Small Household Appliances from Rs. 6001-7000 (Email Delivery - No Physical Kit),Onsitego,/kaggle/working/images/882.jpg
"Amazon Basics 256GB microSDXC Memory Card with Full Size Adapter, 100MB/s, U3",Amazon,/kaggle/working/images/883.jpg
"Redmi Note 10S (Deep Sea Blue, 6GB RAM, 64GB Storage) - Super Amoled Display | 64 MP Quad Camera | 6 Month Free Screen Rep...",Redmi,/kaggle/working/images/884.jpg
"Lenovo Tab M10 Fhd Plus (2Nd Gen) (10.3 Inch, 4Gb, 128 Gb, Wi-Fi + LTE, Volte Calling, Platinum Grey) with Earphone, Kids ...",Lenovo,/kaggle/working/images/885.jpg
"GIZGA 2.5"" Hard Drive Case Self Tattoo Hard Shell (Black)",GIZGA,/kaggle/working/images/886.jpg
"Nokia 3310 Dual SIM Feature Phone with MP3 Player, Wireless FM Radio and Rear Camera, Dark Blue",Nokia,/kaggle/working/images/89.jpg
Lenovo Casual Laptop Briefcase T210 (Toploader) 39.62 cm (15.6-inch) Water Repellent Black,Lenovo,/kaggle/working/images/9.jpg
AEIDESS Tempered Glass/Screen Guard Compatible for Oneplus 11 / OnePlus 9 Pro with Edge to Edge Full Screen Coverage (Tran...,AEIDESS,/kaggle/working/images/91.jpg
AUNO Standard Multi-Purpose Laptop Table with Dock Stand/Study Table/Bed Table/Foldable and Portable/Ergonomic & Rounded E...,AUNO,/kaggle/working/images/92.jpg
Samsung 138 cm (55 inches) Crystal 4K Series Ultra HD Smart LED TV UA55AUE60AKLXL (Black),Samsung,/kaggle/working/images/93.jpg
"Tukzer Gel Mouse Pad Wrist Rest Memory-Foam Ergonomic Mousepad| Cushion Wrist Support & Pain Relief| Suitable for Gaming, ...",Tukzer,/kaggle/working/images/936.jpg
"Gizga Essentials USB WiFi Adapter for PC, 150 Mbps Wireless Network Adapter for Desktop - Nano Size WiFi Dongle Compatible...",Gizga,/kaggle/working/images/937.jpg
"Born Good Plant-based Electronics & Gadget Disinfectant & Cleaner Kit | Biodegradable, Non-Toxic, Eco-Friendly | Laptop, S...",Born,/kaggle/working/images/938.jpg
Sinal Premium Heavy Duty Wall Mount Stand for 17-32 inches LCD LED TV Moving TV,Sinal,/kaggle/working/images/939.jpg
"Amazon Brand - Solimo Mobile Soft & Flexible Shockproof Back Cover with Cushioned Edges for Samsung Galaxy S20 FE, Transpa...",Amazon,/kaggle/working/images/94.jpg
Merayo Metal Mesh Pen and Pencil Stationary Storage Tidy Desk Organizer Box with 6 Compartment for Home and Office Accesso...,Merayo,/kaggle/working/images/940.jpg
Sony MDR-EX155AP in-Ear Wired Headphones with Mic (Black),Sony,/kaggle/working/images/941.jpg
"Sony HT-S40R Real 5.1ch Dolby Audio Soundbar for TV with Subwoofer & Wireless Rear Speakers, 5.1ch Home Theatre System (60...",Sony,/kaggle/working/images/942.jpg
TheGiftKart Shockproof Crystal Clear Back Cover Case for Google Pixel 6A | 360 Degree Protection | Protective Design | Tra...,TheGiftKart,/kaggle/working/images/943.jpg
"PTron Force X12N 1.85"" Full Touch HD Display Bluetooth Calling Smartwatch, Functional Crown, 580 NITS Brightness, HR, SpO...",PTron,/kaggle/working/images/944.jpg
"Noise Buds VS303 in-Ear Truly Wireless Earbuds with 24H of Playtime, Hyper Sync Technology, with Mic, 13mm Driver,Full Tou...",Noise,/kaggle/working/images/945.jpg
"Ambrane 45W BoostedSpeed Type-C Port Fast Charger with Power Delivery, Type-C Lightning Laptop Charging, Made in India, iP...",Ambrane,/kaggle/working/images/947.jpg
"Saifsmart Outlet Wall Mount Hanger Holder for Dot 3rd Gen, Compact Bracket Case Plug and Built-in Cable Management for Kit...",Saifsmart,/kaggle/working/images/948.jpg
SKADIOO multiplug | three pin plug socket | 3-in-1 Universal Travel Adapter Multi-Plug with Individual Switch Socket with ...,SKADIOO,/kaggle/working/images/949.jpg
"Parker Ultra Fine Navigator Roller Ball Refill, Blue",Parker,/kaggle/working/images/95.jpg
DOMS Painting Kit,DOMS,/kaggle/working/images/950.jpg
Spigen Liquid Air Back Cover Case for Samsung Galaxy S23 Ultra (TPU | Matte Black),Spigen,/kaggle/working/images/951.jpg
"Logitech Plug and Play USB Keyboard K120, Black",Logitech,/kaggle/working/images/953.jpg
"Mivi DuoPods A550 Truly Wireless in Ear Earbuds with Quad Mic ENC(Environmental Noise Cancellation), 13mm Powerful Bass Dr...",Mivi,/kaggle/working/images/955.jpg
TheGiftKart Back Cover Case for OnePlus Nord (2020) (Shockproof | Crystal Clear | Hybrid TPU & PC | Transparent Back | Bla...,TheGiftKart,/kaggle/working/images/956.jpg
"ProElite Smart Flip Case Cover for Samsung Galaxy Tab A8 10.5"" SM-X200/ SM-X205/ SM-X207 Translucent Back with Stylus Pen,...",ProElite,/kaggle/working/images/957.jpg
Spigen Rugged Armor Cover Case Compatible with Airpods Pro 2 (2022) - Matte Black,Spigen,/kaggle/working/images/958.jpg
"Nokia 110 4G with Volte HD Calls, Up to 32GB External Memory, FM Radio (Wired & Wireless Dual Mode), Games, Torch | Aqua 1...",Nokia,/kaggle/working/images/959.jpg
Wayona Type C Cable Nylon Braided USB C QC 3.0 Fast Charging Short Power Bank Cable for Samsung Galaxy S10e/S10+/S10/S9/S...,Wayona,/kaggle/working/images/96.jpg
"Duracell Ultra Alkaline C Battery, 2 pcs",Duracell,/kaggle/working/images/962.jpg
"HP 15s, AMD Athlon Silver 3050U 8GB RAM/512GB SSD 15.6-inches/39.6 cm HD, Micro-Edge Display/Windows 11/AMD Radeon Graphic...",HP,/kaggle/working/images/963.jpg
"Xiaomi 13 Pro (Ceramic Black, 12GB RAM 256GB Storage) | Leica Professional 50MP Triple Camera | Biggest Camera Sensor 1"" I...",Xiaomi,/kaggle/working/images/966.jpg
Needle CMYK Refill Kit with Suction Tool Combo Pack of High Yield Inkjet Cartridge Ink Refill Compatible for HP and Canon ...,Needle,/kaggle/working/images/968.jpg
Navneet Youva | Spiral Long Book for students and executives | Spiral Bound with Safety lock | A4 size - 21 x 29.7 cm | Si...,Navneet,/kaggle/working/images/969.jpg
SanDisk SDDD3-032G-I35GW Ultra Dual 32GB USB 3.0 OTG Pen Drive (Gold),SanDisk,/kaggle/working/images/97.jpg
"Quartet ReWritables Mini Dry-Erase Whiteboard Markers, Fine Tip, Assorted Ink Colours, Whiteboard Non-Permanent Markers wi...",Quartet,/kaggle/working/images/970.jpg
"Tizum USB Type C to Lightning Cable with 20W Fast Charging & 480 Mbps Data Transmission Speed for iPhones, iPads & other i...",Tizum,/kaggle/working/images/972.jpg
Cello Marky Permanent Marker- Pack of 8 | Permanent Marker Pens | Set of 8 Ink Colors Marker Pen | Stationery Markers markers,Cello,/kaggle/working/images/973.jpg
"Sony WI-C200 Wireless Headphones with 15 Hrs Battery Life, Quick Charge, Magnetic Earbuds for Tangle Free Carrying, BT ver...",Sony,/kaggle/working/images/975.jpg
"Dyazo Water Resistant Laptop Sleeve with Handle Compatible for 15 Inch to 15.6 "" Inches laptops & Notebooks - Grey",Dyazo,/kaggle/working/images/976.jpg
Artis ARTIS Mini 2.0 USB Multimedia Speakers (Black),Artis,/kaggle/working/images/977.jpg
"Pilot V5 Liquid Ink Roller Ball Pen -Blue(Pack of 3), (9000014710)",Pilot,/kaggle/working/images/979.jpg
"ZEBRONICS V260JP Joypad with vibration motors, dual analog sticks, USB interface, Digital / analog modes, 14 buttons, Comp...",ZEBRONICS,/kaggle/working/images/98.jpg
SEVAM Broadcast Mobile Phone Stand Multi-Angle Adjustable Desk Mount Holder 360 Rotate for Online Classes Live Streaming S...,SEVAM,/kaggle/working/images/982.jpg
Scotch 3M Wall Safe Tape | 1 Roll with Dispenser | Holds Upto 14g | for Damage Free Mounting and Décor | Removes Without R...,Scotch,/kaggle/working/images/983.jpg
Pubg Anti-Slip Thumb Sleeve Pack Of 6 Pair Yellow Finger Sleeve (Pack of 12),Pubg,/kaggle/working/images/984.jpg
ADISA Light Weight Laptop Backpack 32 Ltrs,ADISA,/kaggle/working/images/985.jpg
BROTHER TN-2365 Original Toner (Mono/Black),BROTHER,/kaggle/working/images/986.jpg
"Noise Newly Launched Evolve 2 Play AMOLED Display Smart Watch with Fast Charging, Always On Display, 50 Sports Modes, Hind...",Noise,/kaggle/working/images/987.jpg
"TP-Link TL-MR100 300Mbps 2.4GHz Wireless N 4G LTE, Wi-Fi N300, Plug and Play, Parental Controls, Guest Network, with Micro...",TP-Link,/kaggle/working/images/988.jpg
"Lifealthy Universal Flat Screen Cleaning Kit Combo with Extra Large Micro Fibre Cloth | For Laptop and HDTV, 4K, LCD, LED,...",Lifealthy,/kaggle/working/images/989.jpg
"AGARO 3.5mm Audio Cable Stereo Aux 90 Degree Right Angle Aux Cable 24K Gold Plated Male to Male Hi-Fi Sound for Car, Home ...",AGARO,/kaggle/working/images/99.jpg
"Amkette EvoFox Fireblade Gaming Wired Keyboard with LED Backlit, 19 Anti-Ghosting Keys and Windows Lock Key (TKL) (Black)",Amkette,/kaggle/working/images/991.jpg
Bennett Khadi and Polyester Drax Laptop Bag Sleeve Case Cover Pouch for 15/15.6 inches Laptop Apple/Dell/Lenovo/ASUS/Hp/Sa...,Bennett,/kaggle/working/images/993.jpg
Qubo Smart Cam 360 Ultra from Hero Group | Made in India | Ethernet Port | 2MP 1080p Full HD Wi-Fi Camera | 360 Coverage w...,Qubo,/kaggle/working/images/994.jpg
Inventis 5V 1.2W Portable Flexible USB LED Light Lamp (Colors may vary),Inventis,/kaggle/working/images/995.jpg
"Fire-Boltt Ring Pro Bluetooth Calling, 1.75” 320 * 385px High Res, IP68 & SpO2 Monitoring, Pin Code Locking Functionality...",Fire-Boltt,/kaggle/working/images/996.jpg
Belkin Essential Series 8-Socket Surge Protector Universal Socket with 6.5ft Heavy Duty Cable (Grey),Belkin,/kaggle/working/images/997.jpg
"Godox SB-UBW80, 80 cm Octa Softbox for Speedlite",Godox,/kaggle/working/images/998.jpg
"Tenda N301 RJ45 Wireless-N300 Mbps Single_Band Easy Setup Router (White, Not a Modem)",Tenda,/kaggle/working/images/999.jpg
