ProdID,Name,Brand,Tags,ImageURL,ReviewCount,Rating
19,"OnePlus Bullets Z2 Bluetooth Wireless in Ear Earphones with Mic, Bombastic Bass - 12.4 Mm Drivers, 10 Mins Charge - 20 Hrs...",OnePlus,"OnePlus Bullets Z2 Bluetooth Wireless in Ear Earphones with Mic, Bombastic Bass - 12.4 Mm Drivers, 10 Mins Charge - 20 Hrs... OnePlus",/static/images/104.jpg,132,3
33,"SanDisk Ultra® microSDXC™ UHS-I Card, 64GB, 140MB/s R, 10 Y Warranty, for Smartphones",SanDisk,"SanDisk Ultra® microSDXC™ UHS-I Card, 64GB, 140MB/s R, 10 Y Warranty, for Smartphones SanDisk",/static/images/1054.jpg,2557,2
154,"Syvo WT 3130 Aluminum Tripod (50 Inches), Universal Lightweight Tripod with Mobile Phone Holder Mount & Carry Bag for All ...",Syvo,"Syvo WT 3130 Aluminum Tripod (50 Inches), Universal Lightweight Tripod with Mobile Phone Holder Mount & Carry Bag for All ... Syvo",/static/images/1277.jpg,2937,1
1233,"Hammer Pulse Ace Pro Bluetooth Calling Smartwatch with SpO2 & 1.81” Aluminium Alloy Body with Blood Oxygen Monitoring, Hea...",Hammer,"Hammer Pulse Ace Pro Bluetooth Calling Smartwatch with SpO2 & 1.81” Aluminium Alloy Body with Blood Oxygen Monitoring, Hea... Hammer",/static/images/3313.jpg,1623,4
1367,"Fire-Boltt Ninja 3 1.83"" Display Smartwatch Full Touch with 100+ Sports Modes with IP68, Sp02 Tracking, Over 100 Cloud Bas...",Fire-Boltt,"Fire-Boltt Ninja 3 1.83"" Display Smartwatch Full Touch with 100+ Sports Modes with IP68, Sp02 Tracking, Over 100 Cloud Bas... Fire-Boltt",/static/images/3572.jpg,3667,3
2339,"Nokia 3310 Dual SIM Feature Phone with MP3 Player, Wireless FM Radio and Rear Camera, Dark Blue",Nokia,"Nokia 3310 Dual SIM Feature Phone with MP3 Player, Wireless FM Radio and Rear Camera, Dark Blue Nokia",/static/images/89.jpg,2096,4
1798,OnePlus 108 cm (43 inches) Y Series Full HD Smart Android LED TV 43 Y1S (Black),OnePlus,OnePlus 108 cm (43 inches) Y Series Full HD Smart Android LED TV 43 Y1S (Black) OnePlus,/static/images/4211.jpg,1829,5
907,"Digitek Wireless Microphone System for DSLR, Camcorder, Smartphone & Tablet DWM 101",Digitek,"Digitek Wireless Microphone System for DSLR, Camcorder, Smartphone & Tablet DWM 101 Digitek",/static/images/2517.jpg,756,1
2223,"Boult Audio Bassbuds Loop 2 Wired in Ear Earphones with Mic, 10mm Powerful Driver for Extra Bass with Customizable Ear Loo...",Boult,"Boult Audio Bassbuds Loop 2 Wired in Ear Earphones with Mic, 10mm Powerful Driver for Extra Bass with Customizable Ear Loo... Boult",/static/images/688.jpg,2675,2
237,"Samsung Galaxy Buds Live Bluetooth Truly Wireless in Ear Earbuds with Mic, Upto 21 Hours Playtime, Mystic Black",Samsung,"Samsung Galaxy Buds Live Bluetooth Truly Wireless in Ear Earbuds with Mic, Upto 21 Hours Playtime, Mystic Black Samsung",/static/images/1437.jpg,757,3
18,"boAt Wave Call Smart Watch, Smart Talk with Advanced Dedicated Bluetooth Calling Chip, 1.69 HD Display with 550 NITS & 70%...",boAt,"boAt Wave Call Smart Watch, Smart Talk with Advanced Dedicated Bluetooth Calling Chip, 1.69 HD Display with 550 NITS & 70%... boAt",/static/images/1039.jpg,4954,1
32,SanDisk Cruzer Blade 32GB USB Flash Drive,SanDisk,SanDisk Cruzer Blade 32GB USB Flash Drive SanDisk,/static/images/1053.jpg,516,3
2022,"Oppo F21s Pro 5G (Starlight Black, 8GB RAM, 128 Storage) with No Cost EMI/Additional Exchange Offers",Oppo,"Oppo F21s Pro 5G (Starlight Black, 8GB RAM, 128 Storage) with No Cost EMI/Additional Exchange Offers Oppo",/static/images/4737.jpg,3112,5
247,"SanDisk Ultra Dual Drive Go usb3.0 Type C Pendrive for Mobile (Black, 64 GB, 5Y - SDDDC3-064G-I35)",SanDisk,"SanDisk Ultra Dual Drive Go usb3.0 Type C Pendrive for Mobile (Black, 64 GB, 5Y - SDDDC3-064G-I35) SanDisk",/static/images/1472.jpg,3120,4
1298,"Noise ColorFit Ultra Smart Watch with 1.75"" HD Display, Aluminium Alloy Body, 60 Sports Modes, Spo2, Lightweight, Stock Ma...",Noise,"Noise ColorFit Ultra Smart Watch with 1.75"" HD Display, Aluminium Alloy Body, 60 Sports Modes, Spo2, Lightweight, Stock Ma... Noise",/static/images/3460.jpg,3715,1
516,Sounce Silicone Adjustable Watch Band Strap For Xiaomi Mi Band 3/ Mi Band 4 (Not Compatible For Mi Band 1/2),Sounce,Sounce Silicone Adjustable Watch Band Strap For Xiaomi Mi Band 3/ Mi Band 4 (Not Compatible For Mi Band 1/2) Sounce,/static/images/1884.jpg,2326,5
1213,Robustrion Smart Trifold Hard Back Flip Stand Case Cover for Apple iPad 10.2 Cover iPad 9th Generation Cover 2021 8th Gen ...,Robustrion,Robustrion Smart Trifold Hard Back Flip Stand Case Cover for Apple iPad 10.2 Cover iPad 9th Generation Cover 2021 8th Gen ... Robustrion,/static/images/3212.jpg,2115,5
507,Onsitego 1 Year Extended Warranty for Small Household Appliances from Rs. 501-1000 (Email Delivery - No Physical Kit),Onsitego,Onsitego 1 Year Extended Warranty for Small Household Appliances from Rs. 501-1000 (Email Delivery - No Physical Kit) Onsitego,/static/images/1875.jpg,2114,2
2075,Robustrion Anti-Scratch & Smudge Proof Tempered Glass Screen Protector Guard for Redmi Pad 10.61 inch,Robustrion,Robustrion Anti-Scratch & Smudge Proof Tempered Glass Screen Protector Guard for Redmi Pad 10.61 inch Robustrion,/static/images/4827.jpg,2681,5
1984,Redmi 126 cm (50 inches) 4K Ultra HD Android Smart LED TV X50 | L50M6-RA (Black),Redmi,Redmi 126 cm (50 inches) 4K Ultra HD Android Smart LED TV X50 | L50M6-RA (Black) Redmi,/static/images/4650.jpg,1646,5
1757,"Amazfit Band 7 Activity Fitness Tracker, Always-on AMOLED Display, Alexa Built-in, Up to 18-Day Battery Life, 24H Heart Ra...",Amazfit,"Amazfit Band 7 Activity Fitness Tracker, Always-on AMOLED Display, Alexa Built-in, Up to 18-Day Battery Life, 24H Heart Ra... Amazfit",/static/images/4162.jpg,4765,3
770,"Lapster 3 in 1 Screen Cleaning Kit with Brush and Micro Cloth for PC, laptops, LCD led mobiles and TV (80ML)",Lapster,"Lapster 3 in 1 Screen Cleaning Kit with Brush and Micro Cloth for PC, laptops, LCD led mobiles and TV (80ML) Lapster",/static/images/2307.jpg,3473,1
1336,"Ohuhu Double Tipped Alcohol Markers, Art Marker Set for Kids, Adults Coloring Illustration, Great Value Pack for Students'...",Ohuhu,"Ohuhu Double Tipped Alcohol Markers, Art Marker Set for Kids, Adults Coloring Illustration, Great Value Pack for Students'... Ohuhu",/static/images/3505.jpg,4551,2
634,"E-COSMOS 5V 1.2W Portable Flexible USB LED Light (Colors May Vary, Small) - Set of 2 Pieces",E-COSMOS,"E-COSMOS 5V 1.2W Portable Flexible USB LED Light (Colors May Vary, Small) - Set of 2 Pieces E-COSMOS",/static/images/2102.jpg,4754,3
572,"smashtronics - Adjustable Aluminum Laptop Stand - Foldable, Ventilated, Portable Stand for Desk & Tabletop, Compatible wit...",smashtronics,"smashtronics - Adjustable Aluminum Laptop Stand - Foldable, Ventilated, Portable Stand for Desk & Tabletop, Compatible wit... smashtronics",/static/images/1988.jpg,1782,3
183,CP PLUS 3MP Full HD Smart Wi-fi CCTV Home Security Camera | 360° View | 2 Way Talk | Cloud Monitor | Motion Detect | Night...,CP,CP PLUS 3MP Full HD Smart Wi-fi CCTV Home Security Camera | 360° View | 2 Way Talk | Cloud Monitor | Motion Detect | Night... CP,/static/images/1308.jpg,594,2
758,Apple AirPods Pro (2nd Generation) ​​​​​​​,Apple,Apple AirPods Pro (2nd Generation) ​​​​​​​ Apple,/static/images/2297.jpg,4490,3
1895,"Fevicryl Pidilite Acrylic Colour, Black Acrylic Paint, 500 ml, Art and Craft Paint, DIY Paint, Rich Pigment, Non-Craking P...",Fevicryl,"Fevicryl Pidilite Acrylic Colour, Black Acrylic Paint, 500 ml, Art and Craft Paint, DIY Paint, Rich Pigment, Non-Craking P... Fevicryl",/static/images/4404.jpg,3510,3
1281,Sounce Indoor Entertainment & Watching a Movie with This Cool Big Square Mobile Foldable Stand Holder (Pack of 2) (Black -...,Sounce,Sounce Indoor Entertainment & Watching a Movie with This Cool Big Square Mobile Foldable Stand Holder (Pack of 2) (Black -... Sounce,/static/images/3437.jpg,4186,4
1875,Pidilite Fevicreate Make Your Own Bird House | DIY Art and Craft Set for Kids for 7 Years and Above | Kit Contains Fevicol...,Pidilite,Pidilite Fevicreate Make Your Own Bird House | DIY Art and Craft Set for Kids for 7 Years and Above | Kit Contains Fevicol... Pidilite,/static/images/4373.jpg,1836,1
1505,Duracell CHHOTA Power Alkaline AA Batteries - 20 Pcs,Duracell,Duracell CHHOTA Power Alkaline AA Batteries - 20 Pcs Duracell,/static/images/377.jpg,3013,1
1091,"Redmi Smart Band Pro SportsWatch- 3.73 cm (1.47) Large AMOLED Display, Always On Display, Continuous Sleep, HR, Stress and...",Redmi,"Redmi Smart Band Pro SportsWatch- 3.73 cm (1.47) Large AMOLED Display, Always On Display, Continuous Sleep, HR, Stress and... Redmi",/static/images/2934.jpg,666,2
2397,"Godox SB-UBW80, 80 cm Octa Softbox for Speedlite",Godox,"Godox SB-UBW80, 80 cm Octa Softbox for Speedlite Godox",/static/images/998.jpg,1935,1
1235,"Brand Conquer 6 in 1 with OTG, SD Card Reader, USB Type C, USB 3.0 and Micro USB, for Memory Card | Portable Card Reader |...",Brand,"Brand Conquer 6 in 1 with OTG, SD Card Reader, USB Type C, USB 3.0 and Micro USB, for Memory Card | Portable Card Reader |... Brand",/static/images/3315.jpg,3117,2
1991,"ZEBRONICS Zeb-Warrior II 10 watts 2.0 Multimedia Speaker with RGB Lights, USB Powered, AUX Input, Volume Control Pod for P...",ZEBRONICS,"ZEBRONICS Zeb-Warrior II 10 watts 2.0 Multimedia Speaker with RGB Lights, USB Powered, AUX Input, Volume Control Pod for P... ZEBRONICS",/static/images/4683.jpg,79,2
1571,7SEVEN® Compatible for Samsung Smart 4K Ultra HD TV Monitor Remote Control Replacement of Original Samsung TV Remote for L...,7SEVEN®,7SEVEN® Compatible for Samsung Smart 4K Ultra HD TV Monitor Remote Control Replacement of Original Samsung TV Remote for L... 7SEVEN®,/static/images/3906.jpg,3960,2
325,Onsitego 1 year Extended Warranty for Small Appliances up to Rs 2500 (Email Delivery - No Physical Kit),Onsitego,Onsitego 1 year Extended Warranty for Small Appliances up to Rs 2500 (Email Delivery - No Physical Kit) Onsitego,/static/images/1604.jpg,4251,4
2232,"CEUTA Waterproof Sport Armband, Unisex Running Jogging Gym Arm Band Case, Mobile for Fitness Exercise with Adjustable Elas...",CEUTA,"CEUTA Waterproof Sport Armband, Unisex Running Jogging Gym Arm Band Case, Mobile for Fitness Exercise with Adjustable Elas... CEUTA",/static/images/696.jpg,1366,4
936,"HOLD UP Selfie Stick, Extendable Selfie Stick with Wireless Remote and Tripod Stand, Portable, Lightweight, Compatible wit...",HOLD,"HOLD UP Selfie Stick, Extendable Selfie Stick with Wireless Remote and Tripod Stand, Portable, Lightweight, Compatible wit... HOLD",/static/images/2574.jpg,2854,4
1708,Wesley Milestone 2.0 Casual Waterproof Laptop Backpack/Office Bag/School Bag/College Bag/Business Bag/Travel Backpack (Dim...,Wesley,Wesley Milestone 2.0 Casual Waterproof Laptop Backpack/Office Bag/School Bag/College Bag/Business Bag/Travel Backpack (Dim... Wesley,/static/images/4084.jpg,4378,3
2327,"Classmate Notebook - Unruled, 72 Pages, 240 mm x 180 mm - Pack Of 4",Classmate,"Classmate Notebook - Unruled, 72 Pages, 240 mm x 180 mm - Pack Of 4 Classmate",/static/images/871.jpg,3076,3
1635,OpenTech® Tempered Glass Screen Protector Compatible for iPhone 12/12 Pro with Edge to Edge Coverage and Easy Installation...,OpenTech®,OpenTech® Tempered Glass Screen Protector Compatible for iPhone 12/12 Pro with Edge to Edge Coverage and Easy Installation... OpenTech®,/static/images/401.jpg,3850,4
1868,"Samsung 23 L Solo Microwave Oven (MS23J5133AG/TL, Healthy Cook, Black)",Samsung,"Samsung 23 L Solo Microwave Oven (MS23J5133AG/TL, Healthy Cook, Black) Samsung",/static/images/4358.jpg,1138,3
1960,"realme narzo 50 (Speed Blue, 6GB RAM+128GB Storage) Helio G96 Processor | 50MP AI Triple Camera | 120Hz Ultra Smooth Display",realme,"realme narzo 50 (Speed Blue, 6GB RAM+128GB Storage) Helio G96 Processor | 50MP AI Triple Camera | 120Hz Ultra Smooth Display realme",/static/images/455.jpg,4198,5
1096,Apple iPhone 13 (128GB) - Blue,Apple,Apple iPhone 13 (128GB) - Blue Apple,/static/images/2941.jpg,3060,3
1707,"Post-it Super Sticky Notes, 2X Sticking Power, 3 in x 3 in, 5 Pads/Pack, 90 Sheets/Pad (neon Colour)",Post-it,"Post-it Super Sticky Notes, 2X Sticking Power, 3 in x 3 in, 5 Pads/Pack, 90 Sheets/Pad (neon Colour) Post-it",/static/images/4083.jpg,2370,1
1551,"USB C to HDMI Adapter, Aluminum Portable USB C Adapter, Supports 1080p 60Hz, 4K 30Hz, for MacBook Pro, MacBook Air, Pixelb...",USB,"USB C to HDMI Adapter, Aluminum Portable USB C Adapter, Supports 1080p 60Hz, 4K 30Hz, for MacBook Pro, MacBook Air, Pixelb... USB",/static/images/3886.jpg,34,3
2145,"JBL Wave Buds in-Ear Earbuds (TWS) with Mic, App for Customized Extra Bass EQ, 32 Hrs Battery and Quick Charge, IP54, Ambi...",JBL,"JBL Wave Buds in-Ear Earbuds (TWS) with Mic, App for Customized Extra Bass EQ, 32 Hrs Battery and Quick Charge, IP54, Ambi... JBL",/static/images/5003.jpg,4329,5
874,"SanDisk 1TB Extreme Portable SSD 1050MB/s R, 1000MB/s W,Upto 2 Meter Drop Protection with IP55 Water/dust Resistance, HW E...",SanDisk,"SanDisk 1TB Extreme Portable SSD 1050MB/s R, 1000MB/s W,Upto 2 Meter Drop Protection with IP55 Water/dust Resistance, HW E... SanDisk",/static/images/2473.jpg,3400,3
2304,"Casio DJ-120D 150 Steps Check and Correct Desktop Calculator with Bigger Screen/Keys (12 Digit), Black",Casio,"Casio DJ-120D 150 Steps Check and Correct Desktop Calculator with Bigger Screen/Keys (12 Digit), Black Casio",/static/images/844.jpg,1906,4
966,"Tygot 10"" Portable LED Ring Light with 3 Color Modes Dimmable Lighting | for YouTube | Photo-Shoot | Video Shoot | Live St...",Tygot,"Tygot 10"" Portable LED Ring Light with 3 Color Modes Dimmable Lighting | for YouTube | Photo-Shoot | Video Shoot | Live St... Tygot",/static/images/2671.jpg,3141,2
1923,"Duracell USB A to Micro Cables, 2A Braided Sync & Quick Charging Cable, 3.9 Feet (1.2M), Supports QC 2.0/3.0 Charging, Rap...",Duracell,"Duracell USB A to Micro Cables, 2A Braided Sync & Quick Charging Cable, 3.9 Feet (1.2M), Supports QC 2.0/3.0 Charging, Rap... Duracell",/static/images/4457.jpg,755,2
1191,"BenQ GW2480 24 inch (60 cm) 1920 x 1080 Pixels IPS Full HD Ultra-Slim Bezel Monitor- Eye Care, Anti-Glare, Brightness Inte...",BenQ,"BenQ GW2480 24 inch (60 cm) 1920 x 1080 Pixels IPS Full HD Ultra-Slim Bezel Monitor- Eye Care, Anti-Glare, Brightness Inte... BenQ",/static/images/3178.jpg,4961,5
1062,"Samsung Guru Music 2 315 (GT-B315, White) (SM-B315EZWDINS)",Samsung,"Samsung Guru Music 2 315 (GT-B315, White) (SM-B315EZWDINS) Samsung",/static/images/287.jpg,4756,5
1155,"TP-Link | AC1200 WiFi Range Extender | Up to 1200Mbps Speed | Dual Band Wireless Extender, Repeater, Signal Booster, Acces...",TP-Link,"TP-Link | AC1200 WiFi Range Extender | Up to 1200Mbps Speed | Dual Band Wireless Extender, Repeater, Signal Booster, Acces... TP-Link",/static/images/3103.jpg,3474,1
539,LG 80 cm (32 inches) HD Ready Smart LED TV 32LM563BPTC (Dark Iron Gray),LG,LG 80 cm (32 inches) HD Ready Smart LED TV 32LM563BPTC (Dark Iron Gray) LG,/static/images/191.jpg,3366,2
1067,"Samsung Dolby Digital Bluetooth Soundbar (HW-T42E/XL, Black, 2.1 Channel)",Samsung,"Samsung Dolby Digital Bluetooth Soundbar (HW-T42E/XL, Black, 2.1 Channel) Samsung",/static/images/2877.jpg,767,5
1963,HP Bluetooth Mouse 250/4.2 Bluetooth connectivity/Adjustable DPI Upto 3600/15-month Long Battery Life and Safe encryption ...,HP,HP Bluetooth Mouse 250/4.2 Bluetooth connectivity/Adjustable DPI Upto 3600/15-month Long Battery Life and Safe encryption ... HP,/static/images/4569.jpg,3294,3
699,"Brand Conquer 3 in 1 SD Card Reader | USB Type C, USB 3.0 and Micro USB, OTG, Memory Card | Portable Card Reader | Compati...",Brand,"Brand Conquer 3 in 1 SD Card Reader | USB Type C, USB 3.0 and Micro USB, OTG, Memory Card | Portable Card Reader | Compati... Brand",/static/images/2217.jpg,4962,1
152,"OnePlus 11 5G (Eternal Green, 16GB RAM, 256GB Storage)",OnePlus,"OnePlus 11 5G (Eternal Green, 16GB RAM, 256GB Storage) OnePlus",/static/images/1275.jpg,1945,5
1951,10WeRun 10 Watt Wireless Bluetooth Portable Outdoor Speaker Projection Clock (Black),10WeRun,10WeRun 10 Watt Wireless Bluetooth Portable Outdoor Speaker Projection Clock (Black) 10WeRun,/static/images/4524.jpg,3682,1
2368,"Duracell Ultra Alkaline C Battery, 2 pcs",Duracell,"Duracell Ultra Alkaline C Battery, 2 pcs Duracell",/static/images/962.jpg,3919,3
1661,"Samsung Galaxy M53 5G (Emerald Brown, 6GB, 128GB Storage) | 108MP | sAmoled+ 120Hz | 12GB RAM with RAM Plus | Travel Adapt...",Samsung,"Samsung Galaxy M53 5G (Emerald Brown, 6GB, 128GB Storage) | 108MP | sAmoled+ 120Hz | 12GB RAM with RAM Plus | Travel Adapt... Samsung",/static/images/4034.jpg,4557,4
191,"Fire-Boltt Ninja 3 Smartwatch Full Touch 1.69 & 60 Sports Modes with IP68, Sp02 Tracking, Over 100 Cloud based watch faces...",Fire-Boltt,"Fire-Boltt Ninja 3 Smartwatch Full Touch 1.69 & 60 Sports Modes with IP68, Sp02 Tracking, Over 100 Cloud based watch faces... Fire-Boltt",/static/images/1318.jpg,3442,4
1872,"HP K500F Backlit Membrane Wired Gaming Keyboard with Mixed Color Lighting, Metal Panel with Logo Lighting, 26 Anti-Ghostin...",HP,"HP K500F Backlit Membrane Wired Gaming Keyboard with Mixed Color Lighting, Metal Panel with Logo Lighting, 26 Anti-Ghostin... HP",/static/images/4363.jpg,3985,5
126,"Tygot 10 Inches Big LED Ring Light for Camera, Phone tiktok YouTube Video Shooting and Makeup, 10"" inch Ring Light with 7 ...",Tygot,"Tygot 10 Inches Big LED Ring Light for Camera, Phone tiktok YouTube Video Shooting and Makeup, 10"" inch Ring Light with 7 ... Tygot",/static/images/1178.jpg,3496,5
698,"boAt Stone 135 Portable Wireless Speaker with 5W RMS Immersive Sound, IPX4 Water Resistance, True Wireless Feature, Up to ...",boAt,"boAt Stone 135 Portable Wireless Speaker with 5W RMS Immersive Sound, IPX4 Water Resistance, True Wireless Feature, Up to ... boAt",/static/images/2216.jpg,836,3
793,"Lapster USB 3.0 sata Cable for 2.5 inch SSD and HDD , USB 3.0 to SATA III Hard Driver Adapter , sata to USB Cable-(Blue)",Lapster,"Lapster USB 3.0 sata Cable for 2.5 inch SSD and HDD , USB 3.0 to SATA III Hard Driver Adapter , sata to USB Cable-(Blue) Lapster",/static/images/234.jpg,4119,5
1992,"Verilux® 7 in 1 USB C Hub,Type C to 4K HDMI Output,PD Charging Port,RJ45 Ethernet, SD/TF Card, USB 3.0,USB 2.0 USB C Hub f...",Verilux®,"Verilux® 7 in 1 USB C Hub,Type C to 4K HDMI Output,PD Charging Port,RJ45 Ethernet, SD/TF Card, USB 3.0,USB 2.0 USB C Hub f... Verilux®",/static/images/4684.jpg,1103,1
757,"truke Buds F1 Bluetooth 5.3 Truly Wireless in Ear Earbuds with mic, 48H Playtime, Instant Paring, Exceptional Sound with A...",truke,"truke Buds F1 Bluetooth 5.3 Truly Wireless in Ear Earbuds with mic, 48H Playtime, Instant Paring, Exceptional Sound with A... truke",/static/images/2296.jpg,1105,5
2338,"GIZGA 2.5"" Hard Drive Case Self Tattoo Hard Shell (Black)",GIZGA,"GIZGA 2.5"" Hard Drive Case Self Tattoo Hard Shell (Black) GIZGA",/static/images/886.jpg,3865,5
1327,ZEBRONICS LPC12A Printer Cartridge for HP LJ 1010/1012/1015/1018/1020/1022/1022N/1022NW/3015/3020/3030/3050/3052/3055/M100...,ZEBRONICS,ZEBRONICS LPC12A Printer Cartridge for HP LJ 1010/1012/1015/1018/1020/1022/1022N/1022NW/3015/3020/3030/3050/3052/3055/M100... ZEBRONICS,/static/images/3494.jpg,3448,1
2202,"Noise Scout Kids Smartwatch with GPS Tracking, 4G Video & Voice Calling, Parental Control, Long Battery, Habit Formation, ...",Noise,"Noise Scout Kids Smartwatch with GPS Tracking, 4G Video & Voice Calling, Parental Control, Long Battery, Habit Formation, ... Noise",/static/images/639.jpg,1703,4
75,"HP X1000 Wired USB Mouse with 3 Handy Buttons, Fast-Moving Scroll Wheel and Optical Sensor works on most Surfaces, 3 years...",HP,"HP X1000 Wired USB Mouse with 3 Handy Buttons, Fast-Moving Scroll Wheel and Optical Sensor works on most Surfaces, 3 years... HP",/static/images/11.jpg,3720,4
1627,"Tukzer Fully Foldable Tabletop Desktop Tablet Mobile Stand Holder - Angle & Height Adjustable for Desk, Cradle, Dock, Comp...",Tukzer,"Tukzer Fully Foldable Tabletop Desktop Tablet Mobile Stand Holder - Angle & Height Adjustable for Desk, Cradle, Dock, Comp... Tukzer",/static/images/4002.jpg,373,5
376,SUPER TOY Multicolor LCD Graphic Writing Tablet 8.5Inch E-Note Pad Best Birthday Gift for Kids Boys Girls,SUPER,SUPER TOY Multicolor LCD Graphic Writing Tablet 8.5Inch E-Note Pad Best Birthday Gift for Kids Boys Girls SUPER,/static/images/1680.jpg,3781,2
1304,"Hola ! TF-500 Basic Corded Landline Phone for intercom and EPABX Desk & Wall Mountable, Mute/Pause/Flash/Redial Function (...",Hola,"Hola ! TF-500 Basic Corded Landline Phone for intercom and EPABX Desk & Wall Mountable, Mute/Pause/Flash/Redial Function (... Hola",/static/images/3467.jpg,4387,4
1347,"WeCool Moonwalk M1 ENC True Wireless in Ear Earbuds with Mic, Titanium Drivers for Rich Bass Experience, 40+ Hours Play Ti...",WeCool,"WeCool Moonwalk M1 ENC True Wireless in Ear Earbuds with Mic, Titanium Drivers for Rich Bass Experience, 40+ Hours Play Ti... WeCool",/static/images/3521.jpg,2790,1
1914,Qatalitic Set of 5 Painting Knives of Various Sizes & Shapes,Qatalitic,Qatalitic Set of 5 Painting Knives of Various Sizes & Shapes Qatalitic,/static/images/4443.jpg,1614,2
502,"JBL Commercial CSLM20B Auxiliary Omnidirectional Lavalier Microphone With Battery For Content Creation, Voiceover/Dubbing,...",JBL,"JBL Commercial CSLM20B Auxiliary Omnidirectional Lavalier Microphone With Battery For Content Creation, Voiceover/Dubbing,... JBL",/static/images/185.jpg,511,4
671,"USM I8 Pro Max Smart Watch Latest Fitness Smart Watch, Bluetooth Function 50 Sports Mode Smartwatch for Mens & Women, Hear...",USM,"USM I8 Pro Max Smart Watch Latest Fitness Smart Watch, Bluetooth Function 50 Sports Mode Smartwatch for Mens & Women, Hear... USM",/static/images/2164.jpg,838,4
1869,"AirCase Rugged Hard Drive Case for 2.5-inch Western Digital, Seagate, Toshiba, Portable Storage Shell for Gadget Hard Disk...",AirCase,"AirCase Rugged Hard Drive Case for 2.5-inch Western Digital, Seagate, Toshiba, Portable Storage Shell for Gadget Hard Disk... AirCase",/static/images/436.jpg,3502,3
2023,"XP-Pen Deco01 V2 Digital Graphics Drawing Pen Tablet (10"" x 6.25"", 8192 Levels of Pressure Sensitivity, Battery-Free Passi...",XP-Pen,"XP-Pen Deco01 V2 Digital Graphics Drawing Pen Tablet (10"" x 6.25"", 8192 Levels of Pressure Sensitivity, Battery-Free Passi... XP-Pen",/static/images/4738.jpg,4654,5
26,"OnePlus Nord 2T 5G (Gray Shadow, 8GB RAM, 128GB Storage)",OnePlus,"OnePlus Nord 2T 5G (Gray Shadow, 8GB RAM, 128GB Storage) OnePlus",/static/images/1048.jpg,4395,4
430,"Digitek DTR 550 LW (67 Inch) Tripod For DSLR, Camera |Operating Height: 5.57 Feet | Maximum Load Capacity up to 4.5kg | Po...",Digitek,"Digitek DTR 550 LW (67 Inch) Tripod For DSLR, Camera |Operating Height: 5.57 Feet | Maximum Load Capacity up to 4.5kg | Po... Digitek",/static/images/1774.jpg,4343,2
2396,Belkin Essential Series 8-Socket Surge Protector Universal Socket with 6.5ft Heavy Duty Cable (Grey),Belkin,Belkin Essential Series 8-Socket Surge Protector Universal Socket with 6.5ft Heavy Duty Cable (Grey) Belkin,/static/images/997.jpg,963,2
1936,Parker Vector Mettalix Silver Trim Fountain Pen With Free Quink Blue Ink Bottle (Ink - Blue),Parker,Parker Vector Mettalix Silver Trim Fountain Pen With Free Quink Blue Ink Bottle (Ink - Blue) Parker,/static/images/4480.jpg,2985,5
2136,AmazonBasics AAAA Everyday Alkaline Batteries (4-Pack) - Appearance May Vary,AmazonBasics,AmazonBasics AAAA Everyday Alkaline Batteries (4-Pack) - Appearance May Vary AmazonBasics,/static/images/4993.jpg,1145,1
553,"pTron Pride Lite HBE (High Bass Earphones) in Ear Wired Earphones with Mic, 10mm Powerful Driver for Stereo Audio, Noise C...",pTron,"pTron Pride Lite HBE (High Bass Earphones) in Ear Wired Earphones with Mic, 10mm Powerful Driver for Stereo Audio, Noise C... pTron",/static/images/1968.jpg,677,3
1490,"JBL C115 True Wireless in Ear Earbuds with Mic, Jumbo 21 Hours Playtime with Quick Charge, True Bass, Dual Connect, Blueto...",JBL,"JBL C115 True Wireless in Ear Earbuds with Mic, Jumbo 21 Hours Playtime with Quick Charge, True Bass, Dual Connect, Blueto... JBL",/static/images/375.jpg,1934,3
1334,"Portronics Adapto 45 20W Mobile Charger Adapter with Dual Port (USB A + PD Type C), Fast Charging, Short Circuit Protectio...",Portronics,"Portronics Adapto 45 20W Mobile Charger Adapter with Dual Port (USB A + PD Type C), Fast Charging, Short Circuit Protectio... Portronics",/static/images/3501.jpg,2655,3
1656,"Boya by-MM1 Super-Cardioid Shotgun Microphone with Real Time Monitoring Compatible with iPhone/Android Smartphones, DSLR C...",Boya,"Boya by-MM1 Super-Cardioid Shotgun Microphone with Real Time Monitoring Compatible with iPhone/Android Smartphones, DSLR C... Boya",/static/images/403.jpg,4545,2
85,"Fire-Boltt Gladiator 1.96"" Biggest Display Smart Watch with Bluetooth Calling, Voice Assistant &123 Sports Modes, 8 Unique...",Fire-Boltt,"Fire-Boltt Gladiator 1.96"" Biggest Display Smart Watch with Bluetooth Calling, Voice Assistant &123 Sports Modes, 8 Unique... Fire-Boltt",/static/images/1108.jpg,2157,1
1603,STRIFF Foldable Tablet Mobile Tabletop Stand Holder - Angle & Height Adjustable Desk Cell Phone Holder Anti-Slip Compatibl...,STRIFF,STRIFF Foldable Tablet Mobile Tabletop Stand Holder - Angle & Height Adjustable Desk Cell Phone Holder Anti-Slip Compatibl... STRIFF,/static/images/3982.jpg,313,1
2370,"Xiaomi 13 Pro (Ceramic Black, 12GB RAM 256GB Storage) | Leica Professional 50MP Triple Camera | Biggest Camera Sensor 1"" I...",Xiaomi,"Xiaomi 13 Pro (Ceramic Black, 12GB RAM 256GB Storage) | Leica Professional 50MP Triple Camera | Biggest Camera Sensor 1"" I... Xiaomi",/static/images/966.jpg,369,5
2134,TheGiftKart Shockproof Crystal Clear OnePlus 7 / 6T Back Cover Case | 360 Degree Protection | Protective Design | Transpar...,TheGiftKart,TheGiftKart Shockproof Crystal Clear OnePlus 7 / 6T Back Cover Case | 360 Degree Protection | Protective Design | Transpar... TheGiftKart,/static/images/4991.jpg,2742,4
1160,"Boult Audio X1 Buds True Wireless in Ear Earbuds with 24H Playtime, Quad Mic ENC, Made in India, Type-C Fast Charging, Env...",Boult,"Boult Audio X1 Buds True Wireless in Ear Earbuds with 24H Playtime, Quad Mic ENC, Made in India, Type-C Fast Charging, Env... Boult",/static/images/3108.jpg,4737,1
1706,OneAssist 2 Years Extended Warranty Plan for Headphones 500 to 1000 - Email Delivery Within 2 Hours,OneAssist,OneAssist 2 Years Extended Warranty Plan for Headphones 500 to 1000 - Email Delivery Within 2 Hours OneAssist,/static/images/4082.jpg,4961,1
2089,"Amazon Basics Wireless Bluetooth Multi-Device Keyboard for Windows, Apple iOS Android Or Chrome, Compact Space-Saving Desi...",Amazon,"Amazon Basics Wireless Bluetooth Multi-Device Keyboard for Windows, Apple iOS Android Or Chrome, Compact Space-Saving Desi... Amazon",/static/images/4845.jpg,2784,5
2093,iPhone Wired Earbuds Lightning Apple Headphones Earphone [Apple MFi Certified] Built-in Microphone & Volume Control Headse...,iPhone,iPhone Wired Earbuds Lightning Apple Headphones Earphone [Apple MFi Certified] Built-in Microphone & Volume Control Headse... iPhone,/static/images/487.jpg,944,2
644,Spigen EZ Fit Tempered Glass Screen Protector for iPhone 14 Pro Max - 2 Pack (Sensor Protection),Spigen,Spigen EZ Fit Tempered Glass Screen Protector for iPhone 14 Pro Max - 2 Pack (Sensor Protection) Spigen,/static/images/2113.jpg,3925,1
58,Samsung EVO Plus 128GB microSDXC UHS-I U3 130MB/s Full HD & 4K UHD Memory Card with Adapter (MB-MC128KA),Samsung,Samsung EVO Plus 128GB microSDXC UHS-I U3 130MB/s Full HD & 4K UHD Memory Card with Adapter (MB-MC128KA) Samsung,/static/images/1080.jpg,2200,1
1744,"ZEBRONICS 24 Inch (60.4 Cm) Widescreen 1920 X 1080 Pixels LED Monitor, IPS, Ultra Slim, FHD 1920x1080, HDMI, VGA, 250nits,...",ZEBRONICS,"ZEBRONICS 24 Inch (60.4 Cm) Widescreen 1920 X 1080 Pixels LED Monitor, IPS, Ultra Slim, FHD 1920x1080, HDMI, VGA, 250nits,... ZEBRONICS",/static/images/4124.jpg,3644,1
6,"boAt Airdopes 141 Bluetooth Truly Wireless in Ear Earbuds with mic, 42H Playtime, Beast Mode(Low Latency Upto 80ms) for Ga...",boAt,"boAt Airdopes 141 Bluetooth Truly Wireless in Ear Earbuds with mic, 42H Playtime, Beast Mode(Low Latency Upto 80ms) for Ga... boAt",/static/images/1002.jpg,609,5
2020,Spigen PE2007 GaN Dual Port Fast iPhone Charger 70W for All C Type Mobile Phones and Devices - White,Spigen,Spigen PE2007 GaN Dual Port Fast iPhone Charger 70W for All C Type Mobile Phones and Devices - White Spigen,/static/images/4735.jpg,3352,3
1411,"pTron Tangent Duo Made in India Bluetooth 5.2 Wireless in-Ear Earphones with Mic, 24Hrs Playback, 13mm Drivers, Punchy Bas...",pTron,"pTron Tangent Duo Made in India Bluetooth 5.2 Wireless in-Ear Earphones with Mic, 24Hrs Playback, 13mm Drivers, Punchy Bas... pTron",/static/images/3621.jpg,1125,3
1398,"PTron Bullet 3.1A Fast Charging Car Charger, 3 USB Port, Fire Resistant, Lightweight, & Compact Car Charger for All Mobile...",PTron,"PTron Bullet 3.1A Fast Charging Car Charger, 3 USB Port, Fire Resistant, Lightweight, & Compact Car Charger for All Mobile... PTron",/static/images/3609.jpg,972,4
2216,Cello ColourUp Wax Crayon Jumbo - Pack of 24 bright shades | 2 Times Stronger body in Jumbo sized crayons | Non-Toxic,Cello,Cello ColourUp Wax Crayon Jumbo - Pack of 24 bright shades | 2 Times Stronger body in Jumbo sized crayons | Non-Toxic Cello,/static/images/677.jpg,4956,2
2335,"Amazon Basics 256GB microSDXC Memory Card with Full Size Adapter, 100MB/s, U3",Amazon,"Amazon Basics 256GB microSDXC Memory Card with Full Size Adapter, 100MB/s, U3 Amazon",/static/images/883.jpg,4879,3
1090,Onsitego 1 Year Extended Warranty for Small Household Appliances from Rs. 1501-2000 (Email Delivery - No Physical Kit),Onsitego,Onsitego 1 Year Extended Warranty for Small Household Appliances from Rs. 1501-2000 (Email Delivery - No Physical Kit) Onsitego,/static/images/2933.jpg,2237,1
235,"Redgear Pro Wireless Gamepad with 2.4GHz Wireless Technology, Integrated Dual Intensity Motor, Illuminated Keys for PC(Com...",Redgear,"Redgear Pro Wireless Gamepad with 2.4GHz Wireless Technology, Integrated Dual Intensity Motor, Illuminated Keys for PC(Com... Redgear",/static/images/1435.jpg,4465,2
1040,"EMBOX Cube Extension Boards with USB Port with Universal Sockets and USB (2.4 A) Charging Ports (QC 3.0) with Indicator, ...",EMBOX,"EMBOX Cube Extension Boards with USB Port with Universal Sockets and USB (2.4 A) Charging Ports (QC 3.0) with Indicator, ... EMBOX",/static/images/2816.jpg,2142,1
1402,OFIXO 100 Pieces Colour Sheets Copy Printing Papers/Art and Craft Paper A4 Sheets Double Sided Coloured Origami Folding DI...,OFIXO,OFIXO 100 Pieces Colour Sheets Copy Printing Papers/Art and Craft Paper A4 Sheets Double Sided Coloured Origami Folding DI... OFIXO,/static/images/3613.jpg,1694,4
2362,"Mivi DuoPods A550 Truly Wireless in Ear Earbuds with Quad Mic ENC(Environmental Noise Cancellation), 13mm Powerful Bass Dr...",Mivi,"Mivi DuoPods A550 Truly Wireless in Ear Earbuds with Quad Mic ENC(Environmental Noise Cancellation), 13mm Powerful Bass Dr... Mivi",/static/images/955.jpg,4431,3
2091,Casio MJ-12Sb Desktop Calculator,Casio,Casio MJ-12Sb Desktop Calculator Casio,/static/images/485.jpg,1546,1
881,D'Addario Bronze Acoustic Guitar Strings_{.010-.050_Extra Light Gauge}_Stainless Steel Material,D'Addario,D'Addario Bronze Acoustic Guitar Strings_{.010-.050_Extra Light Gauge}_Stainless Steel Material D'Addario,/static/images/2480.jpg,598,4
846,"JBL Go 2, Wireless Portable Bluetooth Speaker with Mic, Signature Sound, Vibrant Color Options with IPX7 Waterproof & AUX...",JBL,"JBL Go 2, Wireless Portable Bluetooth Speaker with Mic, Signature Sound, Vibrant Color Options with IPX7 Waterproof & AUX... JBL",/static/images/24.jpg,1671,3
662,"Oppo Enco Buds Bluetooth True Wireless in Ear Earbuds(TWS) with Mic, 24H Battery Life, Supports Dolby Atmos Noise Cancella...",Oppo,"Oppo Enco Buds Bluetooth True Wireless in Ear Earbuds(TWS) with Mic, 24H Battery Life, Supports Dolby Atmos Noise Cancella... Oppo",/static/images/2131.jpg,2801,1
1164,"Gizga Essentials 3-in-1 Phone Cleaner, Laptop Screen Cleaner, Fingerprint-Proof Screen Cleaner Kit, Reusable, Phones, TV S...",Gizga,"Gizga Essentials 3-in-1 Phone Cleaner, Laptop Screen Cleaner, Fingerprint-Proof Screen Cleaner Kit, Reusable, Phones, TV S... Gizga",/static/images/3116.jpg,1930,4
1165,Amazon Brand - Solimo Back Cover for Apple iPhone 11 (Silicone_Transparent),Amazon,Amazon Brand - Solimo Back Cover for Apple iPhone 11 (Silicone_Transparent) Amazon,/static/images/3117.jpg,2737,3
1293,"Artis PS-600VA 600VA Line Interactive UPS for Personal Computers , Desktop PCs, Laptops, Routers, Networking Devices and G...",Artis,"Artis PS-600VA 600VA Line Interactive UPS for Personal Computers , Desktop PCs, Laptops, Routers, Networking Devices and G... Artis",/static/images/3454.jpg,331,5
496,"boAt Rockerz 450 Bluetooth On Ear Headphones with Mic, Upto 15 Hours Playback, 40MM Drivers, Padded Ear Cushions, Integrat...",boAt,"boAt Rockerz 450 Bluetooth On Ear Headphones with Mic, Upto 15 Hours Playback, 40MM Drivers, Padded Ear Cushions, Integrat... boAt",/static/images/1842.jpg,4528,5
1807,"Cosmic Byte CB-EP-05 Wired Gaming in Ear Earphone with Microphone Detachable for PC, PS4, Mobiles, Tablets (Black)",Cosmic,"Cosmic Byte CB-EP-05 Wired Gaming in Ear Earphone with Microphone Detachable for PC, PS4, Mobiles, Tablets (Black) Cosmic",/static/images/4224.jpg,1787,4
562,"Ambrane 20000mAh Power Bank, 20W Fast Charging, Tripe Output, Type C PD (Input & Output), Quick Charge, Li-Polymer, Multi-...",Ambrane,"Ambrane 20000mAh Power Bank, 20W Fast Charging, Tripe Output, Type C PD (Input & Output), Quick Charge, Li-Polymer, Multi-... Ambrane",/static/images/1979.jpg,2064,5
756,Kraft Seeds Assorted Hand Pruner Cutter - 1 Pc (Steel Blades) | Heavy Duty Gardening Cutter Tool | Plant Cutter for Home G...,Kraft,Kraft Seeds Assorted Hand Pruner Cutter - 1 Pc (Steel Blades) | Heavy Duty Gardening Cutter Tool | Plant Cutter for Home G... Kraft,/static/images/2295.jpg,1672,2
1056,"Portronics Modesk 101 Wall Hanging Mobile Holder Wall Mount with Adhesive Strips, Charging Holder Compatible with iPhone, ...",Portronics,"Portronics Modesk 101 Wall Hanging Mobile Holder Wall Mount with Adhesive Strips, Charging Holder Compatible with iPhone, ... Portronics",/static/images/2863.jpg,3465,5
67,"pTron Tangent Evo, 14Hrs Playback, Bluetooth 5.0 Earphones, In-Ear Headphones with Mic, Deep Bass, Clear Calls, IPX4 Water...",pTron,"pTron Tangent Evo, 14Hrs Playback, Bluetooth 5.0 Earphones, In-Ear Headphones with Mic, Deep Bass, Clear Calls, IPX4 Water... pTron",/static/images/1092.jpg,2517,5
1420,"truke BTG Beta True Wireless in Ear Earbuds with 13mm Big Speaker Drivers, 38H Playtime, Fast Charging, True Gaming Mode, ...",truke,"truke BTG Beta True Wireless in Ear Earbuds with 13mm Big Speaker Drivers, 38H Playtime, Fast Charging, True Gaming Mode, ... truke",/static/images/3635.jpg,2021,2
1079,"Lenovo 400 Wireless Mouse, 1200DPI Optical Sensor, 2.4GHz Wireless Nano USB, 3-Button (Left,Right,Scroll) Upto 8M Left/Rig...",Lenovo,"Lenovo 400 Wireless Mouse, 1200DPI Optical Sensor, 2.4GHz Wireless Nano USB, 3-Button (Left,Right,Scroll) Upto 8M Left/Rig... Lenovo",/static/images/2896.jpg,1859,4
190,"STRIFF Laptop Tabletop Stand, Fold-Up, Adjustable, Ventilated, Portable Holder For Desk, Aluminum Foldable Laptop Ergonomi...",STRIFF,"STRIFF Laptop Tabletop Stand, Fold-Up, Adjustable, Ventilated, Portable Holder For Desk, Aluminum Foldable Laptop Ergonomi... STRIFF",/static/images/1317.jpg,2060,2
1726,"Boult Audio ProBass Thunder Over-Ear Wireless Bluetooth Headphones with Mic, Headset with Long Battery Life",Boult,"Boult Audio ProBass Thunder Over-Ear Wireless Bluetooth Headphones with Mic, Headset with Long Battery Life Boult",/static/images/4103.jpg,2232,2
1147,Cona Standy Multiplug 3+2 with USB - (White) - (Material -PC) - Unit 1 No,Cona,Cona Standy Multiplug 3+2 with USB - (White) - (Material -PC) - Unit 1 No Cona,/static/images/3045.jpg,1176,1
2356,"Saifsmart Outlet Wall Mount Hanger Holder for Dot 3rd Gen, Compact Bracket Case Plug and Built-in Cable Management for Kit...",Saifsmart,"Saifsmart Outlet Wall Mount Hanger Holder for Dot 3rd Gen, Compact Bracket Case Plug and Built-in Cable Management for Kit... Saifsmart",/static/images/948.jpg,3297,5
1198,"Nokia 5310 Dual SIM Keypad Phone with MP3 Player, Wireless FM Radio and Rear Camera with Flash | Black/Red",Nokia,"Nokia 5310 Dual SIM Keypad Phone with MP3 Player, Wireless FM Radio and Rear Camera with Flash | Black/Red Nokia",/static/images/3191.jpg,3754,5
49,"Redmi 10A (Slate Grey, 4GB RAM, 64GB Storage) | 2 Ghz Octa Core Helio G25 | 5000 mAh Battery | Finger Print Sensor | Upto ...",Redmi,"Redmi 10A (Slate Grey, 4GB RAM, 64GB Storage) | 2 Ghz Octa Core Helio G25 | 5000 mAh Battery | Finger Print Sensor | Upto ... Redmi",/static/images/1069.jpg,4825,5
1498,"Lava Flip, Blue - Dual Sim Keypad GSM Mobile with Unique Design, Notification LED and Number Talker",Lava,"Lava Flip, Blue - Dual Sim Keypad GSM Mobile with Unique Design, Notification LED and Number Talker Lava",/static/images/3759.jpg,1736,3
97,"Samsung Galaxy M33 5G (Deep Ocean Blue, 8GB, 128GB Storage) | 6000mAh Battery | Upto 16GB RAM with RAM Plus | Travel Adapt...",Samsung,"Samsung Galaxy M33 5G (Deep Ocean Blue, 8GB, 128GB Storage) | 6000mAh Battery | Upto 16GB RAM with RAM Plus | Travel Adapt... Samsung",/static/images/1125.jpg,3990,5
2130,"Noise ColorFit Pulse Smartwatch with 1.4"" Full Touch HD Display, SpO2, Heart Rate, Sleep Monitors & 10-Day Battery - Teal ...",Noise,"Noise ColorFit Pulse Smartwatch with 1.4"" Full Touch HD Display, SpO2, Heart Rate, Sleep Monitors & 10-Day Battery - Teal ... Noise",/static/images/4987.jpg,817,4
1274,BRUSTRO Technical Pen Black Set of 6.,BRUSTRO,BRUSTRO Technical Pen Black Set of 6. BRUSTRO,/static/images/3404.jpg,1177,4
1424,"Oraimo 25.5W 4 Ports USB Charger, 5.1A USB Wall Charger Phone Adapter Compatible for iPhone 13/13 Mini/13 Pro Max/12/12 Pr...",Oraimo,"Oraimo 25.5W 4 Ports USB Charger, 5.1A USB Wall Charger Phone Adapter Compatible for iPhone 13/13 Mini/13 Pro Max/12/12 Pr... Oraimo",/static/images/3641.jpg,1625,2
827,"Fire-Boltt Ninja 3 Smartwatch Full Touch 1.69 "" & 60 Sports Modes with IP68, Sp02 Tracking, Over 100 Cloud based watch fac...",Fire-Boltt,"Fire-Boltt Ninja 3 Smartwatch Full Touch 1.69 "" & 60 Sports Modes with IP68, Sp02 Tracking, Over 100 Cloud based watch fac... Fire-Boltt",/static/images/2381.jpg,2672,1
724,Samsung EVO Plus 256GB microSDXC UHS-I U3 130MB/s Full HD & 4K UHD Memory Card with Adapter (MB-MC256KA),Samsung,Samsung EVO Plus 256GB microSDXC UHS-I U3 130MB/s Full HD & 4K UHD Memory Card with Adapter (MB-MC256KA) Samsung,/static/images/2263.jpg,4344,5
606,Camlin Kokuyo Student 24-Shade Water Color Paint Cake Set,Camlin,Camlin Kokuyo Student 24-Shade Water Color Paint Cake Set Camlin,/static/images/2047.jpg,2057,1
847,"COSTAR Mateband Bluetooth Wireless Neckband Earphones - 24H Playtime, Dual Equalizer Bass Boost Drivers, Metal Magnetic Ea...",COSTAR,"COSTAR Mateband Bluetooth Wireless Neckband Earphones - 24H Playtime, Dual Equalizer Bass Boost Drivers, Metal Magnetic Ea... COSTAR",/static/images/240.jpg,4962,5
1106,Robustrion [Anti-Scratch] & [Smudge Proof] [S Pen Compatible] Premium Tempered Glass Screen Protector for Samsung Tab S6 L...,Robustrion,Robustrion [Anti-Scratch] & [Smudge Proof] [S Pen Compatible] Premium Tempered Glass Screen Protector for Samsung Tab S6 L... Robustrion,/static/images/2976.jpg,3540,4
1890,HP USB 3.1 Flash Drive 64GB 796W,HP,HP USB 3.1 Flash Drive 64GB 796W HP,/static/images/44.jpg,3682,3
1836,Onsitego 1 Year Extended Warranty for Small Household Appliances from Rs. 4001-5000 (Email Delivery - No Physical Kit),Onsitego,Onsitego 1 Year Extended Warranty for Small Household Appliances from Rs. 4001-5000 (Email Delivery - No Physical Kit) Onsitego,/static/images/4297.jpg,714,2
70,"Logitech B170 Wireless Mouse, 2.4 GHz with USB Nano Receiver, Optical Tracking, 12-Months Battery Life, Ambidextrous, PC/M...",Logitech,"Logitech B170 Wireless Mouse, 2.4 GHz with USB Nano Receiver, Optical Tracking, 12-Months Battery Life, Ambidextrous, PC/M... Logitech",/static/images/1095.jpg,1435,5
322,"Nokia 110 Dual sim Keypad Phone with Wireless FM Radio, Free Earphone, Snake Game, Auto Call Recording, 1 Year Replacement...",Nokia,"Nokia 110 Dual sim Keypad Phone with Wireless FM Radio, Free Earphone, Snake Game, Auto Call Recording, 1 Year Replacement... Nokia",/static/images/1601.jpg,2776,2
381,"Western Digital WD Green SATA 240GB, Up to 545MB/s, 2.5 Inch/7 mm, 3Y Warranty, Internal Solid State Drive (SSD) (WDS240G3...",Western,"Western Digital WD Green SATA 240GB, Up to 545MB/s, 2.5 Inch/7 mm, 3Y Warranty, Internal Solid State Drive (SSD) (WDS240G3... Western",/static/images/1685.jpg,3682,5
838,"Redmi 9A Sport (Coral Green, 3GB RAM, 32GB Storage) | 2GHz Octa-core Helio G25 Processor | 5000 mAh Battery",Redmi,"Redmi 9A Sport (Coral Green, 3GB RAM, 32GB Storage) | 2GHz Octa-core Helio G25 Processor | 5000 mAh Battery Redmi",/static/images/2392.jpg,1531,3
2055,"Yamaha F280 Acoustic Rosewood Guitar (Natural, Beige)",Yamaha,"Yamaha F280 Acoustic Rosewood Guitar (Natural, Beige) Yamaha",/static/images/4805.jpg,1489,1
1879,Dealfreez Case Compatible with Fire TV Stick 3rd Gen 2021 Full Wrap Silicone Remote Cover Anti-Lost with Loop (D-Black),Dealfreez,Dealfreez Case Compatible with Fire TV Stick 3rd Gen 2021 Full Wrap Silicone Remote Cover Anti-Lost with Loop (D-Black) Dealfreez,/static/images/4381.jpg,4335,4
2067,"Faber-Castell Paint Brush Set - Round, Pack of 7 (Navy Blue)",Faber-Castell,"Faber-Castell Paint Brush Set - Round, Pack of 7 (Navy Blue) Faber-Castell",/static/images/4817.jpg,4644,2
863,Samsung Ehs64 Ehs64Avfwecinu Hands-Free Wired In Ear Earphones With Mic With Remote Note (White),Samsung,Samsung Ehs64 Ehs64Avfwecinu Hands-Free Wired In Ear Earphones With Mic With Remote Note (White) Samsung,/static/images/2460.jpg,2731,4
201,"boAt Rockerz 103 Pro Bluetooth in Ear Neckband with Beast Mode(40ms Low Latency), ENx Tech, ASAP Charge(Fast Charge), Upto...",boAt,"boAt Rockerz 103 Pro Bluetooth in Ear Neckband with Beast Mode(40ms Low Latency), ENx Tech, ASAP Charge(Fast Charge), Upto... boAt",/static/images/1377.jpg,3740,5
1023,"rts (2 PACK )USB Type C USB 3.1 Type C Female to USB Male Adapter Connector Converter Works with Laptops,Chargers Compatib...",rts,"rts (2 PACK )USB Type C USB 3.1 Type C Female to USB Male Adapter Connector Converter Works with Laptops,Chargers Compatib... rts",/static/images/277.jpg,230,4
1692,Blackstar Nano MAG Car Mobile Holder - Car Mount - Magnetic Mobile Holder for Car ( Smallest Magnetic Mobile Holder with S...,Blackstar,Blackstar Nano MAG Car Mobile Holder - Car Mount - Magnetic Mobile Holder for Car ( Smallest Magnetic Mobile Holder with S... Blackstar,/static/images/4067.jpg,549,1
1360,"VIHM 7 in 1 Electronic Cleaner kit, Cleaning Kit for Monitor Keyboard Airpods MacBook iPad iPhone iPod, Screen Dust Brush ...",VIHM,"VIHM 7 in 1 Electronic Cleaner kit, Cleaning Kit for Monitor Keyboard Airpods MacBook iPad iPhone iPod, Screen Dust Brush ... VIHM",/static/images/3563.jpg,3628,3
723,"Boult Audio Truebuds with 30H Playtime, IPX7 Waterproof, Made in India, Type C Fast Charging (10Min=100Mins), Rich Bass, P...",Boult,"Boult Audio Truebuds with 30H Playtime, IPX7 Waterproof, Made in India, Type C Fast Charging (10Min=100Mins), Rich Bass, P... Boult",/static/images/2262.jpg,785,2
1404,Uniball Air Micro Pen Combo Set (2 Black + 2 Blue Pens) - (UBA 188 M),Uniball,Uniball Air Micro Pen Combo Set (2 Black + 2 Blue Pens) - (UBA 188 M) Uniball,/static/images/3615.jpg,3487,5
1954,"Samsung Galaxy Watch4 Classic LTE (4.6cm, Black)",Samsung,"Samsung Galaxy Watch4 Classic LTE (4.6cm, Black) Samsung",/static/images/4527.jpg,2209,4
1119,D-Link DWA-131 300 Mbps Wireless Nano USB Adapter (Black),D-Link,D-Link DWA-131 300 Mbps Wireless Nano USB Adapter (Black) D-Link,/static/images/2996.jpg,1722,5
680,"LS LAPSTER Quality Assured Universal Silicone 15.6"" Keyboard Protector Skin|| Keyboard Dust Cover|| Keyboard Skin for 15....",LS,"LS LAPSTER Quality Assured Universal Silicone 15.6"" Keyboard Protector Skin|| Keyboard Dust Cover|| Keyboard Skin for 15.... LS",/static/images/2175.jpg,2791,5
91,"Oppo F21s Pro (Dawnlight Gold, 8GB RAM, 128 Storage) with No Cost EMI/Additional Exchange Offers",Oppo,"Oppo F21s Pro (Dawnlight Gold, 8GB RAM, 128 Storage) with No Cost EMI/Additional Exchange Offers Oppo",/static/images/1115.jpg,4597,2
2128,"Pentonic Linc Ball Point Pen Blister Pack | 0.7 mm | Smooth Writing, Ultra- Low Viscosity Ink | Sleek Matte Finish | Black...",Pentonic,"Pentonic Linc Ball Point Pen Blister Pack | 0.7 mm | Smooth Writing, Ultra- Low Viscosity Ink | Sleek Matte Finish | Black... Pentonic",/static/images/4984.jpg,1348,4
197,"OnePlus Buds Z2 Bluetooth Truly Wireless in Ear Earbuds with mic, Active Noise Cancellation, 10 Minutes Flash Charge & Upt...",OnePlus,"OnePlus Buds Z2 Bluetooth Truly Wireless in Ear Earbuds with mic, Active Noise Cancellation, 10 Minutes Flash Charge & Upt... OnePlus",/static/images/1373.jpg,1812,1
1704,"Crucial P3 1TB PCIe 3.0 3D NAND NVMe M.2 SSD, up to 3500MB/s - CT1000P3SSD8",Crucial,"Crucial P3 1TB PCIe 3.0 3D NAND NVMe M.2 SSD, up to 3500MB/s - CT1000P3SSD8 Crucial",/static/images/4080.jpg,170,4
1132,"Samsung 324 L 3 Star Inverter Frost Free Double Door Refrigerator (RT34T4513S8/HL, Convertible 5In 1, Elegant Inox)",Samsung,"Samsung 324 L 3 Star Inverter Frost Free Double Door Refrigerator (RT34T4513S8/HL, Convertible 5In 1, Elegant Inox) Samsung",/static/images/3022.jpg,3507,5
342,"Boult Audio Curve ANC Wireless in Ear Wireless Earphones with 25dB Active Noise Cancellation, ENC Mic, 30H Playtime, 60ms ...",Boult,"Boult Audio Curve ANC Wireless in Ear Wireless Earphones with 25dB Active Noise Cancellation, ENC Mic, 30H Playtime, 60ms ... Boult",/static/images/1621.jpg,4319,2
1024,ProElite Smart Case for iPad 10.2 inch 2021 9th/8th/7th Gen [Auto Sleep/Wake Cover] [Pencil Holder] [Soft Flexible Case] R...,ProElite,ProElite Smart Case for iPad 10.2 inch 2021 9th/8th/7th Gen [Auto Sleep/Wake Cover] [Pencil Holder] [Soft Flexible Case] R... ProElite,/static/images/2772.jpg,2627,4
2238,"All-new Kindle Paperwhite (8 GB) – Now with a 6.8"" display and adjustable warm light",All-new,"All-new Kindle Paperwhite (8 GB) – Now with a 6.8"" display and adjustable warm light All-new",/static/images/703.jpg,3665,2
1354,"SupCares Aluminium 7 Height Adjustable, Ventilated, Foldable, Portable Laptop Stand for Desk & Table Mount Upto 15.6 inch ...",SupCares,"SupCares Aluminium 7 Height Adjustable, Ventilated, Foldable, Portable Laptop Stand for Desk & Table Mount Upto 15.6 inch ... SupCares",/static/images/3556.jpg,1881,1
1397,Crucial BX500 480GB 3D NAND SATA 6.35 cm (2.5-inch) SSD (CT480BX500SSD1),Crucial,Crucial BX500 480GB 3D NAND SATA 6.35 cm (2.5-inch) SSD (CT480BX500SSD1) Crucial,/static/images/3608.jpg,3690,5
14,"boAt Airdopes 141 Bluetooth Truly Wireless in Ear Earbuds with 42H Playtime, Beast Mode(Low Latency Upto 80ms) for Gaming,...",boAt,"boAt Airdopes 141 Bluetooth Truly Wireless in Ear Earbuds with 42H Playtime, Beast Mode(Low Latency Upto 80ms) for Gaming,... boAt",/static/images/1034.jpg,3600,2
1115,"Foxin FTC 12A Laser Printer Cartridge Compatible with 1020, M1005, 1018, 1010, 1012, 1015, 1022, 1022N, 1022NW, 3015, 302...",Foxin,"Foxin FTC 12A Laser Printer Cartridge Compatible with 1020, M1005, 1018, 1010, 1012, 1015, 1022, 1022N, 1022NW, 3015, 302... Foxin",/static/images/2986.jpg,549,1
2044,"One94Store LCD Writing Tablet Digital Magic Slate Ruffpad Portable Drawing Tab Writing Pad for Kids (8.5 inch, Pack of 1, ...",One94Store,"One94Store LCD Writing Tablet Digital Magic Slate Ruffpad Portable Drawing Tab Writing Pad for Kids (8.5 inch, Pack of 1, ... One94Store",/static/images/4771.jpg,1678,4
882,Zebronics Zeb Wonderbar 10 USB Powered 2.0 Computer Speaker with RGB Lights,Zebronics,Zebronics Zeb Wonderbar 10 USB Powered 2.0 Computer Speaker with RGB Lights Zebronics,/static/images/2483.jpg,3451,3
1676,"W WADRO - Built with Passion 40W Trigger Feed Leak Proof Gun (Random Gun Color, 28 Sticks)",W,"W WADRO - Built with Passion 40W Trigger Feed Leak Proof Gun (Random Gun Color, 28 Sticks) W",/static/images/4050.jpg,1367,4
1722,"STRIFF 12 Pieces Highly Flexible Silicone Micro USB Protector, Mouse Cable Protector, Suit for All Cell Phones, Computers ...",STRIFF,"STRIFF 12 Pieces Highly Flexible Silicone Micro USB Protector, Mouse Cable Protector, Suit for All Cell Phones, Computers ... STRIFF",/static/images/4098.jpg,5000,5
1616,UNIGEN 20W Type-C PD 3X Fast Charger [with 1M Type C to Lightening Cable] for Quick Charging Data Sync for iPhone 14 13 12...,UNIGEN,UNIGEN 20W Type-C PD 3X Fast Charger [with 1M Type C to Lightening Cable] for Quick Charging Data Sync for iPhone 14 13 12... UNIGEN,/static/images/3994.jpg,384,2
808,"Duracell Ultra Alkaline AAA Batteries, Pack of 8",Duracell,"Duracell Ultra Alkaline AAA Batteries, Pack of 8 Duracell",/static/images/2364.jpg,2381,3
2086,OpenTech Transparent Tempered Glass for Galaxy F41 / M21 / M31 / M30s / M30 / A30 / A50 / A50s with Easy Installation Kit.,OpenTech,OpenTech Transparent Tempered Glass for Galaxy F41 / M21 / M31 / M30s / M30 / A30 / A50 / A50s with Easy Installation Kit. OpenTech,/static/images/4840.jpg,2538,1
1617,"boAt Matrix Smart Watch with 1.65” AMOLED Display, Always On Mode, Slim Premium Design, Heart Rate & SpO2 Monitoring, Heal...",boAt,"boAt Matrix Smart Watch with 1.65” AMOLED Display, Always On Mode, Slim Premium Design, Heart Rate & SpO2 Monitoring, Heal... boAt",/static/images/3995.jpg,4610,2
466,Amazon Basics Portable Multimedia Speaker| Suitable for Laptop & Desktop (Black) | USB 2.0 | Deep Bass,Amazon,Amazon Basics Portable Multimedia Speaker| Suitable for Laptop & Desktop (Black) | USB 2.0 | Deep Bass Amazon,/static/images/181.jpg,3274,5
903,GM 3041 Trio 2 Pin Flex Box 5 Mtr. with Indicator & International Socket,GM,GM 3041 Trio 2 Pin Flex Box 5 Mtr. with Indicator & International Socket GM,/static/images/2510.jpg,968,2
1222,Portronics Konnect L POR-1403 Fast Charging 3A Type-C Cable 1.2 Meter with Charge & Sync Function for All Type-C Devices (...,Portronics,Portronics Konnect L POR-1403 Fast Charging 3A Type-C Cable 1.2 Meter with Charge & Sync Function for All Type-C Devices (... Portronics,/static/images/3297.jpg,707,3
693,"Skypearll Bluetooth Car Adapter, Mini USB Bluetooth 5.0 Transmitter Receiver Wireless 3.5mm Aux Jack Adapter Hands-Free Ca...",Skypearll,"Skypearll Bluetooth Car Adapter, Mini USB Bluetooth 5.0 Transmitter Receiver Wireless 3.5mm Aux Jack Adapter Hands-Free Ca... Skypearll",/static/images/2210.jpg,4569,2
148,"Ajanta Abstract Metal Quartz Wall Clock (32 cm x 32 cm x 3.5 cm, White)",Ajanta,"Ajanta Abstract Metal Quartz Wall Clock (32 cm x 32 cm x 3.5 cm, White) Ajanta",/static/images/12.jpg,2939,5
768,"Amazon Basics High-Speed Braided HDMI Cable - 6 Feet - Supports Ethernet, 3D, 4K and Audio Return - Single Pack (Black)",Amazon,"Amazon Basics High-Speed Braided HDMI Cable - 6 Feet - Supports Ethernet, 3D, 4K and Audio Return - Single Pack (Black) Amazon",/static/images/2305.jpg,4255,2
54,"Noise Pulse Go Buzz Bluetooth Calling Smart Watch, 1.69"" Clear Display, 550Nits,150+ Watch face, Comfort Strap, Heart Rat...",Noise,"Noise Pulse Go Buzz Bluetooth Calling Smart Watch, 1.69"" Clear Display, 550Nits,150+ Watch face, Comfort Strap, Heart Rat... Noise",/static/images/1076.jpg,1975,3
178,"Fire-Boltt Ninja Call Pro Plus 1.83"" Smart Watch with Bluetooth Calling, AI Voice Assistance, 100 Sports Modes IP67 Ratin...",Fire-Boltt,"Fire-Boltt Ninja Call Pro Plus 1.83"" Smart Watch with Bluetooth Calling, AI Voice Assistance, 100 Sports Modes IP67 Ratin... Fire-Boltt",/static/images/1302.jpg,3879,4
1967,"boAt Stone 170 5W Bluetooth Speaker with Upto 6 Hours Playback, TWS Feature, IPX6, Multifunction Buttons and SD Card Slot(...",boAt,"boAt Stone 170 5W Bluetooth Speaker with Upto 6 Hours Playback, TWS Feature, IPX6, Multifunction Buttons and SD Card Slot(... boAt",/static/images/4573.jpg,2784,1
1145,"Lenovo 15.6"" (39.62cm) Slim Everyday Backpack, Made in India, Compact, Water-resistant, Organized storage:Laptop sleeve,ta...",Lenovo,"Lenovo 15.6"" (39.62cm) Slim Everyday Backpack, Made in India, Compact, Water-resistant, Organized storage:Laptop sleeve,ta... Lenovo",/static/images/3043.jpg,4910,3
1540,"Amazon Basics Capacitive Stylus Pen for iOS and Android Touchscreen Devices, Fine Point Disc Tip, Lightweight Metal Body w...",Amazon,"Amazon Basics Capacitive Stylus Pen for iOS and Android Touchscreen Devices, Fine Point Disc Tip, Lightweight Metal Body w... Amazon",/static/images/3874.jpg,2159,1
117,"OnePlus Nord Buds CE Truly Wireless Bluetooth in Ear Earbuds (Mist Grey, True Wireless)",OnePlus,"OnePlus Nord Buds CE Truly Wireless Bluetooth in Ear Earbuds (Mist Grey, True Wireless) OnePlus",/static/images/1147.jpg,89,2
1880,"Sounce Air Pods 3 Case Cover with Keychain Neck, Protective Silicone Case Skin Compatible with Air Pods 3rd Generation (20...",Sounce,"Sounce Air Pods 3 Case Cover with Keychain Neck, Protective Silicone Case Skin Compatible with Air Pods 3rd Generation (20... Sounce",/static/images/4382.jpg,2846,1
1934,"AILKIN USB C To Lightning Apple Certified (Mfi) Sync & Charge Cable For Iphone, Ipad And Ipod. Fast Charging Lightning Cab...",AILKIN,"AILKIN USB C To Lightning Apple Certified (Mfi) Sync & Charge Cable For Iphone, Ipad And Ipod. Fast Charging Lightning Cab... AILKIN",/static/images/4476.jpg,2370,5
205,"boAt Rockerz 330 Pro in-Ear Bluetooth Neckband with 60HRS Playtime, ASAP Charge, ENx Tech, Signature Sound, BT v5.2, Dua...",boAt,"boAt Rockerz 330 Pro in-Ear Bluetooth Neckband with 60HRS Playtime, ASAP Charge, ENx Tech, Signature Sound, BT v5.2, Dua... boAt",/static/images/1381.jpg,3680,3
917,"Boult Audio Omega True Wireless in Ear Earbuds with 30dB ANC, 32H Playtime, 45ms Xtreme Low Latency Mode, Quad Mic ENC, 3 ...",Boult,"Boult Audio Omega True Wireless in Ear Earbuds with 30dB ANC, 32H Playtime, 45ms Xtreme Low Latency Mode, Quad Mic ENC, 3 ... Boult",/static/images/253.jpg,4307,3
36,"OnePlus 11R 5G (Galactic Silver, 8GB RAM, 128GB Storage)",OnePlus,"OnePlus 11R 5G (Galactic Silver, 8GB RAM, 128GB Storage) OnePlus",/static/images/1057.jpg,4866,3
1241,Classmate Octane Colour Burst-Multicolour Gel Pens (Pack of 10) | Gold & Silver Glitter Sparkle Pens|10 colour ink shades ...,Classmate,Classmate Octane Colour Burst-Multicolour Gel Pens (Pack of 10) | Gold & Silver Glitter Sparkle Pens|10 colour ink shades ... Classmate,/static/images/3327.jpg,3731,3
136,"Ambrane Unbreakable 60W / 3A Fast Charging 1.5m Braided Type C Cable for Smartphones, Tablets, Laptops & other Type C devi...",Ambrane,"Ambrane Unbreakable 60W / 3A Fast Charging 1.5m Braided Type C Cable for Smartphones, Tablets, Laptops & other Type C devi... Ambrane",/static/images/1188.jpg,3007,1
359,"OnePlus 10R 5G (Sierra Black, 8GB RAM, 128GB Storage, 80W SuperVOOC)",OnePlus,"OnePlus 10R 5G (Sierra Black, 8GB RAM, 128GB Storage, 80W SuperVOOC) OnePlus",/static/images/1662.jpg,4231,4
471,"FEDUS Cat6 Ethernet Cable, 10 Meter High Speed 550MHZ / 10 Gigabit Speed UTP LAN Cable, Network Cable Internet Cable RJ45 ...",FEDUS,"FEDUS Cat6 Ethernet Cable, 10 Meter High Speed 550MHZ / 10 Gigabit Speed UTP LAN Cable, Network Cable Internet Cable RJ45 ... FEDUS",/static/images/1814.jpg,4731,5
1747,"TP-Link Nano USB WiFi Dongle 150Mbps High Gain Wireless Network Wi-Fi Adapter for PC Desktop and Laptops, Supports Windows...",TP-Link,"TP-Link Nano USB WiFi Dongle 150Mbps High Gain Wireless Network Wi-Fi Adapter for PC Desktop and Laptops, Supports Windows... TP-Link",/static/images/4127.jpg,4591,5
350,Zebronics ZEB-KM2100 Multimedia USB Keyboard Comes with 114 Keys Including 12 Dedicated Multimedia Keys & with Rupee Key,Zebronics,Zebronics ZEB-KM2100 Multimedia USB Keyboard Comes with 114 Keys Including 12 Dedicated Multimedia Keys & with Rupee Key Zebronics,/static/images/1629.jpg,2686,1
517,"WeCool B1 Mobile Holder for Bikes or Bike Mobile Holder for Maps and GPS Navigation, one Click Locking, Firm Gripping, Ant...",WeCool,"WeCool B1 Mobile Holder for Bikes or Bike Mobile Holder for Maps and GPS Navigation, one Click Locking, Firm Gripping, Ant... WeCool",/static/images/1887.jpg,2853,1
124,boAt bassheads 105 Wired in Ear Earphones with Mic (Green),boAt,boAt bassheads 105 Wired in Ear Earphones with Mic (Green) boAt,/static/images/1176.jpg,4339,4
2030,"LG 242 L 3 Star Smart Inverter Frost-Free Double Door Refrigerator (GL-I292RPZX, Shiny Steel, Door Cooling+, Gross Volume-...",LG,"LG 242 L 3 Star Smart Inverter Frost-Free Double Door Refrigerator (GL-I292RPZX, Shiny Steel, Door Cooling+, Gross Volume-... LG",/static/images/4755.jpg,3975,4
658,Redmi Note 12 5G Frosted Green 6GB RAM 128GB ROM | 1st Phone with 120Hz Super AMOLED and Snapdragon® 4 Gen 1 | 48MP AI Tri...,Redmi,Redmi Note 12 5G Frosted Green 6GB RAM 128GB ROM | 1st Phone with 120Hz Super AMOLED and Snapdragon® 4 Gen 1 | 48MP AI Tri... Redmi,/static/images/2127.jpg,4072,1
1435,AEIDESS Screen Guard Compatible for Ola S1 / S1 Pro EV Scooter (Transparent),AEIDESS,AEIDESS Screen Guard Compatible for Ola S1 / S1 Pro EV Scooter (Transparent) AEIDESS,/static/images/3657.jpg,3209,2
1725,"ProElite Slim Trifold Flip case Cover for Redmi Pad 10.6"" Tablet, Black",ProElite,"ProElite Slim Trifold Flip case Cover for Redmi Pad 10.6"" Tablet, Black ProElite",/static/images/4101.jpg,2737,1
711,TheGiftKart Crystal Clear Back Cover Case for OnePlus Nord CE 2 LITE 5G | 360 Degree Protection | Shock Proof Design | Tra...,TheGiftKart,TheGiftKart Crystal Clear Back Cover Case for OnePlus Nord CE 2 LITE 5G | 360 Degree Protection | Shock Proof Design | Tra... TheGiftKart,/static/images/2228.jpg,2815,3
1340,"Redgear A-15 Wired Gaming Mouse with RGB, Semi-Honeycomb Design and Upto 6400 dpi for Windows PC Gamers(White)",Redgear,"Redgear A-15 Wired Gaming Mouse with RGB, Semi-Honeycomb Design and Upto 6400 dpi for Windows PC Gamers(White) Redgear",/static/images/3511.jpg,3462,1
1855,"Philips Radio RL118/94 with MW/SW/FM Bands, 200mW RMS soundoutput,3-1 Power Source External Battery:2xR6 (3V DC), Mains: 2...",Philips,"Philips Radio RL118/94 with MW/SW/FM Bands, 200mW RMS soundoutput,3-1 Power Source External Battery:2xR6 (3V DC), Mains: 2... Philips",/static/images/4334.jpg,2624,5
1014,Fastrack Reflex Vox Smartwatch|Alexa Built-In|Bright HD Display|Upto 10 Days Battery|5 ATM Water Resistance|Multiple Sport...,Fastrack,Fastrack Reflex Vox Smartwatch|Alexa Built-In|Bright HD Display|Upto 10 Days Battery|5 ATM Water Resistance|Multiple Sport... Fastrack,/static/images/2734.jpg,1564,4
1841,"Noise ColorFit Pulse Grand Smart Watch with 1.69""(4.29cm) HD Display, 60 Sports Modes, 150 Watch Faces, Fast Charge, Spo2,...",Noise,"Noise ColorFit Pulse Grand Smart Watch with 1.69""(4.29cm) HD Display, 60 Sports Modes, 150 Watch Faces, Fast Charge, Spo2,... Noise",/static/images/4303.jpg,4666,5
1859,OpenTech® Hard Silicone Protection Case Cover with Attached Screen Protector Compatible for Samsung Galaxy Watch 4 (44mm) ...,OpenTech®,OpenTech® Hard Silicone Protection Case Cover with Attached Screen Protector Compatible for Samsung Galaxy Watch 4 (44mm) ... OpenTech®,/static/images/4341.jpg,2239,5
1850,"HIKVISION DS-U02 1080p Webcam, Wide Angle Without Distortion, Noise Reduction, Plug, Play, Digital, Zoom/WebEx/Skype/Team...",HIKVISION,"HIKVISION DS-U02 1080p Webcam, Wide Angle Without Distortion, Noise Reduction, Plug, Play, Digital, Zoom/WebEx/Skype/Team... HIKVISION",/static/images/4324.jpg,1778,4
147,Agaro Blaze USB 3.0 to USB Type C OTG Adapter,Agaro,Agaro Blaze USB 3.0 to USB Type C OTG Adapter Agaro,/static/images/1198.jpg,1738,3
721,"TP-Link USB Bluetooth Adapter for PC 4.0 Bluetooth Dongle Receiver Support Windows 11/10/8.1/8/7 for Desktop, Laptop, Mous...",TP-Link,"TP-Link USB Bluetooth Adapter for PC 4.0 Bluetooth Dongle Receiver Support Windows 11/10/8.1/8/7 for Desktop, Laptop, Mous... TP-Link",/static/images/226.jpg,2281,4
423,"boAt Wave Electra with 1.81"" HD Display, Smart Calling with Ultra-Seamless BT Calling Chip,20 Built-in Watch Faces,100 + S...",boAt,"boAt Wave Electra with 1.81"" HD Display, Smart Calling with Ultra-Seamless BT Calling Chip,20 Built-in Watch Faces,100 + S... boAt",/static/images/1768.jpg,3902,4
1517,"Amazon Brand - Solimo 3A Fast Charging Tough Type C USB Data Cable for Smartphone - 1 Meter, White",Amazon,"Amazon Brand - Solimo 3A Fast Charging Tough Type C USB Data Cable for Smartphone - 1 Meter, White Amazon",/static/images/3827.jpg,413,5
521,"Redmi 9A Sport (Carbon Black, 2GB RAM, 32GB Storage) | 2GHz Octa-core Helio G25 Processor | 5000 mAh Battery",Redmi,"Redmi 9A Sport (Carbon Black, 2GB RAM, 32GB Storage) | 2GHz Octa-core Helio G25 Processor | 5000 mAh Battery Redmi",/static/images/1890.jpg,2849,1
444,"boAt Rockerz 330 in-Ear Bluetooth Neckband with Upto 30 Hours Playtime, ASAP Charge, Signature Sound, Dual Pairing & IPX5...",boAt,"boAt Rockerz 330 in-Ear Bluetooth Neckband with Upto 30 Hours Playtime, ASAP Charge, Signature Sound, Dual Pairing & IPX5... boAt",/static/images/1788.jpg,2008,1
1499,"PiBOX India - SATA to USB 3.0 Cable, USB 3.0 to SATA III Hard Drive Adapter Compatible for 2.5 3.5 Inch Desktop HDD/SSD Ha...",PiBOX,"PiBOX India - SATA to USB 3.0 Cable, USB 3.0 to SATA III Hard Drive Adapter Compatible for 2.5 3.5 Inch Desktop HDD/SSD Ha... PiBOX",/static/images/3760.jpg,376,3
1586,Samsung Original IC050 Type-C Wired in Ear Earphone with mic (White),Samsung,Samsung Original IC050 Type-C Wired in Ear Earphone with mic (White) Samsung,/static/images/3967.jpg,1825,4
440,Portronics Adapto 20 Type C 20W Fast PD/Type C Adapter Charger with Fast Charging for iPhone 12/12 Pro/12 Mini/12 Pro Max/...,Portronics,Portronics Adapto 20 Type C 20W Fast PD/Type C Adapter Charger with Fast Charging for iPhone 12/12 Pro/12 Mini/12 Pro Max/... Portronics,/static/images/1783.jpg,1042,4
2133,"Noise Pulse Buzz 1.69"" Bluetooth Calling Smart Watch with Call Function, 150 Watch Faces, 60 Sports Modes, Spo2 & Heart Ra...",Noise,"Noise Pulse Buzz 1.69"" Bluetooth Calling Smart Watch with Call Function, 150 Watch Faces, 60 Sports Modes, Spo2 & Heart Ra... Noise",/static/images/4990.jpg,3575,5
1380,TA Technology Ahead LG AC Remote Control Universal Compatible for LG Window and Split Air Conditioner,TA,TA Technology Ahead LG AC Remote Control Universal Compatible for LG Window and Split Air Conditioner TA,/static/images/3587.jpg,1697,3
289,"Fire-Boltt Tank 1.85"" Outdoor Rugged Bluetooth Calling Smart Watch, 123 Sports Mode, 8 UI Interactions, Built in Speaker &...",Fire-Boltt,"Fire-Boltt Tank 1.85"" Outdoor Rugged Bluetooth Calling Smart Watch, 123 Sports Mode, 8 UI Interactions, Built in Speaker &... Fire-Boltt",/static/images/1539.jpg,1375,4
267,"Samsung Galaxy M13 (Midnight Blue, 4GB, 64GB Storage) | 6000mAh Battery | Upto 8GB RAM with RAM Plus",Samsung,"Samsung Galaxy M13 (Midnight Blue, 4GB, 64GB Storage) | 6000mAh Battery | Upto 8GB RAM with RAM Plus Samsung",/static/images/1493.jpg,322,2
1283,Sony MDR-ZX110A Wired On Ear Headphone without Mic (White),Sony,Sony MDR-ZX110A Wired On Ear Headphone without Mic (White) Sony,/static/images/3440.jpg,4171,4
2243,Omron Karada Scan Body Composition Monitor HBF-375,Omron,Omron Karada Scan Body Composition Monitor HBF-375 Omron,/static/images/709.jpg,3527,4
1715,"Fire-Boltt Ninja Calling 1.69"" Bluetooth Calling Smart Watch, Dial Pad, Speaker, AI Voice Assistant with 450 NITS Peak Bri...",Fire-Boltt,"Fire-Boltt Ninja Calling 1.69"" Bluetooth Calling Smart Watch, Dial Pad, Speaker, AI Voice Assistant with 450 NITS Peak Bri... Fire-Boltt",/static/images/4091.jpg,4413,4
657,Vantro Car Power Inverter 200W with 4 USB & 2 AC Port with Digital Display and QC3.0,Vantro,Vantro Car Power Inverter 200W with 4 USB & 2 AC Port with Digital Display and QC3.0 Vantro,/static/images/2125.jpg,3200,3
218,"Fire-Boltt Ninja Call Pro Plus 1.83"" Smart Watch with Bluetooth Calling, AI Voice Assistance, 100 Sports Modes IP67 Ratin...",Fire-Boltt,"Fire-Boltt Ninja Call Pro Plus 1.83"" Smart Watch with Bluetooth Calling, AI Voice Assistance, 100 Sports Modes IP67 Ratin... Fire-Boltt",/static/images/1417.jpg,678,2
1565,"Anchor by Panasonic Spike Guard 4-Way Socket with Single Switch (White), 240 V, 1440 Watt",Anchor,"Anchor by Panasonic Spike Guard 4-Way Socket with Single Switch (White), 240 V, 1440 Watt Anchor",/static/images/390.jpg,4060,2
409,"Pentonic Multicolor Gel Pen With Hard Box Case | 0.6 mm-1.0 mm | Sleek Matt Finish, Featherlite feel | Waterproof Gel Ink,...",Pentonic,"Pentonic Multicolor Gel Pen With Hard Box Case | 0.6 mm-1.0 mm | Sleek Matt Finish, Featherlite feel | Waterproof Gel Ink,... Pentonic",/static/images/1754.jpg,1990,5
1822,SupCares Tempered Glass Screen Protector for Samsung Galaxy Watch 4 Classic (46 mm) with Easy Self Installation Kit | Pack...,SupCares,SupCares Tempered Glass Screen Protector for Samsung Galaxy Watch 4 Classic (46 mm) with Easy Self Installation Kit | Pack... SupCares,/static/images/4276.jpg,4062,3
990,"Genie Glitter Backpack for Women - 3 compartments, Laptop Bags for Girls, Stylish and Trendy College Backpacks for Girls, ...",Genie,"Genie Glitter Backpack for Women - 3 compartments, Laptop Bags for Girls, Stylish and Trendy College Backpacks for Girls, ... Genie",/static/images/27.jpg,24,1
582,"iQOO Z6 44W by vivo (Lumina Blue, 6GB RAM, 128GB Storage) | 6.44"" FHD+ AMOLED Display | 50% Charge in just 27 mins | in-Di...",iQOO,"iQOO Z6 44W by vivo (Lumina Blue, 6GB RAM, 128GB Storage) | 6.44"" FHD+ AMOLED Display | 50% Charge in just 27 mins | in-Di... iQOO",/static/images/200.jpg,2217,4
64,"Storio Kids Toys LCD Writing Tablet 8.5Inch E-Note Pad Best Birthday Gift for Girls Boys, Multicolor (SC1667)",Storio,"Storio Kids Toys LCD Writing Tablet 8.5Inch E-Note Pad Best Birthday Gift for Girls Boys, Multicolor (SC1667) Storio",/static/images/1087.jpg,1780,2
2019,Amozo Ultra Hybrid Camera and Drop Protection Back Cover Case for iPhone 13 Pro (TPU + Polycarbonate | Crystal Transparent),Amozo,Amozo Ultra Hybrid Camera and Drop Protection Back Cover Case for iPhone 13 Pro (TPU + Polycarbonate | Crystal Transparent) Amozo,/static/images/4734.jpg,3487,5
1886,Ambrane Type-C to Micro USB OTG Adapter for 3A Fast Charging and Data Sync- Compatible with All Type-C Enabled Devices Black,Ambrane,Ambrane Type-C to Micro USB OTG Adapter for 3A Fast Charging and Data Sync- Compatible with All Type-C Enabled Devices Black Ambrane,/static/images/4394.jpg,2295,5
1286,7SEVEN® Compatible for Tata Sky Remote Original Set Top HD Box and Suitable for SD Tata Play setup Box Remote Control,7SEVEN®,7SEVEN® Compatible for Tata Sky Remote Original Set Top HD Box and Suitable for SD Tata Play setup Box Remote Control 7SEVEN®,/static/images/3445.jpg,1581,1
2287,Faber-Castell Kindergarten Grip Crayons - Pack of 10 (Assorted),Faber-Castell,Faber-Castell Kindergarten Grip Crayons - Pack of 10 (Assorted) Faber-Castell,/static/images/823.jpg,1039,2
1017,"MAGBOT Q9 Smart Watch for Men & Women Latest Bluetooth 1.3"" LED with Daily Activity Tracker, Heart Rate Sensor, BP Monito...",MAGBOT,"MAGBOT Q9 Smart Watch for Men & Women Latest Bluetooth 1.3"" LED with Daily Activity Tracker, Heart Rate Sensor, BP Monito... MAGBOT",/static/images/2760.jpg,2319,3
436,"Noise ColorFit Pulse Grand Smart Watch with 1.69"" HD Display, 60 Sports Modes, 150 Watch Faces, Spo2 Monitoring, Call Noti...",Noise,"Noise ColorFit Pulse Grand Smart Watch with 1.69"" HD Display, 60 Sports Modes, 150 Watch Faces, Spo2 Monitoring, Call Noti... Noise",/static/images/178.jpg,2046,4
795,"Infinity (JBL Glide 510, 72 Hrs Playtime with Quick Charge, Wireless On Ear Headphone with Mic, Deep Bass, Dual Equalizer,...",Infinity,"Infinity (JBL Glide 510, 72 Hrs Playtime with Quick Charge, Wireless On Ear Headphone with Mic, Deep Bass, Dual Equalizer,... Infinity",/static/images/2352.jpg,2243,1
1077,"Onelap GO - Wireless GPS Tracker with Voice Listen for School Kids, Car, Scooty, Truck or Anything with 1 Year sim Card +...",Onelap,"Onelap GO - Wireless GPS Tracker with Voice Listen for School Kids, Car, Scooty, Truck or Anything with 1 Year sim Card +... Onelap",/static/images/2894.jpg,694,1
546,Oppo Enco Air 2 Pro Bluetooth Truly Wireless in Ear Earbuds with Mic - White,Oppo,Oppo Enco Air 2 Pro Bluetooth Truly Wireless in Ear Earbuds with Mic - White Oppo,/static/images/1916.jpg,2905,3
833,"PTron Force X12N 1.85"" Full Touch HD Display Bluetooth Calling Smartwatch, Functional Crown, 580 NITS Brightness, HR, SpO...",PTron,"PTron Force X12N 1.85"" Full Touch HD Display Bluetooth Calling Smartwatch, Functional Crown, 580 NITS Brightness, HR, SpO... PTron",/static/images/2388.jpg,3294,1
924,Eveready Red 1012 AAA Batteries - Pack of 10,Eveready,Eveready Red 1012 AAA Batteries - Pack of 10 Eveready,/static/images/2540.jpg,2544,3
1812,"realme narzo 50 (Speed Blue, 4GB RAM+64GB Storage) 120Hz Full HD+ Display | 50MP AI Triple Camera | Helio G96 Powerful Gam...",realme,"realme narzo 50 (Speed Blue, 4GB RAM+64GB Storage) 120Hz Full HD+ Display | 50MP AI Triple Camera | Helio G96 Powerful Gam... realme",/static/images/4233.jpg,711,3
843,KYOSEI Advanced Tempered Glass Compatible with Google Pixel 6a with Military-Grade Anti-Explosion Edge-to-Edge Coverage Sc...,KYOSEI,KYOSEI Advanced Tempered Glass Compatible with Google Pixel 6a with Military-Grade Anti-Explosion Edge-to-Edge Coverage Sc... KYOSEI,/static/images/2397.jpg,4204,2
909,"HIFFIN® Helmet Chin Strap Mount with Mobile Clip & Screw Compatible with All Smart Phones Go pro Hero (Helmet Mount KIT, H...",HIFFIN®,"HIFFIN® Helmet Chin Strap Mount with Mobile Clip & Screw Compatible with All Smart Phones Go pro Hero (Helmet Mount KIT, H... HIFFIN®",/static/images/252.jpg,2933,3
1496,"HP w200 HD 720P 30 FPS Digital Webcam with Built-in Mic, Plug and Play Setup, Wide-Angle View for Video Calling on Skype, ...",HP,"HP w200 HD 720P 30 FPS Digital Webcam with Built-in Mic, Plug and Play Setup, Wide-Angle View for Video Calling on Skype, ... HP",/static/images/3757.jpg,1173,2
955,Mi Power Bank Boost Pro 30000mAh 18W,Mi,Mi Power Bank Boost Pro 30000mAh 18W Mi,/static/images/260.jpg,3674,3
272,"Lapster USB all types smartwatch charger cable for Boat Xtend,boat storm, W26 W26+ W26m W55+, Noise ColorFit Pulse, Colorf...",Lapster,"Lapster USB all types smartwatch charger cable for Boat Xtend,boat storm, W26 W26+ W26m W55+, Noise ColorFit Pulse, Colorf... Lapster",/static/images/1498.jpg,1137,5
994,"TP-Link AC1200 Mbps Archer A6 Smart WiFi, 5GHz Gigabit Dual Band MU-MIMO Wireless Internet Router, Long Range Coverage by ...",TP-Link,"TP-Link AC1200 Mbps Archer A6 Smart WiFi, 5GHz Gigabit Dual Band MU-MIMO Wireless Internet Router, Long Range Coverage by ... TP-Link",/static/images/2703.jpg,4787,5
2153,Amazon Brand - Solimo Back Cover Case for Mi Redmi Note 9 Pro/Redmi Note 9 Pro Max/Poco M2 Pro | (TPU | Transparent),Amazon,Amazon Brand - Solimo Back Cover Case for Mi Redmi Note 9 Pro/Redmi Note 9 Pro Max/Poco M2 Pro | (TPU | Transparent) Amazon,/static/images/51.jpg,4968,4
2313,Wesley Milestone 15.6 inch 25 L Casual Waterproof Laptop Backpack/Office Bag/School Bag/College Bag/Business Bag/Unisex Tr...,Wesley,Wesley Milestone 15.6 inch 25 L Casual Waterproof Laptop Backpack/Office Bag/School Bag/College Bag/Business Bag/Unisex Tr... Wesley,/static/images/855.jpg,4349,3
109,"boAt Airdopes 172 True Wireless in Ear Earbuds with ENx™ Tech, Beast Mode, 35H Playtime, 11mm Drivers, ASAP™ Charge, IPX4,...",boAt,"boAt Airdopes 172 True Wireless in Ear Earbuds with ENx™ Tech, Beast Mode, 35H Playtime, 11mm Drivers, ASAP™ Charge, IPX4,... boAt",/static/images/114.jpg,417,4
259,"Omron MC 246 Digital Thermometer With Quick Measurement of Oral & Underarm Temperature in Celsius & Fahrenheit, Water Resi...",Omron,"Omron MC 246 Digital Thermometer With Quick Measurement of Oral & Underarm Temperature in Celsius & Fahrenheit, Water Resi... Omron",/static/images/1485.jpg,1867,2
2191,MI 108 cm (43 inches) 5A Series Full HD Smart Android LED TV L43M7-EAIN (Black),MI,MI 108 cm (43 inches) 5A Series Full HD Smart Android LED TV L43M7-EAIN (Black) MI,/static/images/624.jpg,1552,5
1400,"Ambrane 20W Type C Charger/Adapter, PD Technology Fast Charging for iPhone 8 or Above, Android & Other Type C Enabled Devi...",Ambrane,"Ambrane 20W Type C Charger/Adapter, PD Technology Fast Charging for iPhone 8 or Above, Android & Other Type C Enabled Devi... Ambrane",/static/images/3611.jpg,1851,2
2178,Maped Metal Open Compass - 9 Pcs Set - (Colors May Vary),Maped,Maped Metal Open Compass - 9 Pcs Set - (Colors May Vary) Maped,/static/images/605.jpg,3874,1
822,boAt Bassheads 220 Wired in Ear Earphones(Raging Red Indi),boAt,boAt Bassheads 220 Wired in Ear Earphones(Raging Red Indi) boAt,/static/images/2377.jpg,2034,1
1795,"JL LCD Writing Tablet for Kids (8.5 Inch) Pad, Tab, Drawing Tablet Gift Toys Board Digital E Note Magic Slate Drawing Tabl...",JL,"JL LCD Writing Tablet for Kids (8.5 Inch) Pad, Tab, Drawing Tablet Gift Toys Board Digital E Note Magic Slate Drawing Tabl... JL",/static/images/4208.jpg,3720,5
2222,"pTron Bassbuds Perl in-Ear TWS Earbuds with TruTalk ENC, Bluetooth 5.3 Wireless Headphone with Mic, Deep Bass, Low Latenc...",pTron,"pTron Bassbuds Perl in-Ear TWS Earbuds with TruTalk ENC, Bluetooth 5.3 Wireless Headphone with Mic, Deep Bass, Low Latenc... pTron",/static/images/685.jpg,1060,3
2106,"Samsung Galaxy Buds 2 | Active Noise Cancellation, Auto Switch Feature, Up to 20hrs Battery Life, (Graphite)",Samsung,"Samsung Galaxy Buds 2 | Active Noise Cancellation, Auto Switch Feature, Up to 20hrs Battery Life, (Graphite) Samsung",/static/images/4887.jpg,3716,2
2286,"Vivo Y56 5G (Black Engine, 8GB RAM, 128GB Storage) with No Cost EMI/Additional Exchange Offers",Vivo,"Vivo Y56 5G (Black Engine, 8GB RAM, 128GB Storage) with No Cost EMI/Additional Exchange Offers Vivo",/static/images/822.jpg,864,1
1628,"SaleOn™ Portable Storage Organizer Bag for Earphone USB Cable Power Bank Mobile Charger Digital Gadget Hard Disk, Water Re...",SaleOn™,"SaleOn™ Portable Storage Organizer Bag for Earphone USB Cable Power Bank Mobile Charger Digital Gadget Hard Disk, Water Re... SaleOn™",/static/images/4003.jpg,1423,4
2275,ETI Cello Tape 1 Inch 65M (Transparent),ETI,ETI Cello Tape 1 Inch 65M (Transparent) ETI,/static/images/809.jpg,1389,1
1668,Camel Wax Crayons + 1 Glitter Shade Free - 12 Shades,Camel,Camel Wax Crayons + 1 Glitter Shade Free - 12 Shades Camel,/static/images/4041.jpg,341,1
1570,"Zebronics ZEB-COUNTY 3W Wireless Bluetooth Portable Speaker With Supporting Carry Handle, USB, SD Card, AUX, FM & Call Fun...",Zebronics,"Zebronics ZEB-COUNTY 3W Wireless Bluetooth Portable Speaker With Supporting Carry Handle, USB, SD Card, AUX, FM & Call Fun... Zebronics",/static/images/3905.jpg,1555,2
1113,Gear Classic 20L Faux Leather Water Resistant Anti Theft Laptop Bag/Backpack for Men/Women-Brown,Gear,Gear Classic 20L Faux Leather Water Resistant Anti Theft Laptop Bag/Backpack for Men/Women-Brown Gear,/static/images/2984.jpg,592,2
1824,"boAt Wave Lite Smartwatch with 1.69 Inches(4.29cm) HD Display, Heart Rate & SpO2 Level Monitor, Multiple Watch Faces, Acti...",boAt,"boAt Wave Lite Smartwatch with 1.69 Inches(4.29cm) HD Display, Heart Rate & SpO2 Level Monitor, Multiple Watch Faces, Acti... boAt",/static/images/4278.jpg,232,5
2374,"Quartet ReWritables Mini Dry-Erase Whiteboard Markers, Fine Tip, Assorted Ink Colours, Whiteboard Non-Permanent Markers wi...",Quartet,"Quartet ReWritables Mini Dry-Erase Whiteboard Markers, Fine Tip, Assorted Ink Colours, Whiteboard Non-Permanent Markers wi... Quartet",/static/images/970.jpg,4193,4
2056,"Bharat's Original Nusqa E Arabia, 500ml",Bharat's,"Bharat's Original Nusqa E Arabia, 500ml Bharat's",/static/images/4806.jpg,3693,3
137,"boAt Micro USB 55 Tangle-free, Sturdy Micro USB Cable with 3A Fast Charging & 480mbps Data Transmission (Black)",boAt,"boAt Micro USB 55 Tangle-free, Sturdy Micro USB Cable with 3A Fast Charging & 480mbps Data Transmission (Black) boAt",/static/images/1189.jpg,3520,3
2233,Pikkme Mi Redmi 10A / Redmi 9 / Redmi 9 Activ / 9C / Poco C31 Flip Cover Magnetic Leather Wallet Case Shockproof TPU for M...,Pikkme,Pikkme Mi Redmi 10A / Redmi 9 / Redmi 9 Activ / 9C / Poco C31 Flip Cover Magnetic Leather Wallet Case Shockproof TPU for M... Pikkme,/static/images/698.jpg,74,4
1051,"Nokia 2660 Flip 4G Volte keypad Phone with Dual SIM, Dual Screen, inbuilt MP3 Player & Wireless FM Radio | Blue",Nokia,"Nokia 2660 Flip 4G Volte keypad Phone with Dual SIM, Dual Screen, inbuilt MP3 Player & Wireless FM Radio | Blue Nokia",/static/images/2857.jpg,1093,5
602,"JBL C100SI Wired In Ear Headphones with Mic, JBL Pure Bass Sound, One Button Multi-function Remote, Premium Metallic Finis...",JBL,"JBL C100SI Wired In Ear Headphones with Mic, JBL Pure Bass Sound, One Button Multi-function Remote, Premium Metallic Finis... JBL",/static/images/2040.jpg,111,1
290,AmazonBasics AAA Performance Alkaline Non-Rechargeable Batteries (8-Pack) - Appearance May Vary,AmazonBasics,AmazonBasics AAA Performance Alkaline Non-Rechargeable Batteries (8-Pack) - Appearance May Vary AmazonBasics,/static/images/1540.jpg,1029,4
348,"Infinity (JBL Fuze Pint, Wireless Ultra Portable Mini Speaker with Mic, Deep Bass, Dual Equalizer, Bluetooth 5.0 with Voic...",Infinity,"Infinity (JBL Fuze Pint, Wireless Ultra Portable Mini Speaker with Mic, Deep Bass, Dual Equalizer, Bluetooth 5.0 with Voic... Infinity",/static/images/1627.jpg,942,5
710,HP F6V97AA#ACJ External USB DVD-RW Drive,HP,HP F6V97AA#ACJ External USB DVD-RW Drive HP,/static/images/2227.jpg,3233,5
1972,OpenTech® Tempered Glass Screen Protector Compatible for OnePlus Nord CE 5G (2021) / OnePlus Nord 2 5G (2021) with Edge to...,OpenTech®,OpenTech® Tempered Glass Screen Protector Compatible for OnePlus Nord CE 5G (2021) / OnePlus Nord 2 5G (2021) with Edge to... OpenTech®,/static/images/4581.jpg,3283,3
42,"Portronics Toad 23 Wireless Optical Mouse with 2.4GHz, USB Nano Dongle, Optical Orientation, Click Wheel, Adjustable DPI(B...",Portronics,"Portronics Toad 23 Wireless Optical Mouse with 2.4GHz, USB Nano Dongle, Optical Orientation, Click Wheel, Adjustable DPI(B... Portronics",/static/images/1062.jpg,4595,2
1975,SanDisk® Ultra Curve USB 3.2 32GB 100MB/s R Green,SanDisk®,SanDisk® Ultra Curve USB 3.2 32GB 100MB/s R Green SanDisk®,/static/images/46.jpg,4808,5
976,"pTron Tangentbeat in-Ear Bluetooth 5.0 Wireless Headphones with Mic, Enhanced Bass, 10mm Drivers, Clear Calls, Fast Chargi...",pTron,"pTron Tangentbeat in-Ear Bluetooth 5.0 Wireless Headphones with Mic, Enhanced Bass, 10mm Drivers, Clear Calls, Fast Chargi... pTron",/static/images/2682.jpg,2928,4
772,ADDMAX Extension Cord with USB Port – 10A 220V-50/60Hz [6 socket Outlet with 2 USB Port] [Fire flame proof] [USB Charging ...,ADDMAX,ADDMAX Extension Cord with USB Port – 10A 220V-50/60Hz [6 socket Outlet with 2 USB Port] [Fire flame proof] [USB Charging ... ADDMAX,/static/images/2309.jpg,505,1
1434,Razer DeathAdder Essential Wired Gaming Mouse I Single-Color Green Lighting I 6400DPI Optical Sensor- Black - RZ01-0385010...,Razer,Razer DeathAdder Essential Wired Gaming Mouse I Single-Color Green Lighting I 6400DPI Optical Sensor- Black - RZ01-0385010... Razer,/static/images/3655.jpg,2450,5
1194,"realme narzo 50i (Carbon Black, 4GB RAM+64GB Storage) Octa Core Processor | 6.5"" inch Large Display",realme,"realme narzo 50i (Carbon Black, 4GB RAM+64GB Storage) Octa Core Processor | 6.5"" inch Large Display realme",/static/images/3184.jpg,2719,3
1006,Zoul USB C 60W Fast Charging 3A 6ft/2M Long Type C Nylon Braided Data Cable Quick Charger Cable QC 3.0 for Samsung Galaxy ...,Zoul,Zoul USB C 60W Fast Charging 3A 6ft/2M Long Type C Nylon Braided Data Cable Quick Charger Cable QC 3.0 for Samsung Galaxy ... Zoul,/static/images/272.jpg,1544,2
668,"Tarkan Portable Folding Laptop Desk for Bed, Lapdesk with Handle, Drawer, Cup & Mobile/Tablet Holder for Study, Eating, Wo...",Tarkan,"Tarkan Portable Folding Laptop Desk for Bed, Lapdesk with Handle, Drawer, Cup & Mobile/Tablet Holder for Study, Eating, Wo... Tarkan",/static/images/2161.jpg,2943,1
422,"Casio FX-991ES Plus-2nd Edition Scientific Calculator, Black",Casio,"Casio FX-991ES Plus-2nd Edition Scientific Calculator, Black Casio",/static/images/1767.jpg,3569,3
1599,Qubo Mini UPS Plus from Hero Group | Uninterrupted Power Backup for WiFi Routers | Upto 4 Hours Power Backup | Voltage Reg...,Qubo,Qubo Mini UPS Plus from Hero Group | Uninterrupted Power Backup for WiFi Routers | Upto 4 Hours Power Backup | Voltage Reg... Qubo,/static/images/3979.jpg,3225,5
633,"Fire-Boltt Gladiator 1.96"" Biggest Display Smart Watch with Bluetooth Calling, Voice Assistant &123 Sports Modes, 8 Unique...",Fire-Boltt,"Fire-Boltt Gladiator 1.96"" Biggest Display Smart Watch with Bluetooth Calling, Voice Assistant &123 Sports Modes, 8 Unique... Fire-Boltt",/static/images/2101.jpg,1377,3
2376,Cello Marky Permanent Marker- Pack of 8 | Permanent Marker Pens | Set of 8 Ink Colors Marker Pen | Stationery Markers markers,Cello,Cello Marky Permanent Marker- Pack of 8 | Permanent Marker Pens | Set of 8 Ink Colors Marker Pen | Stationery Markers markers Cello,/static/images/973.jpg,2067,1
317,"Ambrane 10000 mAh Lithium Polymer Stylo-10k Power Bank with 20 Watt Fast Charging, 1 USB and Type C Port,Blue",Ambrane,"Ambrane 10000 mAh Lithium Polymer Stylo-10k Power Bank with 20 Watt Fast Charging, 1 USB and Type C Port,Blue Ambrane",/static/images/1596.jpg,1947,3
2307,"PiBOX India - USB 3.0 to 2.5"" SATA III Hard Drive Adapter 0.5 M Long Cable w/UASP - SATA to USB 3.0 Converter for SSD/HDD...",PiBOX,"PiBOX India - USB 3.0 to 2.5"" SATA III Hard Drive Adapter 0.5 M Long Cable w/UASP - SATA to USB 3.0 Converter for SSD/HDD... PiBOX",/static/images/847.jpg,3119,3
1497,SanDisk Extreme Pro SD UHS I 128GB Card for 4K Video for DSLR and Mirrorless Cameras 200MB/s Read & 90MB/s Write,SanDisk,SanDisk Extreme Pro SD UHS I 128GB Card for 4K Video for DSLR and Mirrorless Cameras 200MB/s Read & 90MB/s Write SanDisk,/static/images/3758.jpg,2315,5
1663,"boAt Newly Launched Wave Call Plus with 1.83"" HD Display, ENx™ Tech(Clear Calls), Advanced Bluetooth Calling,Hindi & Engli...",boAt,"boAt Newly Launched Wave Call Plus with 1.83"" HD Display, ENx™ Tech(Clear Calls), Advanced Bluetooth Calling,Hindi & Engli... boAt",/static/images/4036.jpg,4941,4
1962,"DR VAKU® 30W Original USB Type C Charger PD Technology Fast Mobile Wall Charging Adapter with 3.0 Power Delivery, BIS Cert...",DR,"DR VAKU® 30W Original USB Type C Charger PD Technology Fast Mobile Wall Charging Adapter with 3.0 Power Delivery, BIS Cert... DR",/static/images/4566.jpg,1427,2
1619,"JBL Wave 200 TWS, True Wireless in-Ear Earbuds with Mic, 20 Hours Playtime, Deep Bass Sound, use Single Earbud or Both, Bl...",JBL,"JBL Wave 200 TWS, True Wireless in-Ear Earbuds with Mic, 20 Hours Playtime, Deep Bass Sound, use Single Earbud or Both, Bl... JBL",/static/images/3997.jpg,4441,5
1256,"JBL C50HI, Wired in Ear Headphones with Mic, One Button Multi-Function Remote, Lightweight & Comfortable fit (Red)",JBL,"JBL C50HI, Wired in Ear Headphones with Mic, One Button Multi-Function Remote, Lightweight & Comfortable fit (Red) JBL",/static/images/3379.jpg,663,1
313,"STRIFF Webcam Cover Slide, Ultra Thin Laptop Camera Cover Slide Blocker for Computer MacBook Pro iMac PC Tablet (Pack of ...",STRIFF,"STRIFF Webcam Cover Slide, Ultra Thin Laptop Camera Cover Slide Blocker for Computer MacBook Pro iMac PC Tablet (Pack of ... STRIFF",/static/images/1591.jpg,2498,2
526,Dyazo 6 Angles Adjustable Aluminum Ergonomic Foldable Portable Tabletop Laptop/Desktop Riser Stand Holder Compatible for M...,Dyazo,Dyazo 6 Angles Adjustable Aluminum Ergonomic Foldable Portable Tabletop Laptop/Desktop Riser Stand Holder Compatible for M... Dyazo,/static/images/1896.jpg,4098,4
56,STRIFF Adjustable Laptop Tabletop Stand Patented Riser Ventilated Portable Foldable Compatible with MacBook Notebook Table...,STRIFF,STRIFF Adjustable Laptop Tabletop Stand Patented Riser Ventilated Portable Foldable Compatible with MacBook Notebook Table... STRIFF,/static/images/1079.jpg,3868,2
2004,YellowInc Global Impex Breathe Silicone Case Cover Skin for OnePlus Buds Z2 2022 Headphones - Earbuds Not Included (Black),YellowInc,YellowInc Global Impex Breathe Silicone Case Cover Skin for OnePlus Buds Z2 2022 Headphones - Earbuds Not Included (Black) YellowInc,/static/images/4696.jpg,4501,1
906,Cello Deco Gel Pen | Gel Pens Blue | Jar of 25 Units | Gel Pens for Students | Pens for Office Use | Gel Pens for Writing...,Cello,Cello Deco Gel Pen | Gel Pens Blue | Jar of 25 Units | Gel Pens for Students | Pens for Office Use | Gel Pens for Writing... Cello,/static/images/2513.jpg,1105,4
171,realme Buds 2 Neo Wired in Ear Earphones with Mic (Blue),realme,realme Buds 2 Neo Wired in Ear Earphones with Mic (Blue) realme,/static/images/1296.jpg,1378,3
1740,"boAt Stone 135 Portable Wireless Speaker with 5W RMS Immersive Sound, IPX4 Water Resistance, True Wireless Feature, Up to ...",boAt,"boAt Stone 135 Portable Wireless Speaker with 5W RMS Immersive Sound, IPX4 Water Resistance, True Wireless Feature, Up to ... boAt",/static/images/4120.jpg,3187,3
1111,"COSTAR Mateband Bluetooth Wireless Neckband Earphones - Adjust EQ for Bombastic Bass, 24 Hours Playtime, Magnetic Instant ...",COSTAR,"COSTAR Mateband Bluetooth Wireless Neckband Earphones - Adjust EQ for Bombastic Bass, 24 Hours Playtime, Magnetic Instant ... COSTAR",/static/images/2982.jpg,1491,4
2342,AUNO Standard Multi-Purpose Laptop Table with Dock Stand/Study Table/Bed Table/Foldable and Portable/Ergonomic & Rounded E...,AUNO,AUNO Standard Multi-Purpose Laptop Table with Dock Stand/Study Table/Bed Table/Foldable and Portable/Ergonomic & Rounded E... AUNO,/static/images/92.jpg,101,2
385,"Kratos Thump Wired Earphones, Powerful Bass, HD Sound Quality Earphones, Tangle Free Cable, Comfortable in Ear Fit, with m...",Kratos,"Kratos Thump Wired Earphones, Powerful Bass, HD Sound Quality Earphones, Tangle Free Cable, Comfortable in Ear Fit, with m... Kratos",/static/images/1689.jpg,463,3
12,"OnePlus Nord CE 2 Lite 5G (Blue Tide, 8GB RAM, 128GB Storage)",OnePlus,"OnePlus Nord CE 2 Lite 5G (Blue Tide, 8GB RAM, 128GB Storage) OnePlus",/static/images/103.jpg,443,1
701,Apple Pencil (2nd Generation),Apple,Apple Pencil (2nd Generation) Apple,/static/images/2219.jpg,4823,4
1221,"Redgear A-17 Gaming Mouse with Upto 6400 DPI, RGB Lighting and Braided Cable(Black)",Redgear,"Redgear A-17 Gaming Mouse with Upto 6400 DPI, RGB Lighting and Braided Cable(Black) Redgear",/static/images/3296.jpg,2905,4
2024,TCL 126 cm (50 inches) 4K Ultra HD Certified Android Smart LED TV 50P615 (Black),TCL,TCL 126 cm (50 inches) 4K Ultra HD Certified Android Smart LED TV 50P615 (Black) TCL,/static/images/4739.jpg,4201,5
1326,Amozo Designed for iPhone 14 Pro Cover | Ultra Hybrid Drop and Camera Protection Back Cover Case for iPhone 14 PRO (TPU + ...,Amozo,Amozo Designed for iPhone 14 Pro Cover | Ultra Hybrid Drop and Camera Protection Back Cover Case for iPhone 14 PRO (TPU + ... Amozo,/static/images/3493.jpg,1940,3
477,"HP 330 Wireless Black Keyboard and Mouse Set with Numeric Keypad, 2.4GHz Wireless Connection and 1600 DPI, USB Receiver, L...",HP,"HP 330 Wireless Black Keyboard and Mouse Set with Numeric Keypad, 2.4GHz Wireless Connection and 1600 DPI, USB Receiver, L... HP",/static/images/1820.jpg,1596,1
1050,Portronics Adapto ONE POR-1104 3A Fast Charging Adapter with 1M Type C Cable (White),Portronics,Portronics Adapto ONE POR-1104 3A Fast Charging Adapter with 1M Type C Cable (White) Portronics,/static/images/285.jpg,4187,1
232,"HP 150 Wireless USB Mouse with Ergonomic and ambidextrous Design, 1600 DPI Optical Tracking, 2.4 GHz Wireless connectivit...",HP,"HP 150 Wireless USB Mouse with Ergonomic and ambidextrous Design, 1600 DPI Optical Tracking, 2.4 GHz Wireless connectivit... HP",/static/images/1431.jpg,4429,4
807,Lapster 1.5 mtr USB 2.0 Type A Male to USB A Male Cable for computer and laptop,Lapster,Lapster 1.5 mtr USB 2.0 Type A Male to USB A Male Cable for computer and laptop Lapster,/static/images/2363.jpg,2180,4
1558,"Verilux® Flash Drive 64GB 4 in 1 Pendrive with Light-ning, Micro USB, USB A, Type-C Interface Mini Hangable Pen Drive for ...",Verilux®,"Verilux® Flash Drive 64GB 4 in 1 Pendrive with Light-ning, Micro USB, USB A, Type-C Interface Mini Hangable Pen Drive for ... Verilux®",/static/images/3893.jpg,4711,4
2148,"Wings Phantom 800 Best Low Latency 40ms Earbuds, Bluetooth Wireless Headphones, Gaming Case, LED Lights, 50 Hours Playtim...",Wings,"Wings Phantom 800 Best Low Latency 40ms Earbuds, Bluetooth Wireless Headphones, Gaming Case, LED Lights, 50 Hours Playtim... Wings",/static/images/5006.jpg,604,1
2253,"BlueRigger Digital Optical Audio Toslink Cable (3.3 Feet / 1 Meter) With 8 Channel (7.1) Audio Support (for Home Theatre, ...",BlueRigger,"BlueRigger Digital Optical Audio Toslink Cable (3.3 Feet / 1 Meter) With 8 Channel (7.1) Audio Support (for Home Theatre, ... BlueRigger",/static/images/72.jpg,363,4
1066,"Lenovo 600 Bluetooth 5.0 Silent Mouse: Compact, Portable, Dongle-Free Multi-Device connectivity with Microsoft Swift Pair...",Lenovo,"Lenovo 600 Bluetooth 5.0 Silent Mouse: Compact, Portable, Dongle-Free Multi-Device connectivity with Microsoft Swift Pair... Lenovo",/static/images/2875.jpg,4673,3
1600,"Syncwire USB Type C to 3.5 mm Audio Jack Connector, Headphones Jack Converter Compatible with Galaxy S8, S8 Plus, S9, S9 P...",Syncwire,"Syncwire USB Type C to 3.5 mm Audio Jack Connector, Headphones Jack Converter Compatible with Galaxy S8, S8 Plus, S9, S9 P... Syncwire",/static/images/398.jpg,1402,4
1833,"Digitek (DWM-001 Wireless Microphone & Receiver with Type C, Compatible for Noise Cancellation Mic Suitable for Vlog You T...",Digitek,"Digitek (DWM-001 Wireless Microphone & Receiver with Type C, Compatible for Noise Cancellation Mic Suitable for Vlog You T... Digitek",/static/images/4294.jpg,1103,5
831,"Boult Audio Z40 True Wireless in Ear Earbuds with 60H Playtime, Zen™ ENC Mic, Low Latency Gaming, Type-C Fast Charging, Ma...",Boult,"Boult Audio Z40 True Wireless in Ear Earbuds with 60H Playtime, Zen™ ENC Mic, Low Latency Gaming, Type-C Fast Charging, Ma... Boult",/static/images/2386.jpg,1712,1
1184,Qubo Car Dash Camera Pro (with GPS) Dash Cam from Hero Group | Made in India Dashcam | Full HD 1080p | Wide Angle View | ...,Qubo,Qubo Car Dash Camera Pro (with GPS) Dash Cam from Hero Group | Made in India Dashcam | Full HD 1080p | Wide Angle View | ... Qubo,/static/images/3167.jpg,3941,1
2083,USM i8 Pro Max Touch Screen Bluetooth Smartwatch with Activity Tracker Compatible with All 3G/4G/5G Android & iOS Smartpho...,USM,USM i8 Pro Max Touch Screen Bluetooth Smartwatch with Activity Tracker Compatible with All 3G/4G/5G Android & iOS Smartpho... USM,/static/images/4838.jpg,2083,5
141,"Mi Type C 3Amp 100cm Fast Charge Cable Black|USB to Type C|Supports Upto 22.5W Fast Charging|Suitable for All Smartphones,...",Mi,"Mi Type C 3Amp 100cm Fast Charge Cable Black|USB to Type C|Supports Upto 22.5W Fast Charging|Suitable for All Smartphones,... Mi",/static/images/1192.jpg,4309,4
1536,Sounce Anti-Slip Silicone Ear Buds 2-Pair 4-Pcs Silicone Earphone & Bluetooth Ear Hook Medium Size Ear Hooks Plugs for in-...,Sounce,Sounce Anti-Slip Silicone Ear Buds 2-Pair 4-Pcs Silicone Earphone & Bluetooth Ear Hook Medium Size Ear Hooks Plugs for in-... Sounce,/static/images/3869.jpg,3752,1
261,Epson 003 65 ml for EcoTank L1110/L3100/L3101/L3110/L3115/L3116/L3150/L3151/L3152/L3156/L5190 Black Ink Bottle,Epson,Epson 003 65 ml for EcoTank L1110/L3100/L3101/L3110/L3115/L3116/L3150/L3151/L3152/L3156/L5190 Black Ink Bottle Epson,/static/images/1487.jpg,2378,2
705,"Western Digital WD 2TB My Passport Portable Hard Disk Drive, Compatible with Windows and Mac, External HDD-Black",Western,"Western Digital WD 2TB My Passport Portable Hard Disk Drive, Compatible with Windows and Mac, External HDD-Black Western",/static/images/2222.jpg,97,3
203,"OnePlus Warp Charge Type-C Cable (100cm, Red)",OnePlus,"OnePlus Warp Charge Type-C Cable (100cm, Red) OnePlus",/static/images/1379.jpg,2794,2
1169,"Luxor 5 Subject Single Ruled Notebook - A4, 70 Gsm, 300 Pages",Luxor,"Luxor 5 Subject Single Ruled Notebook - A4, 70 Gsm, 300 Pages Luxor",/static/images/3147.jpg,4548,4
1752,OpenTech® Tempered Glass Screen Protector Compatible for Samsung Galaxy S20 FE 5G with Edge to Edge Coverage and Easy Inst...,OpenTech®,OpenTech® Tempered Glass Screen Protector Compatible for Samsung Galaxy S20 FE 5G with Edge to Edge Coverage and Easy Inst... OpenTech®,/static/images/4156.jpg,3375,5
320,"iQOO Z6 Lite 5G by vivo (Stellar Green, 4GB RAM, 64GB Storage) | World's First Snapdragon 4 Gen 1 | 120Hz Refresh Rate | 5...",iQOO,"iQOO Z6 Lite 5G by vivo (Stellar Green, 4GB RAM, 64GB Storage) | World's First Snapdragon 4 Gen 1 | 120Hz Refresh Rate | 5... iQOO",/static/images/16.jpg,3706,3
934,"Fire-Boltt Eterno 1.99"" Largest Display, Bluetooth Calling Smartwatch with 1184mm Display Area, AI Voice Assistant, 120+ S...",Fire-Boltt,"Fire-Boltt Eterno 1.99"" Largest Display, Bluetooth Calling Smartwatch with 1184mm Display Area, AI Voice Assistant, 120+ S... Fire-Boltt",/static/images/2571.jpg,507,4
902,"HP GK320 Wired Full Size RGB Backlight Mechanical Gaming Keyboard, 4 LED Indicators, Mechanical Switches, Double Injection...",HP,"HP GK320 Wired Full Size RGB Backlight Mechanical Gaming Keyboard, 4 LED Indicators, Mechanical Switches, Double Injection... HP",/static/images/251.jpg,1951,2
587,Wipro 3 way multiplug with built in Surge Protector,Wipro,Wipro 3 way multiplug with built in Surge Protector Wipro,/static/images/2004.jpg,4989,1
2165,"HEMBERSTAR Laptop Bed Tray Table, Laptop Desk for Bed,Foldable Lap Desk Stand Notebook Desk Adjustable Laptop Table for Be...",HEMBERSTAR,"HEMBERSTAR Laptop Bed Tray Table, Laptop Desk for Bed,Foldable Lap Desk Stand Notebook Desk Adjustable Laptop Table for Be... HEMBERSTAR",/static/images/549.jpg,3864,5
935,"ZEBRONICS Zeb-Thunder Bluetooth Wireless On Ear Headphone FM, mSD, 9 hrs Playback with Mic (Neon Yellow)",ZEBRONICS,"ZEBRONICS Zeb-Thunder Bluetooth Wireless On Ear Headphone FM, mSD, 9 hrs Playback with Mic (Neon Yellow) ZEBRONICS",/static/images/2572.jpg,4795,4
157,"boAt Airdopes 121v2 in-Ear True Wireless Earbuds with Upto 14 Hours Playback, 8MM Drivers, Battery Indicators, Lightweight...",boAt,"boAt Airdopes 121v2 in-Ear True Wireless Earbuds with Upto 14 Hours Playback, 8MM Drivers, Battery Indicators, Lightweight... boAt",/static/images/1281.jpg,1311,3
260,SUPER TOY 8.5 Inch LCD Writing Tablet E-Notepad Ruff Pad (Multicolor),SUPER,SUPER TOY 8.5 Inch LCD Writing Tablet E-Notepad Ruff Pad (Multicolor) SUPER,/static/images/1486.jpg,1535,1
2073,"Reynolds 045 CARBURE 25 PENS JAR, 16 BLUE, 6 BLACK & 3 RED Ball Pen I Lightweight Ball Pen With Comfortable Grip for Extra...",Reynolds,"Reynolds 045 CARBURE 25 PENS JAR, 16 BLUE, 6 BLACK & 3 RED Ball Pen I Lightweight Ball Pen With Comfortable Grip for Extra... Reynolds",/static/images/4824.jpg,529,2
1671,Robustrion Pack of 2 Tempered Glass Screen Protector for iPad Air 5 / iPad Air 4 10.9 inch/iPad Pro 11 inch 2018 and and 2021,Robustrion,Robustrion Pack of 2 Tempered Glass Screen Protector for iPad Air 5 / iPad Air 4 10.9 inch/iPad Pro 11 inch 2018 and and 2021 Robustrion,/static/images/4045.jpg,4764,5
2015,"ZEBRONICS Zeb-Evolve 5.0 Bluetooth Wireless in Ear Earphones with Mic with Voice Assistant, Rapid Charge, Dual Pairing, Ca...",ZEBRONICS,"ZEBRONICS Zeb-Evolve 5.0 Bluetooth Wireless in Ear Earphones with Mic with Voice Assistant, Rapid Charge, Dual Pairing, Ca... ZEBRONICS",/static/images/4730.jpg,3086,4
1714,"Redmi 10 (Caribbean Green, 4GB RAM, 64GB Storage)",Redmi,"Redmi 10 (Caribbean Green, 4GB RAM, 64GB Storage) Redmi",/static/images/4090.jpg,1736,1
1625,ELV Mini Aluminum Adjustable Mobile Phone Foldable Holder Stand Dock Mount for All Smartphones (Mini Black),ELV,ELV Mini Aluminum Adjustable Mobile Phone Foldable Holder Stand Dock Mount for All Smartphones (Mini Black) ELV,/static/images/4000.jpg,449,2
497,"boAt Immortal 121 TWS Gaming Truly Wireless in Ear Earbuds with Beast Mode(40ms Low Latency), 40H Playtime, Blazing LEDs, ...",boAt,"boAt Immortal 121 TWS Gaming Truly Wireless in Ear Earbuds with Beast Mode(40ms Low Latency), 40H Playtime, Blazing LEDs, ... boAt",/static/images/1843.jpg,904,5
2331,"Redmi 9A Sport (Carbon Black, 3GB RAM, 32GB Storage) | 2GHz Octa-core Helio G25 Processor | 5000 mAh Battery",Redmi,"Redmi 9A Sport (Carbon Black, 3GB RAM, 32GB Storage) | 2GHz Octa-core Helio G25 Processor | 5000 mAh Battery Redmi",/static/images/88.jpg,828,3
1532,"House of Quirk Electronics Accessories Organizer Bag, Universal Carry Travel Gadget Bag for Cables, Plug and More, Perfect...",House,"House of Quirk Electronics Accessories Organizer Bag, Universal Carry Travel Gadget Bag for Cables, Plug and More, Perfect... House",/static/images/3864.jpg,4546,5
639,"Samsung Galaxy M13 5G (Aqua Green, 4GB, 64GB Storage) | 5000mAh Battery | Upto 8GB RAM with RAM Plus",Samsung,"Samsung Galaxy M13 5G (Aqua Green, 4GB, 64GB Storage) | 5000mAh Battery | Upto 8GB RAM with RAM Plus Samsung",/static/images/2109.jpg,238,4
1933,"OREI Worldwide Universal Travel Adapter with Dual USB Ports (2.1A Smart Plug Charging) - All-in-One, 100V-250V Plug - Inte...",OREI,"OREI Worldwide Universal Travel Adapter with Dual USB Ports (2.1A Smart Plug Charging) - All-in-One, 100V-250V Plug - Inte... OREI",/static/images/4475.jpg,1197,3
1069,Crucial RAM 8GB DDR4 2666 MHz CL19 Laptop Memory CT8G4SFRA266,Crucial,Crucial RAM 8GB DDR4 2666 MHz CL19 Laptop Memory CT8G4SFRA266 Crucial,/static/images/2882.jpg,2627,5
605,"Amazon Basics Flexible Premium HDMI Cable (Black, 4K@60Hz, 18Gbps), 3-Foot",Amazon,"Amazon Basics Flexible Premium HDMI Cable (Black, 4K@60Hz, 18Gbps), 3-Foot Amazon",/static/images/2046.jpg,766,3
1694,OFIXO 400 Sheets (5 Mix Colors * 80 Sheets Each Color) Fluorescent Paper Self Adhesive Memo Pad Sticky Notes Bookmark Poin...,OFIXO,OFIXO 400 Sheets (5 Mix Colors * 80 Sheets Each Color) Fluorescent Paper Self Adhesive Memo Pad Sticky Notes Bookmark Poin... OFIXO,/static/images/4070.jpg,1057,5
567,realme narzo 50i Prime (Mint Green 4GB RAM+64GB Storage) Octa-core Processor |5000 mAh Battery,realme,realme narzo 50i Prime (Mint Green 4GB RAM+64GB Storage) Octa-core Processor |5000 mAh Battery realme,/static/images/1983.jpg,2873,5
1626,POPIO Screen Guard for Samsung Galaxy S22 Ultra 5G / Samsung Galaxy S23 Ultra 5G (Transparent) Edge to Edge Full Screen Co...,POPIO,POPIO Screen Guard for Samsung Galaxy S22 Ultra 5G / Samsung Galaxy S23 Ultra 5G (Transparent) Edge to Edge Full Screen Co... POPIO,/static/images/4001.jpg,2892,2
1348,URBN 10000 mAh 15W Li-Polymer Premium Black Edition Wireless Power Bank | 22.5W Fast Charging | Type C Power Delivery (1 I...,URBN,URBN 10000 mAh 15W Li-Polymer Premium Black Edition Wireless Power Bank | 22.5W Fast Charging | Type C Power Delivery (1 I... URBN,/static/images/3522.jpg,2277,4
743,"Nokia 105 Single SIM, Keypad Mobile Phone with Wireless FM Radio | Blue",Nokia,"Nokia 105 Single SIM, Keypad Mobile Phone with Wireless FM Radio | Blue Nokia",/static/images/2282.jpg,3831,3
372,"realme narzo 50 5G (Hyper Blue, 4GB RAM+64GB Storage) Dimensity 810 5G Processor | 48MP Ultra HD Camera",realme,"realme narzo 50 5G (Hyper Blue, 4GB RAM+64GB Storage) Dimensity 810 5G Processor | 48MP Ultra HD Camera realme",/static/images/1675.jpg,1188,5
387,"Noise Pulse 2 Max Advanced Bluetooth Calling Smart Watch with 1.85'' TFT and 550 Nits Brightness, Smart DND, 10 Days Batte...",Noise,"Noise Pulse 2 Max Advanced Bluetooth Calling Smart Watch with 1.85'' TFT and 550 Nits Brightness, Smart DND, 10 Days Batte... Noise",/static/images/1690.jpg,132,4
2063,HP Victus Gaming Latest AMD Ryzen 5 5600H Processor 16.1 inch(40.9 cm) FHD Gaming Laptop (8GB RAM/512GB SSD/4GB Radeon RX5...,HP,HP Victus Gaming Latest AMD Ryzen 5 5600H Processor 16.1 inch(40.9 cm) FHD Gaming Laptop (8GB RAM/512GB SSD/4GB Radeon RX5... HP,/static/images/4812.jpg,1756,1
500,"Beetel B11 Corded Landline Phone, Ringer Volume Control, LED for Ring Indication, Wall/Desk Mountable, Classic Design, Cle...",Beetel,"Beetel B11 Corded Landline Phone, Ringer Volume Control, LED for Ring Indication, Wall/Desk Mountable, Classic Design, Cle... Beetel",/static/images/1846.jpg,2941,5
1112,iTronix Replacement USB Charging Cable for Noise ColorFit Pro 4 / Pro 4 Max / Pro 3 / ColorFit Pulse / Pulse Grand / Pulse...,iTronix,iTronix Replacement USB Charging Cable for Noise ColorFit Pro 4 / Pro 4 Max / Pro 3 / ColorFit Pulse / Pulse Grand / Pulse... iTronix,/static/images/2983.jpg,330,2
998,"boAt Type C A750 Stress Resistant, Tangle-free, Sturdy Flat Cable with 6.5A Fast Charging & 480Mbps Data Transmission, 100...",boAt,"boAt Type C A750 Stress Resistant, Tangle-free, Sturdy Flat Cable with 6.5A Fast Charging & 480Mbps Data Transmission, 100... boAt",/static/images/2709.jpg,981,1
1253,"Wecool Nylon Braided Multifunction Fast Charging Cable For Android Smartphone, Ios And Type C Usb Devices, 3 In 1 Charging...",Wecool,"Wecool Nylon Braided Multifunction Fast Charging Cable For Android Smartphone, Ios And Type C Usb Devices, 3 In 1 Charging... Wecool",/static/images/3375.jpg,4359,2
722,"ID-116 Smartwatch for Men's Womens Boys Girls, Bluetooth Smart Fitness Band Watch with Heart Rate Activity Tracker Step & ...",ID-116,"ID-116 Smartwatch for Men's Womens Boys Girls, Bluetooth Smart Fitness Band Watch with Heart Rate Activity Tracker Step & ... ID-116",/static/images/2260.jpg,1651,5
495,"ZEBRONICS Zeb-Sound Bomb 1 TWS Earbuds with BT5.0, Up to 12H Playback, Touch Controls, Voice Assistant, Splash Proof with ...",ZEBRONICS,"ZEBRONICS Zeb-Sound Bomb 1 TWS Earbuds with BT5.0, Up to 12H Playback, Touch Controls, Voice Assistant, Splash Proof with ... ZEBRONICS",/static/images/1841.jpg,1461,4
63,"Duracell Alkaline AAA Batteries, Pack of 10",Duracell,"Duracell Alkaline AAA Batteries, Pack of 10 Duracell",/static/images/1086.jpg,3255,1
1363,SAMSUNG GURU MUSIC2 (SM315) (SM-315) (Gold),SAMSUNG,SAMSUNG GURU MUSIC2 (SM315) (SM-315) (Gold) SAMSUNG,/static/images/3568.jpg,1583,3
959,"Samsung 24-inch (60.46cm) 1920 X 1080 Pixels FHD Monitor, IPS, 75 Hz, Bezel Less Design, AMD FreeSync, Flicker Free, HDMI,...",Samsung,"Samsung 24-inch (60.46cm) 1920 X 1080 Pixels FHD Monitor, IPS, 75 Hz, Bezel Less Design, AMD FreeSync, Flicker Free, HDMI,... Samsung",/static/images/264.jpg,952,2
433,VW 80 cm (32 inches) Frameless Series HD Ready Android Smart LED TV VW32S (Black),VW,VW 80 cm (32 inches) Frameless Series HD Ready Android Smart LED TV VW32S (Black) VW,/static/images/1777.jpg,1836,2
87,"OnePlus 11 5G (Titan Black, 16GB RAM, 256GB Storage)",OnePlus,"OnePlus 11 5G (Titan Black, 16GB RAM, 256GB Storage) OnePlus",/static/images/111.jpg,1266,4
1612,TheGiftKart Ultra-Hybrid Clear Back Case Cover for iPhone 14 Plus | Shockproof Design | Camera Protection Bump | Hard Back...,TheGiftKart,TheGiftKart Ultra-Hybrid Clear Back Case Cover for iPhone 14 Plus | Shockproof Design | Camera Protection Bump | Hard Back... TheGiftKart,/static/images/3990.jpg,1245,4
1746,Canon Compatible for Canon Pixma Ink Bottle (Cyan),Canon,Canon Compatible for Canon Pixma Ink Bottle (Cyan) Canon,/static/images/4126.jpg,3044,2
1862,USM ID116 Smart Watch Smart Bracelet Fitness Tracker Color Screen Smartwatch Heart Rate Blood Pressure Pedometer Sleep Mon...,USM,USM ID116 Smart Watch Smart Bracelet Fitness Tracker Color Screen Smartwatch Heart Rate Blood Pressure Pedometer Sleep Mon... USM,/static/images/435.jpg,3805,3
1763,One94Store Mini Portable USB Hand Fan Built-in Rechargeable Battery Operated Summer Cooling Table Fan with Standing Holder...,One94Store,One94Store Mini Portable USB Hand Fan Built-in Rechargeable Battery Operated Summer Cooling Table Fan with Standing Holder... One94Store,/static/images/4168.jpg,1054,4
1181,"Ceptics 200W Car Laptop Charger/Power Inverter with Digital Display and SmartVoltage™ Technology - 12V DC to 220V AC, 9.6A...",Ceptics,"Ceptics 200W Car Laptop Charger/Power Inverter with Digital Display and SmartVoltage™ Technology - 12V DC to 220V AC, 9.6A... Ceptics",/static/images/3163.jpg,3072,1
1072,Radhe Flutes | Right Handed C Natural With Velvet Cover | Tuned With Tanpura A=440Hz | PVC Fiber,Radhe,Radhe Flutes | Right Handed C Natural With Velvet Cover | Tuned With Tanpura A=440Hz | PVC Fiber Radhe,/static/images/2887.jpg,4274,4
894,"ZEBRONICS Zeb-Thunder Wireless Bluetooth Over The Ear Headphone FM, mSD, 9 hrs Playback with Mic (Brown)",ZEBRONICS,"ZEBRONICS Zeb-Thunder Wireless Bluetooth Over The Ear Headphone FM, mSD, 9 hrs Playback with Mic (Brown) ZEBRONICS",/static/images/2498.jpg,930,2
714,Faber-Castell Triangular Colour Pencils - Pack of 24 (Assorted),Faber-Castell,Faber-Castell Triangular Colour Pencils - Pack of 24 (Assorted) Faber-Castell,/static/images/2230.jpg,2359,1
1575,HP v222w 64GB USB 2.0 Pen Drive (Silver),HP,HP v222w 64GB USB 2.0 Pen Drive (Silver) HP,/static/images/392.jpg,4849,2
763,"LIRAMARK Webcam Cover Slide, Ultra Thin Laptop Camera Cover Slide Blocker for Computer MacBook Pro iMac PC Tablet (Pack of 3)",LIRAMARK,"LIRAMARK Webcam Cover Slide, Ultra Thin Laptop Camera Cover Slide Blocker for Computer MacBook Pro iMac PC Tablet (Pack of 3) LIRAMARK",/static/images/2300.jpg,4911,1
1772,"All-new Kindle (2022 release) – The lightest and most compact Kindle, now with a 6” 300 ppi high-resolution display, and 2...",All-new,"All-new Kindle (2022 release) – The lightest and most compact Kindle, now with a 6” 300 ppi high-resolution display, and 2... All-new",/static/images/4179.jpg,991,2
532,Half Moon 35 L Waterproof Laptop College School Office Bag Backpack for Men Women Boys Girls with 15.6 inch Padded Laptop ...,Half,Half Moon 35 L Waterproof Laptop College School Office Bag Backpack for Men Women Boys Girls with 15.6 inch Padded Laptop ... Half,/static/images/1902.jpg,2345,3
2201,Samsung EVO Plus 512GB microSDXC UHS-I U3 130MB/s Full HD & 4K UHD Memory Card with Adapter (MB-MC512KA),Samsung,Samsung EVO Plus 512GB microSDXC UHS-I U3 130MB/s Full HD & 4K UHD Memory Card with Adapter (MB-MC512KA) Samsung,/static/images/637.jpg,0,5
1686,"Noise Newly Launched Buds X Truly Wireless in-Ear Earbuds with ANC(Upto 25dB), 35H Playtime, Quad Mic with ENC, Instacharg...",Noise,"Noise Newly Launched Buds X Truly Wireless in-Ear Earbuds with ANC(Upto 25dB), 35H Playtime, Quad Mic with ENC, Instacharg... Noise",/static/images/406.jpg,4517,1
513,"Acer EK220Q 21.5 Inch (54.61 Cm) Full HD (1920x1080 Pixels) VA Panel LCD Monitor with LED Back Light I 250 Nits I HDMI, VG...",Acer,"Acer EK220Q 21.5 Inch (54.61 Cm) Full HD (1920x1080 Pixels) VA Panel LCD Monitor with LED Back Light I 250 Nits I HDMI, VG... Acer",/static/images/1881.jpg,1709,2
621,boAt Bassheads 242 in Ear Wired Earphones with Mic(Red),boAt,boAt Bassheads 242 in Ear Wired Earphones with Mic(Red) boAt,/static/images/2089.jpg,761,2
1968,"GOVO GOSURROUND 900 | 200W Soundbar, 2.1 Channel Home Theatre, 6.5” Wired Subwoofer, HDMI, AUX, Opt, USB & Bluetooth, 4 Eq...",GOVO,"GOVO GOSURROUND 900 | 200W Soundbar, 2.1 Channel Home Theatre, 6.5” Wired Subwoofer, HDMI, AUX, Opt, USB & Bluetooth, 4 Eq... GOVO",/static/images/4574.jpg,3670,5
459,"boAt Newly Launched Airdopes 458 TWS Earbuds with Spatial Bionic Sound by THX,in Ear Detection, ENx™Tech, 30H Playtime, Be...",boAt,"boAt Newly Launched Airdopes 458 TWS Earbuds with Spatial Bionic Sound by THX,in Ear Detection, ENx™Tech, 30H Playtime, Be... boAt",/static/images/1803.jpg,636,3
1786,"Fire-Boltt Visionary 1.78"" AMOLED Bluetooth Calling Smartwatch with 368 * 448 Pixel Resolution, Rotating Crown & 60Hz Refr...",Fire-Boltt,"Fire-Boltt Visionary 1.78"" AMOLED Bluetooth Calling Smartwatch with 368 * 448 Pixel Resolution, Rotating Crown & 60Hz Refr... Fire-Boltt",/static/images/4198.jpg,2367,4
1250,"Amazon Basics in-Ear Bluetooth 5.0 Neckband with Up to 30 Hours Playtime, with Mic, Magnetic Earbuds, Voice Assistant, Dua...",Amazon,"Amazon Basics in-Ear Bluetooth 5.0 Neckband with Up to 30 Hours Playtime, with Mic, Magnetic Earbuds, Voice Assistant, Dua... Amazon",/static/images/3372.jpg,1904,4
52,"WRISTIO 3 1.85"" HD, Bluetooth Calling Smart Watch, 50+ Sports Modes, Rotating Crown, 15 days battery life, Split-screen, W...",WRISTIO,"WRISTIO 3 1.85"" HD, Bluetooth Calling Smart Watch, 50+ Sports Modes, Rotating Crown, 15 days battery life, Split-screen, W... WRISTIO",/static/images/1074.jpg,428,4
707,"Portronics Clamp Y Adjustable Air Vent Mobile Holder for Car with 360° Rotational, One Click Release Button, Compatible wi...",Portronics,"Portronics Clamp Y Adjustable Air Vent Mobile Holder for Car with 360° Rotational, One Click Release Button, Compatible wi... Portronics",/static/images/2224.jpg,3794,3
640,"iQOO Z6 44W by vivo (Raven Black, 4GB RAM, 128GB Storage) | 6.44"" FHD+ AMOLED Display | 50% Charge in just 27 mins | in-Di...",iQOO,"iQOO Z6 44W by vivo (Raven Black, 4GB RAM, 128GB Storage) | 6.44"" FHD+ AMOLED Display | 50% Charge in just 27 mins | in-Di... iQOO",/static/images/211.jpg,3747,1
80,"Samsung Galaxy M33 5G (Deep Ocean Blue, 6GB, 128GB Storage) | 6000mAh Battery | Upto 12GB RAM with RAM Plus | Travel Adapt...",Samsung,"Samsung Galaxy M33 5G (Deep Ocean Blue, 6GB, 128GB Storage) | 6000mAh Battery | Upto 12GB RAM with RAM Plus | Travel Adapt... Samsung",/static/images/1103.jpg,1879,4
812,"Ambrane Unbreakable 60W / 3A Fast Charging 1.5m Braided Micro USB Cable for Smartphones, Tablets, Laptops & Other Micro US...",Ambrane,"Ambrane Unbreakable 60W / 3A Fast Charging 1.5m Braided Micro USB Cable for Smartphones, Tablets, Laptops & Other Micro US... Ambrane",/static/images/2368.jpg,943,2
972,"STRIFF Multi Angle Tablet/Mobile Stand. Holder for iPhone, Android, Samsung, OnePlus, Xiaomi. Portable,Foldable Stand.Perf...",STRIFF,"STRIFF Multi Angle Tablet/Mobile Stand. Holder for iPhone, Android, Samsung, OnePlus, Xiaomi. Portable,Foldable Stand.Perf... STRIFF",/static/images/2678.jpg,3404,4
542,"Samsung Galaxy M33 5G (Emerald Brown, 8GB, 128GB Storage) | 6000mAh Battery | 16GB RAM with RAM Plus | Travel Adapter to b...",Samsung,"Samsung Galaxy M33 5G (Emerald Brown, 8GB, 128GB Storage) | 6000mAh Battery | 16GB RAM with RAM Plus | Travel Adapter to b... Samsung",/static/images/1912.jpg,3996,4
1577,"Blaupunkt SBA10 10W Bluetooth Soundbar Speaker for TV with Bluetooth, AUX, USB, TWS Mini Soundbar for TV/PC/Projectors/Tab...",Blaupunkt,"Blaupunkt SBA10 10W Bluetooth Soundbar Speaker for TV with Bluetooth, AUX, USB, TWS Mini Soundbar for TV/PC/Projectors/Tab... Blaupunkt",/static/images/395.jpg,949,4
318,Fujifilm Instax Mini Single Pack 10 Sheets Instant Film for Fuji Instant Cameras,Fujifilm,Fujifilm Instax Mini Single Pack 10 Sheets Instant Film for Fuji Instant Cameras Fujifilm,/static/images/1597.jpg,4962,5
1083,"JGD PRODUCTS HDTV2AV, HDMI2AV Up Scaler 1080P HDMI to AV Composite Video Audio Converter Adapter Media Streaming Device",JGD,"JGD PRODUCTS HDTV2AV, HDMI2AV Up Scaler 1080P HDMI to AV Composite Video Audio Converter Adapter Media Streaming Device JGD",/static/images/2900.jpg,2239,2
1831,Bennett™ Mystic 15.6 inch (39.6cm) Laptop Briefcase Shoulder Sling Office Business Professional Travel Messenger Bag for M...,Bennett™,Bennett™ Mystic 15.6 inch (39.6cm) Laptop Briefcase Shoulder Sling Office Business Professional Travel Messenger Bag for M... Bennett™,/static/images/4289.jpg,1943,3
1492,"Redmi SonicBass Wireless In Ear Earphones with Mic Noise Cancellation, IPX4 Splash & Sweat Proof, Multi-Point Dual Pairin...",Redmi,"Redmi SonicBass Wireless In Ear Earphones with Mic Noise Cancellation, IPX4 Splash & Sweat Proof, Multi-Point Dual Pairin... Redmi",/static/images/3753.jpg,514,4
153,"Samsung Galaxy M13 (Aqua Green, 6GB, 128GB Storage) | 6000mAh Battery | Upto 12GB RAM with RAM Plus",Samsung,"Samsung Galaxy M13 (Aqua Green, 6GB, 128GB Storage) | 6000mAh Battery | Upto 12GB RAM with RAM Plus Samsung",/static/images/1276.jpg,4254,1
1368,Oytra 20 Piece Stamps for Kids Emoji and Motivation Reward Art Teachers Students Birthday Gift Craft Scrapbooking,Oytra,Oytra 20 Piece Stamps for Kids Emoji and Motivation Reward Art Teachers Students Birthday Gift Craft Scrapbooking Oytra,/static/images/3574.jpg,1595,1
1377,"boAt Airdopes 191G True Wireless In Ear Earbuds with ENx Tech Equipped Quad Mics, Beast Mode(Low Latency- 65ms) for Gamin...",boAt,"boAt Airdopes 191G True Wireless In Ear Earbuds with ENx Tech Equipped Quad Mics, Beast Mode(Low Latency- 65ms) for Gamin... boAt",/static/images/3584.jpg,698,2
493,"SYSKA PW-0301 Power Wheel - Extension Board, Grey and White, 1500 watt, 240V, 4m Wire",SYSKA,"SYSKA PW-0301 Power Wheel - Extension Board, Grey and White, 1500 watt, 240V, 4m Wire SYSKA",/static/images/184.jpg,4338,5
2271,"Fire-Boltt Ninja 3 1.83"" Display Smartwatch Full Touch with 100+ Sports Modes with IP68, Sp02 Tracking, Over 100 Cloud Bas...",Fire-Boltt,"Fire-Boltt Ninja 3 1.83"" Display Smartwatch Full Touch with 100+ Sports Modes with IP68, Sp02 Tracking, Over 100 Cloud Bas... Fire-Boltt",/static/images/804.jpg,2170,2
1219,"Sounce WARP/Dash Charging Cable, Type C Cable 3FT 5V 4A Fast Charge Data Cable for OnePlus 8/8T, OnePlus 7, OnePlus 6T/ 6,...",Sounce,"Sounce WARP/Dash Charging Cable, Type C Cable 3FT 5V 4A Fast Charge Data Cable for OnePlus 8/8T, OnePlus 7, OnePlus 6T/ 6,... Sounce",/static/images/3293.jpg,832,4
1983,"SeTrack GPS Tracker Device with Android and iOS Mobile App with Engine Lock and Anti Theft Alarm for Car, Bike, Truck and Bus",SeTrack,"SeTrack GPS Tracker Device with Android and iOS Mobile App with Engine Lock and Anti Theft Alarm for Car, Bike, Truck and Bus SeTrack",/static/images/4649.jpg,4039,4
1698,Canon Pixma E477 All-in-One Wireless Ink Efficient Colour Printer (White/Blue),Canon,Canon Pixma E477 All-in-One Wireless Ink Efficient Colour Printer (White/Blue) Canon,/static/images/4074.jpg,3374,1
1922,URBN 10000 mAh Lithium_ion Premium Black Edition Nano Power Bank | 20W Fast Charging | Smallest Power Bank | Type C PD (In...,URBN,URBN 10000 mAh Lithium_ion Premium Black Edition Nano Power Bank | 20W Fast Charging | Smallest Power Bank | Type C PD (In... URBN,/static/images/4456.jpg,1180,4
1956,PROLITE Background Support Kit (9ft x 9ft) for Backdrop Photography & Videography with Carry Bag (Portable & Foldable),PROLITE,PROLITE Background Support Kit (9ft x 9ft) for Backdrop Photography & Videography with Carry Bag (Portable & Foldable) PROLITE,/static/images/453.jpg,4347,3
1541,"boAt Rockerz 245 pro Bluetooth in Ear Neckband with Beast Mode(Super Low Latency) for Gaming, ENx Tech for Clear Calls, AS...",boAt,"boAt Rockerz 245 pro Bluetooth in Ear Neckband with Beast Mode(Super Low Latency) for Gaming, ENx Tech for Clear Calls, AS... boAt",/static/images/3875.jpg,677,5
428,"boAt Rockerz 550 Bluetooth Wireless Over Ear Headphones with Upto 20 Hours Playback, 50MM Drivers, Soft Padded Ear Cushion...",boAt,"boAt Rockerz 550 Bluetooth Wireless Over Ear Headphones with Upto 20 Hours Playback, 50MM Drivers, Soft Padded Ear Cushion... boAt",/static/images/1772.jpg,4694,4
2259,"Portronics Key2-A Combo of Multimedia Wireless Keyboard & Mouse, Compact Light-Weight for PCs, Laptops and Smart TV, Black",Portronics,"Portronics Key2-A Combo of Multimedia Wireless Keyboard & Mouse, Compact Light-Weight for PCs, Laptops and Smart TV, Black Portronics",/static/images/794.jpg,3818,3
947,Hisense 139 cm (55 inches) Bezelless Series 4K Ultra HD Smart LED Google TV 55A6H (Black),Hisense,Hisense 139 cm (55 inches) Bezelless Series 4K Ultra HD Smart LED Google TV 55A6H (Black) Hisense,/static/images/2584.jpg,261,2
1469,"Pilot Frixion Clicker Roller Pen (Blue), (9000019529)",Pilot,"Pilot Frixion Clicker Roller Pen (Blue), (9000019529) Pilot",/static/images/3703.jpg,4918,5
149,CP PLUS 2MP Full HD Smart Wi-f CCTV Home Security Camera |360° with Pan Tilt | View & Talk | Motion Alert | Night Vision |...,CP,CP PLUS 2MP Full HD Smart Wi-f CCTV Home Security Camera |360° with Pan Tilt | View & Talk | Motion Alert | Night Vision |... CP,/static/images/1272.jpg,2951,2
2343,Samsung 138 cm (55 inches) Crystal 4K Series Ultra HD Smart LED TV UA55AUE60AKLXL (Black),Samsung,Samsung 138 cm (55 inches) Crystal 4K Series Ultra HD Smart LED TV UA55AUE60AKLXL (Black) Samsung,/static/images/93.jpg,3260,4
1687,"Boult Audio ZCharge Wireless in Ear Bluetooth Neckband with ENC Mic, 40H Playtime, Type-C Fast Charging (10Mins=15Hrs Play...",Boult,"Boult Audio ZCharge Wireless in Ear Bluetooth Neckband with ENC Mic, 40H Playtime, Type-C Fast Charging (10Mins=15Hrs Play... Boult",/static/images/4060.jpg,4457,3
93,"realme TechLife Buds T100 Bluetooth Truly Wireless in Ear Earbuds with mic, AI ENC for Calls, Google Fast Pair, 28 Hours T...",realme,"realme TechLife Buds T100 Bluetooth Truly Wireless in Ear Earbuds with mic, AI ENC for Calls, Google Fast Pair, 28 Hours T... realme",/static/images/1117.jpg,189,5
429,"Mivi Rock and Roll E5 Wired In Ear Earphones with HD Sound and Extra Powerful Bass with Mic, Tangle Free & Extra Length Ca...",Mivi,"Mivi Rock and Roll E5 Wired In Ear Earphones with HD Sound and Extra Powerful Bass with Mic, Tangle Free & Extra Length Ca... Mivi",/static/images/1773.jpg,4411,1
1330,"Nokia 215 4G Dual SIM 4G Phone with Long Battery Life, Multiplayer Games, Wireless FM Radio and Durable Ergonomic Design |...",Nokia,"Nokia 215 4G Dual SIM 4G Phone with Long Battery Life, Multiplayer Games, Wireless FM Radio and Durable Ergonomic Design |... Nokia",/static/images/3498.jpg,1603,4
41,"TAGG Verve Sense Smartwatch with 1.70'' Large Display, Real SPO2, and Real-Time Heart Rate Tracking, 7 Days Battery Backu...",TAGG,"TAGG Verve Sense Smartwatch with 1.70'' Large Display, Real SPO2, and Real-Time Heart Rate Tracking, 7 Days Battery Backu... TAGG",/static/images/1061.jpg,2049,1
1584,"tizum Foldable Tablet/Mobile Phone Tabletop Stand Holder, Adjustable Angle, Anti-Slip Pads, Cradle, Dock Compatible for Ip...",tizum,"tizum Foldable Tablet/Mobile Phone Tabletop Stand Holder, Adjustable Angle, Anti-Slip Pads, Cradle, Dock Compatible for Ip... tizum",/static/images/3965.jpg,4829,1
1810,"Sakura 57454 Gelly Roll Classic Ass't (05/08/10) 3pk Pen, White",Sakura,"Sakura 57454 Gelly Roll Classic Ass't (05/08/10) 3pk Pen, White Sakura",/static/images/4230.jpg,881,3
2279,"ASUS Vivobook 16X (2022), 16.0-inch (40.64 cms) FHD+ 16:10, AMD Ryzen 5 5600H, Thin and Laptop (8GB/512GB SSD/Integrated G...",ASUS,"ASUS Vivobook 16X (2022), 16.0-inch (40.64 cms) FHD+ 16:10, AMD Ryzen 5 5600H, Thin and Laptop (8GB/512GB SSD/Integrated G... ASUS",/static/images/815.jpg,4790,2
1530,"Gaiatop Mini Portable Fan, Powerful Hand Fan Table Fan Personal Small Desk Fan with Base, Cute Design 3 Speed Dual Motors ...",Gaiatop,"Gaiatop Mini Portable Fan, Powerful Hand Fan Table Fan Personal Small Desk Fan with Base, Cute Design 3 Speed Dual Motors ... Gaiatop",/static/images/385.jpg,3079,2
2085,"Cosmic Byte CB-EP-04 Gaming Wired in Ear Earphone with Microphone Detachable for PC, PS4, Mobiles, Tablets (Black/Silver)",Cosmic,"Cosmic Byte CB-EP-04 Gaming Wired in Ear Earphone with Microphone Detachable for PC, PS4, Mobiles, Tablets (Black/Silver) Cosmic",/static/images/484.jpg,287,1
302,"USB Charger, Oraimo Elite Dual Port 5V/2.4A Wall Charger, USB Wall Charger Adapter for iPhone 11/Xs/XS Max/XR/X/8/7/6/Plu...",USB,"USB Charger, Oraimo Elite Dual Port 5V/2.4A Wall Charger, USB Wall Charger Adapter for iPhone 11/Xs/XS Max/XR/X/8/7/6/Plu... USB",/static/images/1553.jpg,115,5
759,boAt Bassheads 242 in Ear Wired Earphones with Mic(Neon Green),boAt,boAt Bassheads 242 in Ear Wired Earphones with Mic(Neon Green) boAt,/static/images/2298.jpg,3655,4
73,"GM 3060 E-Book 4 + 1 Power Strip 240 Volts with Master Switch, Indicator, Safety Shutter & 4 International sockets, Red & ...",GM,"GM 3060 E-Book 4 + 1 Power Strip 240 Volts with Master Switch, Indicator, Safety Shutter & 4 International sockets, Red & ... GM",/static/images/1098.jpg,4939,5
186,"SanDisk Ultra Flair 64GB USB 3.0 Pen Drive, Multicolor",SanDisk,"SanDisk Ultra Flair 64GB USB 3.0 Pen Drive, Multicolor SanDisk",/static/images/1313.jpg,162,2
1645,Faber-Castell Tack-It - 90 pieces (Light Green),Faber-Castell,Faber-Castell Tack-It - 90 pieces (Light Green) Faber-Castell,/static/images/4019.jpg,2483,4
1052,HP GT 53 XL Cartridge Ink,HP,HP GT 53 XL Cartridge Ink HP,/static/images/2859.jpg,2468,2
2017,Roarx Nothing Phone 1 Fast Charger Adapter 20W (Affordable) Original 45 watt Alternate (Max 20 watt) | 1.5% Charge in 1 Mi...,Roarx,Roarx Nothing Phone 1 Fast Charger Adapter 20W (Affordable) Original 45 watt Alternate (Max 20 watt) | 1.5% Charge in 1 Mi... Roarx,/static/images/4732.jpg,2366,3
119,Portronics MODESK POR-122 Universal Mobile Tabletop Holder (Black),Portronics,Portronics MODESK POR-122 Universal Mobile Tabletop Holder (Black) Portronics,/static/images/1149.jpg,1824,4
1439,"Tarkan Universal Bike Mount Silicone Mobile Holder, 360° Rotating Handlebar Stand for Bicycle, Motorcycle, Scooty Fits All...",Tarkan,"Tarkan Universal Bike Mount Silicone Mobile Holder, 360° Rotating Handlebar Stand for Bicycle, Motorcycle, Scooty Fits All... Tarkan",/static/images/3660.jpg,192,5
1436,"Ambrane 20000mAh Power Bank with 10.5W Fast Charging, Dual USB Output, Made in India, Multi-Layer Protection, Wide Compati...",Ambrane,"Ambrane 20000mAh Power Bank with 10.5W Fast Charging, Dual USB Output, Made in India, Multi-Layer Protection, Wide Compati... Ambrane",/static/images/3658.jpg,4992,1
1010,"AmazonBasics Bluetooth Speaker 5.0 Soundbar with 16W RMS, 2000mAh Battery, Upto 19 Hrs Playtime Aux/USB Port (Grey)",AmazonBasics,"AmazonBasics Bluetooth Speaker 5.0 Soundbar with 16W RMS, 2000mAh Battery, Upto 19 Hrs Playtime Aux/USB Port (Grey) AmazonBasics",/static/images/2726.jpg,2455,5
1953,Cat Care Compatible with Compatible iPhone Charger Case Cover | Cartoon Character Silicon Charger Case Cover for 18-20W 36...,Cat,Cat Care Compatible with Compatible iPhone Charger Case Cover | Cartoon Character Silicon Charger Case Cover for 18-20W 36... Cat,/static/images/4526.jpg,927,1
1482,"rts (2 pack) Type C USB 3.1 Female to USB Male Adapter USB Type C to USB A Charger Cable Adapter,Compatible for All Smartp...",rts,"rts (2 pack) Type C USB 3.1 Female to USB Male Adapter USB Type C to USB A Charger Cable Adapter,Compatible for All Smartp... rts",/static/images/372.jpg,530,5
963,boAt Bassheads 242 in Ear Wired Earphones with Mic(Spirit Lime),boAt,boAt Bassheads 242 in Ear Wired Earphones with Mic(Spirit Lime) boAt,/static/images/2665.jpg,3169,2
431,MemeHo® Smart Standard Multi-Purpose Laptop Table with Dock Stand/Study Table/Bed Table/Foldable and Portable/Ergonomic & ...,MemeHo®,MemeHo® Smart Standard Multi-Purpose Laptop Table with Dock Stand/Study Table/Bed Table/Foldable and Portable/Ergonomic & ... MemeHo®,/static/images/1775.jpg,1298,5
2166,"BlueRigger High Speed HDMI Cable with Ethernet - Supports 3D, 4K 60Hz and Audio Return - Latest Version (3 Feet / 0.9 Meter)",BlueRigger,"BlueRigger High Speed HDMI Cable with Ethernet - Supports 3D, 4K 60Hz and Audio Return - Latest Version (3 Feet / 0.9 Meter) BlueRigger",/static/images/55.jpg,2584,3
1065,"OneAssist 1 Year Extended Warranty for Smartwatch 3001 to 5000 - Email Delivery Within 2 Hours, No Physical Kit",OneAssist,"OneAssist 1 Year Extended Warranty for Smartwatch 3001 to 5000 - Email Delivery Within 2 Hours, No Physical Kit OneAssist",/static/images/2874.jpg,4668,2
2036,"JBL Tune 215BT, 16 Hrs Playtime with Quick Charge, in Ear Bluetooth Wireless Earphones with Mic, 12.5mm Premium Earbuds wi...",JBL,"JBL Tune 215BT, 16 Hrs Playtime with Quick Charge, in Ear Bluetooth Wireless Earphones with Mic, 12.5mm Premium Earbuds wi... JBL",/static/images/4763.jpg,1481,2
135,Portronics Konnect L POR-1081 Fast Charging 3A Type-C Cable 1.2Meter with Charge & Sync Function for All Type-C Devices (G...,Portronics,Portronics Konnect L POR-1081 Fast Charging 3A Type-C Cable 1.2Meter with Charge & Sync Function for All Type-C Devices (G... Portronics,/static/images/1187.jpg,1504,1
1695,"ZEBRONICS AC32FHD LED Curved 75Hz 80Cm (32"") (81.28 Cm) 1920x1080 Pixels FHD Resolution Monitor with HDMI + VGA Dual Inpu...",ZEBRONICS,"ZEBRONICS AC32FHD LED Curved 75Hz 80Cm (32"") (81.28 Cm) 1920x1080 Pixels FHD Resolution Monitor with HDMI + VGA Dual Inpu... ZEBRONICS",/static/images/4071.jpg,4045,2
504,Canon PG-745s (Small) Ink Cartridge (Black),Canon,Canon PG-745s (Small) Ink Cartridge (Black) Canon,/static/images/1872.jpg,4066,1
1830,"boAt Wave Electra with 1.81"" HD Display, Smart Calling with Ultra-Seamless BT Calling Chip,20 Built-in Watch Faces,100 + S...",boAt,"boAt Wave Electra with 1.81"" HD Display, Smart Calling with Ultra-Seamless BT Calling Chip,20 Built-in Watch Faces,100 + S... boAt",/static/images/4288.jpg,3673,1
559,boAt Airdopes 441 Bluetooth Truly Wireless in Ear Earbuds with Mic with Up to 35H Total Playback Iwp Technology Immersive ...,boAt,boAt Airdopes 441 Bluetooth Truly Wireless in Ear Earbuds with Mic with Up to 35H Total Playback Iwp Technology Immersive ... boAt,/static/images/1975.jpg,1545,1
779,Bennett Khadi + Polyester Drax Laptops Bag Sleeve Case Cover Pouch for 15.6 inches 39cm Laptop Apple/Dell/Lenovo/ASUS/Hp/S...,Bennett,Bennett Khadi + Polyester Drax Laptops Bag Sleeve Case Cover Pouch for 15.6 inches 39cm Laptop Apple/Dell/Lenovo/ASUS/Hp/S... Bennett,/static/images/2315.jpg,81,4
1146,EESOME M10 TWS Bluetooth 5.1 Earphone Charging Box Wireless Earbuds Stereo Sports Waterproof with Microphone Bluetooth Hea...,EESOME,EESOME M10 TWS Bluetooth 5.1 Earphone Charging Box Wireless Earbuds Stereo Sports Waterproof with Microphone Bluetooth Hea... EESOME,/static/images/3044.jpg,2170,3
1729,"Canon PIXMA G3000 Wi-Fi Mono/Colour, Print,Scan,Copy,High Volume Printing, User Replaceable Print Heads, Additional 2 Blac...",Canon,"Canon PIXMA G3000 Wi-Fi Mono/Colour, Print,Scan,Copy,High Volume Printing, User Replaceable Print Heads, Additional 2 Blac... Canon",/static/images/4108.jpg,2161,1
2099,"Motorola E22s (4GB, 64GB) (Eco Black)",Motorola,"Motorola E22s (4GB, 64GB) (Eco Black) Motorola",/static/images/488.jpg,1854,4
1846,"Amazon Basics Mini Display Port to HDMI Cable - 6 Feet (Full HD - 1080P), Gold",Amazon,"Amazon Basics Mini Display Port to HDMI Cable - 6 Feet (Full HD - 1080P), Gold Amazon",/static/images/4314.jpg,2574,4
1226,"TOUGH LEE 5 in 1 Cleaning Pen for Airpods Pro 1 2 3, Gadget Cleaner & Cleaning Kit Brush Set || Suitable for Earbuds, Mobi...",TOUGH,"TOUGH LEE 5 in 1 Cleaning Pen for Airpods Pro 1 2 3, Gadget Cleaner & Cleaning Kit Brush Set || Suitable for Earbuds, Mobi... TOUGH",/static/images/3302.jpg,3825,1
636,"Fire-Boltt India's No 1 Smartwatch Brand Talk 2 Bluetooth Calling Smartwatch with Dual Button, Hands On Voice Assistance, ...",Fire-Boltt,"Fire-Boltt India's No 1 Smartwatch Brand Talk 2 Bluetooth Calling Smartwatch with Dual Button, Hands On Voice Assistance, ... Fire-Boltt",/static/images/2105.jpg,1803,5
311,boAt Bassheads 220 Wired in Ear Earphones(Indi Lime),boAt,boAt Bassheads 220 Wired in Ear Earphones(Indi Lime) boAt,/static/images/1588.jpg,1454,4
818,"Mobilife Long Selfie Stick,Extra-long Selfie Stick with Large Reinforced Tripod Stand Upto 61 inch/156 cm,Super Long Mult...",Mobilife,"Mobilife Long Selfie Stick,Extra-long Selfie Stick with Large Reinforced Tripod Stand Upto 61 inch/156 cm,Super Long Mult... Mobilife",/static/images/2373.jpg,3678,5
1621,MYVN 6A 33W 55W 67W 120W Turbo and Hyper Superfast Cable Quick Charging Type C USB Cable For Mi 9 10 11 Pro 9Se CC9 Pro No...,MYVN,MYVN 6A 33W 55W 67W 120W Turbo and Hyper Superfast Cable Quick Charging Type C USB Cable For Mi 9 10 11 Pro 9Se CC9 Pro No... MYVN,/static/images/3999.jpg,1018,3
280,boAt Bassheads 100 Wired in Ear Earphones with Mic (Mint Green),boAt,boAt Bassheads 100 Wired in Ear Earphones with Mic (Mint Green) boAt,/static/images/1505.jpg,1994,4
1265,"Casio FX-82ES Plus 2nd Edition - Non-Programmable Scientific Calculator, 252 Functions, Black",Casio,"Casio FX-82ES Plus 2nd Edition - Non-Programmable Scientific Calculator, 252 Functions, Black Casio",/static/images/3389.jpg,3114,5
150,"SanDisk Ultra Dual Drive Go USB Type C Pendrive for Mobile (Black, 128 GB, 5Y - SDDDC3-128G-I35)",SanDisk,"SanDisk Ultra Dual Drive Go USB Type C Pendrive for Mobile (Black, 128 GB, 5Y - SDDDC3-128G-I35) SanDisk",/static/images/1273.jpg,928,2
971,"boAt Newly Launched Rockerz 255 Max in Ear Earphones with 60H Playtime, EQ Modes, Power Magnetic Earbuds, Beast™ Mode,ENx™...",boAt,"boAt Newly Launched Rockerz 255 Max in Ear Earphones with 60H Playtime, EQ Modes, Power Magnetic Earbuds, Beast™ Mode,ENx™... boAt",/static/images/2677.jpg,4995,1
1382,"Klenzmo Screen Cleaner and Lens Cleaner with Microfiber Cloth 250ml, Laptop Cleaner, Mobile Screen Cleaner, TV & Flat Scre...",Klenzmo,"Klenzmo Screen Cleaner and Lens Cleaner with Microfiber Cloth 250ml, Laptop Cleaner, Mobile Screen Cleaner, TV & Flat Scre... Klenzmo",/static/images/3589.jpg,634,1
908,ZEBRONICS Zeb-Bro Wired Earphone (White),ZEBRONICS,ZEBRONICS Zeb-Bro Wired Earphone (White) ZEBRONICS,/static/images/2518.jpg,4945,1
297,"iQOO Z6 5G by vivo (Chromatic Blue, 4GB RAM, 128GB Storage) | Snapdragon 695-6nm Processor | 120Hz FHD+ Display | 5000mAh ...",iQOO,"iQOO Z6 5G by vivo (Chromatic Blue, 4GB RAM, 128GB Storage) | Snapdragon 695-6nm Processor | 120Hz FHD+ Display | 5000mAh ... iQOO",/static/images/1547.jpg,1028,1
1849,TRONI Foldable Bed Study Table Portable Wood Multifunction Laptop-Table Lapdesk for Children Bed Foldabe Table Work Office...,TRONI,TRONI Foldable Bed Study Table Portable Wood Multifunction Laptop-Table Lapdesk for Children Bed Foldabe Table Work Office... TRONI,/static/images/4321.jpg,4261,5
550,Orpat OT-512GT Calculator (Black),Orpat,Orpat OT-512GT Calculator (Black) Orpat,/static/images/192.jpg,2401,4
2038,"Syncwire Type C to 3.5 mm Jack Audio Connector, Headphones Jack Converter Audio Adapter Compatible with OnePlus Nord CE/ 1...",Syncwire,"Syncwire Type C to 3.5 mm Jack Audio Connector, Headphones Jack Converter Audio Adapter Compatible with OnePlus Nord CE/ 1... Syncwire",/static/images/4765.jpg,1035,2
2227,"Amazon Brand - Solimo Height & Angle Adjustable Tabletop Desk Cellphone Holder for All Mobiles & Tablets, Universal Foldab...",Amazon,"Amazon Brand - Solimo Height & Angle Adjustable Tabletop Desk Cellphone Holder for All Mobiles & Tablets, Universal Foldab... Amazon",/static/images/691.jpg,3127,5
916,"boAt Rockerz 330 Pro in-Ear Bluetooth Neckband with 60HRS Playtime, ASAP Charge, ENx Tech, Signature Sound, BT v5.2, Dua...",boAt,"boAt Rockerz 330 Pro in-Ear Bluetooth Neckband with 60HRS Playtime, ASAP Charge, ENx Tech, Signature Sound, BT v5.2, Dua... boAt",/static/images/2529.jpg,1343,1
1356,POPIO Tempered Glass Compatible for iPhone 13 / iPhone 13 Pro/iPhone 14 (Transparent) Edge to Edge Full Screen Coverage wi...,POPIO,POPIO Tempered Glass Compatible for iPhone 13 / iPhone 13 Pro/iPhone 14 (Transparent) Edge to Edge Full Screen Coverage wi... POPIO,/static/images/3559.jpg,2956,3
39,"boAt Airdopes 141 Bluetooth Truly Wireless in Ear Earbuds with 42H Playtime, Beast Mode(Low Latency Upto 80ms) for Gaming,...",boAt,"boAt Airdopes 141 Bluetooth Truly Wireless in Ear Earbuds with 42H Playtime, Beast Mode(Low Latency Upto 80ms) for Gaming,... boAt",/static/images/106.jpg,1869,3
2176,"RPM Euro Games Finger Sleeves Pack of 3 Boxes/ 6 Pieces for Mobile Gaming with Super Conductive Fiber Fabric, Anti-Sweat a...",RPM,"RPM Euro Games Finger Sleeves Pack of 3 Boxes/ 6 Pieces for Mobile Gaming with Super Conductive Fiber Fabric, Anti-Sweat a... RPM",/static/images/602.jpg,3391,2
1294,"Zebronics ASC100 3.5mm AUX Male to Male cable with 1 meter length, stereo audio support, reinforced collars, for smartphon...",Zebronics,"Zebronics ASC100 3.5mm AUX Male to Male cable with 1 meter length, stereo audio support, reinforced collars, for smartphon... Zebronics",/static/images/3455.jpg,488,1
728,Amozo Designed for iPhone 14 Cover | Ultra Hybrid Drop and Camera Protection Back Cover Case for iPhone 14 (TPU + Polycarb...,Amozo,Amozo Designed for iPhone 14 Cover | Ultra Hybrid Drop and Camera Protection Back Cover Case for iPhone 14 (TPU + Polycarb... Amozo,/static/images/2268.jpg,4738,2
893,"Scotch 3M BOPP Packaging Brown Tape (Tan) | 48mm x 50 Meter | Pack of 2 | for Packaging, Decorating and DIY",Scotch,"Scotch 3M BOPP Packaging Brown Tape (Tan) | 48mm x 50 Meter | Pack of 2 | for Packaging, Decorating and DIY Scotch",/static/images/2497.jpg,4247,5
1313,Samsung Level U2 Original in Ear Wireless Stereo Headset with Mic (Blue),Samsung,Samsung Level U2 Original in Ear Wireless Stereo Headset with Mic (Blue) Samsung,/static/images/3479.jpg,4772,3
1997,Robustrion Smart Flexible Trifold Flip Stand Case Cover with Pencil Holder for Apple iPad 10.2 inch 9th Gen 2021 Cover 8th...,Robustrion,Robustrion Smart Flexible Trifold Flip Stand Case Cover with Pencil Holder for Apple iPad 10.2 inch 9th Gen 2021 Cover 8th... Robustrion,/static/images/4689.jpg,276,5
131,"Oppo A78 5G (Glowing Black, 8GB RAM, 128 Storage) | 5000 mAh Battery with 33W SUPERVOOC Charger| 50MP AI Camera | 90Hz Ref...",Oppo,"Oppo A78 5G (Glowing Black, 8GB RAM, 128 Storage) | 5000 mAh Battery with 33W SUPERVOOC Charger| 50MP AI Camera | 90Hz Ref... Oppo",/static/images/1182.jpg,4309,3
968,"Western Digital WD 2TB Elements Portable Hard Disk Drive, USB 3.0, Compatible with PC, PS4 and Xbox, External HDD (WDBHDW0...",Western,"Western Digital WD 2TB Elements Portable Hard Disk Drive, USB 3.0, Compatible with PC, PS4 and Xbox, External HDD (WDBHDW0... Western",/static/images/2673.jpg,4577,5
667,Onsitego 1 Year Extended Warranty for Small Household Appliances from Rs. 1001-1500 (Email Delivery - No Physical Kit),Onsitego,Onsitego 1 Year Extended Warranty for Small Household Appliances from Rs. 1001-1500 (Email Delivery - No Physical Kit) Onsitego,/static/images/2160.jpg,2830,1
577,"ZEBRONICS Zeb-Sound Bomb 1 TWS Earbuds with BT5.0, Up to 12H Playback, Touch Controls, Voice Assistant, Splash Proof with ...",ZEBRONICS,"ZEBRONICS Zeb-Sound Bomb 1 TWS Earbuds with BT5.0, Up to 12H Playback, Touch Controls, Voice Assistant, Splash Proof with ... ZEBRONICS",/static/images/1994.jpg,1044,5
89,"Mi 10000mAH Li-Polymer, Micro-USB and Type C Input Port, Power Bank 3i with 18W Fast Charging (Midnight Black)",Mi,"Mi 10000mAH Li-Polymer, Micro-USB and Type C Input Port, Power Bank 3i with 18W Fast Charging (Midnight Black) Mi",/static/images/1113.jpg,3326,2
1996,Dyazo 13.3 inch Laptop Bag Sleeve Sleeve Bag Cover for 13 inch Apple Mac Book Air Pro Retina 13 13.3 inch MacBook 13.3 inc...,Dyazo,Dyazo 13.3 inch Laptop Bag Sleeve Sleeve Bag Cover for 13 inch Apple Mac Book Air Pro Retina 13 13.3 inch MacBook 13.3 inc... Dyazo,/static/images/4688.jpg,1808,1
2241,"Magnetic Wireless Charger 3 in 1-15W Wireless Charging Station for Multiple Devices, Mag-Safe Charger Stand for iPhone 12 ...",Magnetic,"Magnetic Wireless Charger 3 in 1-15W Wireless Charging Station for Multiple Devices, Mag-Safe Charger Stand for iPhone 12 ... Magnetic",/static/images/706.jpg,1395,5
1322,"DR VAKU® 20W iPhone Charger Type C Adapter for iPhone 14/ 14 Plus/ 14 Pro/ 14 Pro Max, iPhone 13/13 Pro/13 Pro Max/13 Min...",DR,"DR VAKU® 20W iPhone Charger Type C Adapter for iPhone 14/ 14 Plus/ 14 Pro/ 14 Pro Max, iPhone 13/13 Pro/13 Pro Max/13 Min... DR",/static/images/3489.jpg,970,2
933,OnePlus Type-C to 3.5mm Auxiliary Adapter (White),OnePlus,OnePlus Type-C to 3.5mm Auxiliary Adapter (White) OnePlus,/static/images/2570.jpg,2125,1
1748,"Portronics Xlife Smart Wireless Ear Otoscope Cleaner with 6 LED Lights, FHD 1080 Camera, 3 Mega pixels Endoscope, Control ...",Portronics,"Portronics Xlife Smart Wireless Ear Otoscope Cleaner with 6 LED Lights, FHD 1080 Camera, 3 Mega pixels Endoscope, Control ... Portronics",/static/images/4152.jpg,2053,5
31,MI Power Bank 3i 20000mAh Lithium Polymer 18W Fast Power Delivery Charging | Input- Type C | Micro USB| Triple Output | Sa...,MI,MI Power Bank 3i 20000mAh Lithium Polymer 18W Fast Power Delivery Charging | Input- Type C | Micro USB| Triple Output | Sa... MI,/static/images/1052.jpg,1248,4
978,"Infinity (JBL Glide 120, in Ear Wireless Earphones with Mic, Deep Bass, Dual Equalizer, 12mm Drivers, Premium Metal Earbud...",Infinity,"Infinity (JBL Glide 120, in Ear Wireless Earphones with Mic, Deep Bass, Dual Equalizer, 12mm Drivers, Premium Metal Earbud... Infinity",/static/images/2684.jpg,2521,3
1838,"boAt Airdopes 413ANC True Wireless in Ear Earbuds with Active Noise Cancellation, 2 Mics ENx Tech, Signature Sound, Touch ...",boAt,"boAt Airdopes 413ANC True Wireless in Ear Earbuds with Active Noise Cancellation, 2 Mics ENx Tech, Signature Sound, Touch ... boAt",/static/images/43.jpg,583,5
1945,Adlynlife 22mm Smart Watch Straps/Smart Watch Band Compatible for Realme Watch S/Realme S Pro (Black),Adlynlife,Adlynlife 22mm Smart Watch Straps/Smart Watch Band Compatible for Realme Watch S/Realme S Pro (Black) Adlynlife,/static/images/4517.jpg,4174,3
1856,"Sounce Earphone Case Cover Compatible with OnePlus Nord Buds CE, Soft Silicone Skin Case Cover Shock-Absorbing Protective ...",Sounce,"Sounce Earphone Case Cover Compatible with OnePlus Nord Buds CE, Soft Silicone Skin Case Cover Shock-Absorbing Protective ... Sounce",/static/images/4335.jpg,4387,1
2051,Faber-Castell Fabric Colours - 10ml Each (Pack of 12),Faber-Castell,Faber-Castell Fabric Colours - 10ml Each (Pack of 12) Faber-Castell,/static/images/4801.jpg,2254,3
468,Samsung 108 cm (43 inches) Crystal 4K Series Ultra HD Smart LED TV UA43AUE60AKLXL (Black),Samsung,Samsung 108 cm (43 inches) Crystal 4K Series Ultra HD Smart LED TV UA43AUE60AKLXL (Black) Samsung,/static/images/1811.jpg,3728,3
1451,MYVN Compatible with OnePlus 11/11R/10/10pro/10r/8T/9/9pro/9r/nord 2 Fast Charging Cable 6.5A Warp Charge USB C to USB C C...,MYVN,MYVN Compatible with OnePlus 11/11R/10/10pro/10r/8T/9/9pro/9r/nord 2 Fast Charging Cable 6.5A Warp Charge USB C to USB C C... MYVN,/static/images/3675.jpg,4654,5
1070,Nokia 105 Single SIM (Pink),Nokia,Nokia 105 Single SIM (Pink) Nokia,/static/images/2884.jpg,1858,2
340,"OnePlus Buds Z2 Bluetooth Truly Wireless in Ear Earbuds with mic, Active Noise Cancellation, 10 Minutes Flash Charge & Upt...",OnePlus,"OnePlus Buds Z2 Bluetooth Truly Wireless in Ear Earbuds with mic, Active Noise Cancellation, 10 Minutes Flash Charge & Upt... OnePlus",/static/images/1619.jpg,3977,4
2172,"Xtore® Universal Mobile Phone Holder & Tablet Tabletop Holder with 360° Rotation (Black, Pack of 1)",Xtore®,"Xtore® Universal Mobile Phone Holder & Tablet Tabletop Holder with 360° Rotation (Black, Pack of 1) Xtore®",/static/images/59.jpg,3908,4
2140,Amazon Brand - Solimo Royal Enfield Classic 350 Water Resistant Bike Cover (Silver),Amazon,Amazon Brand - Solimo Royal Enfield Classic 350 Water Resistant Bike Cover (Silver) Amazon,/static/images/5.jpg,3302,2
1071,"boAt Rockerz 450 Bluetooth On Ear Headphones with Mic, Upto 15 Hours Playback, 40MM Drivers, Padded Ear Cushions, Integrat...",boAt,"boAt Rockerz 450 Bluetooth On Ear Headphones with Mic, Upto 15 Hours Playback, 40MM Drivers, Padded Ear Cushions, Integrat... boAt",/static/images/2886.jpg,1069,3
923,"JBL Tune 760NC, Wireless Over Ear Active Noise Cancellation Headphones with Mic, up to 50 Hours Playtime, Pure Bass, Dual ...",JBL,"JBL Tune 760NC, Wireless Over Ear Active Noise Cancellation Headphones with Mic, up to 50 Hours Playtime, Pure Bass, Dual ... JBL",/static/images/254.jpg,137,4
595,"Zebronics, ZEB-NC3300 USB Powered Laptop Cooling Pad with Dual Fan, Dual USB Port and Blue LED Lights","Zebronics,","Zebronics, ZEB-NC3300 USB Powered Laptop Cooling Pad with Dual Fan, Dual USB Port and Blue LED Lights Zebronics,",/static/images/2011.jpg,3630,4
1520,HP v150w 32GB USB 2.0 flash Drive (Blue),HP,HP v150w 32GB USB 2.0 flash Drive (Blue) HP,/static/images/3830.jpg,1933,5
2113,TheGiftKart Shockproof Crystal Clear Back Cover Case for OnePlus 11R 5G | 360 Degree Protection | Protective Design | Tran...,TheGiftKart,TheGiftKart Shockproof Crystal Clear Back Cover Case for OnePlus 11R 5G | 360 Degree Protection | Protective Design | Tran... TheGiftKart,/static/images/49.jpg,3075,3
2239,Wedding Backdrop Cloth for all Festivals/House hold functions/Haldi Function/Ceremonies Banana Leaf Design(Aaritaku) Desig...,Wedding,Wedding Backdrop Cloth for all Festivals/House hold functions/Haldi Function/Ceremonies Banana Leaf Design(Aaritaku) Desig... Wedding,/static/images/704.jpg,44,3
1278,"boAt Wave Style with 1.69"" Square HD Display, HR & SpO2 Monitoring, 7 Days Battery Life, Multiple Watch Faces, Crest App H...",boAt,"boAt Wave Style with 1.69"" Square HD Display, HR & SpO2 Monitoring, 7 Days Battery Life, Multiple Watch Faces, Crest App H... boAt",/static/images/3432.jpg,1962,5
305,HP 680 Tri-color Original Ink Advantage Cartridge,HP,HP 680 Tri-color Original Ink Advantage Cartridge HP,/static/images/1557.jpg,3250,4
2139,"Portronics Power PRO 10K 10000mAh Power Bank with Dual Output Emergency Mobile Charger (Black, Lithium_Polymer)",Portronics,"Portronics Power PRO 10K 10000mAh Power Bank with Dual Output Emergency Mobile Charger (Black, Lithium_Polymer) Portronics",/static/images/4999.jpg,4901,3
443,SanDisk SDCZ48-032G-UAM46 Ultra CZ48 32GB USB 3.0 Pen Drive (Black),SanDisk,SanDisk SDCZ48-032G-UAM46 Ultra CZ48 32GB USB 3.0 Pen Drive (Black) SanDisk,/static/images/1787.jpg,401,1
1613,"Casio MJ-120D 150 Steps Check and Correct Desktop Calculator with Tax Keys, Black",Casio,"Casio MJ-120D 150 Steps Check and Correct Desktop Calculator with Tax Keys, Black Casio",/static/images/3991.jpg,3151,2
996,ENVIE ECR-20 Charger for AA & AAA Rechargeable Batteries,ENVIE,ENVIE ECR-20 Charger for AA & AAA Rechargeable Batteries ENVIE,/static/images/2705.jpg,963,4
1018,"iQOO Neo 7 5G (Frost Blue, 12GB RAM, 256GB Storage) | Dimensity 8200, only 4nm Processor in The Segment | 50% Charge in 10...",iQOO,"iQOO Neo 7 5G (Frost Blue, 12GB RAM, 256GB Storage) | Dimensity 8200, only 4nm Processor in The Segment | 50% Charge in 10... iQOO",/static/images/2763.jpg,4679,1
859,"boAt Deuce USB 300 2 in 1 Type-C & Micro USB Stress Resistant, Tangle-Free, Sturdy Cable with 3A Fast Charging & 480mbps D...",boAt,"boAt Deuce USB 300 2 in 1 Type-C & Micro USB Stress Resistant, Tangle-Free, Sturdy Cable with 3A Fast Charging & 480mbps D... boAt",/static/images/2457.jpg,143,3
1355,"Boult Audio XCharge Wireless in Ear Bluetooth Earphones with ENC Mic, 28H Playtime, Type-C Fast Charging (15Min=15Hrs Play...",Boult,"Boult Audio XCharge Wireless in Ear Bluetooth Earphones with ENC Mic, 28H Playtime, Type-C Fast Charging (15Min=15Hrs Play... Boult",/static/images/3557.jpg,2184,2
678,"Lava Blaze 5G (Glass Blue, 4GB RAM, UFS 2.2 128GB Storage) | 5G Ready | 50MP AI Triple Camera | Upto 7GB Expandable RAM | ...",Lava,"Lava Blaze 5G (Glass Blue, 4GB RAM, UFS 2.2 128GB Storage) | 5G Ready | 50MP AI Triple Camera | Upto 7GB Expandable RAM | ... Lava",/static/images/2172.jpg,1581,2
2266,"boAt Airdopes 181 True Wireless in Ear Earbuds with Mic ENx Tech, Beast Mode(Low Latency Upto 60ms) for Gaming, ASAP Charg...",boAt,"boAt Airdopes 181 True Wireless in Ear Earbuds with Mic ENx Tech, Beast Mode(Low Latency Upto 60ms) for Gaming, ASAP Charg... boAt",/static/images/80.jpg,4491,3
1444,"Fire-Boltt Ninja 3 Smartwatch Full Touch 1.69 "" & 60 Sports Modes with IP68, Sp02 Tracking, Over 100 Cloud based watch fac...",Fire-Boltt,"Fire-Boltt Ninja 3 Smartwatch Full Touch 1.69 "" & 60 Sports Modes with IP68, Sp02 Tracking, Over 100 Cloud based watch fac... Fire-Boltt",/static/images/3668.jpg,2418,2
234,"Zebronics ZEB-COUNTY 3W Wireless Bluetooth Portable Speaker With Supporting Carry Handle, USB, SD Card, AUX, FM & Call Fun...",Zebronics,"Zebronics ZEB-COUNTY 3W Wireless Bluetooth Portable Speaker With Supporting Carry Handle, USB, SD Card, AUX, FM & Call Fun... Zebronics",/static/images/1433.jpg,4342,3
1012,"Fire-Boltt Ring 3 Smart Watch 1.8 Biggest Display with Advanced Bluetooth Calling Chip, Voice Assistance,118 Sports Modes,...",Fire-Boltt,"Fire-Boltt Ring 3 Smart Watch 1.8 Biggest Display with Advanced Bluetooth Calling Chip, Voice Assistance,118 Sports Modes,... Fire-Boltt",/static/images/2728.jpg,1073,2
2013,"Portronics Toad 27 Wireless Mouse, Silent Buttons, 2.4 GHz with USB Nano Dongle for PC/Mac/Laptop, Auto Power Saving Mode,...",Portronics,"Portronics Toad 27 Wireless Mouse, Silent Buttons, 2.4 GHz with USB Nano Dongle for PC/Mac/Laptop, Auto Power Saving Mode,... Portronics",/static/images/4728.jpg,3515,4
1110,"Fusion T500 Smartwatch with Heart Rate and Blood Pressure Monitor for Men & Women, Bluetooth Calling, Sleep Monitor, Oxyge...",Fusion,"Fusion T500 Smartwatch with Heart Rate and Blood Pressure Monitor for Men & Women, Bluetooth Calling, Sleep Monitor, Oxyge... Fusion",/static/images/2981.jpg,630,1
549,"Portronics Ruffpad 8.5M Multicolor LCD Writing Pad with Screen 21.5cm (8.5-inch) for Drawing, Playing, Handwriting Gifts f...",Portronics,"Portronics Ruffpad 8.5M Multicolor LCD Writing Pad with Screen 21.5cm (8.5-inch) for Drawing, Playing, Handwriting Gifts f... Portronics",/static/images/1919.jpg,49,3
176,"ZEBRONICS Zeb-Astra 20 Wireless BT v5.0 Portable Speaker with 10W RMS Output, TWS, 10H Backup Approx, Built in Rechargeabl...",ZEBRONICS,"ZEBRONICS Zeb-Astra 20 Wireless BT v5.0 Portable Speaker with 10W RMS Output, TWS, 10H Backup Approx, Built in Rechargeabl... ZEBRONICS",/static/images/1300.jpg,3397,3
125,"OPPO A74 5G (Fantastic Purple,6GB RAM,128GB Storage) with No Cost EMI/Additional Exchange Offers",OPPO,"OPPO A74 5G (Fantastic Purple,6GB RAM,128GB Storage) with No Cost EMI/Additional Exchange Offers OPPO",/static/images/1177.jpg,3354,3
931,DOMS Pencil Smart Kit,DOMS,DOMS Pencil Smart Kit DOMS,/static/images/2569.jpg,3278,1
1352,"Cable Management Box With Mobile Stand - Cord Organizer Hides Extention Board, Power Strips, Surge Protector, Cords, Wire,...",Cable,"Cable Management Box With Mobile Stand - Cord Organizer Hides Extention Board, Power Strips, Surge Protector, Cords, Wire,... Cable",/static/images/3527.jpg,852,2
457,Zebronics Wired Keyboard and Mouse Combo with 104 Keys and a USB Mouse with 1200 DPI - JUDWAA 750,Zebronics,Zebronics Wired Keyboard and Mouse Combo with 104 Keys and a USB Mouse with 1200 DPI - JUDWAA 750 Zebronics,/static/images/1801.jpg,3238,5
1878,BKN® Mini Premium Metal Folding Portable Laptop Stand Non-Slip Base Tabletop Risers for 10-17 Inch Laptop & Keyboard & Tab...,BKN®,BKN® Mini Premium Metal Folding Portable Laptop Stand Non-Slip Base Tabletop Risers for 10-17 Inch Laptop & Keyboard & Tab... BKN®,/static/images/4380.jpg,510,4
1909,"Oppo Enco Air 2 Bluetooth Truly Wireless in Ear Earbuds with Mic, Fast Charging & Up to 24Hrs Battery - Blue",Oppo,"Oppo Enco Air 2 Bluetooth Truly Wireless in Ear Earbuds with Mic, Fast Charging & Up to 24Hrs Battery - Blue Oppo",/static/images/4432.jpg,3243,2
1705,SanDisk Ultra Dual 32 GB USB 3.0 OTG Pen Drive (Black),SanDisk,SanDisk Ultra Dual 32 GB USB 3.0 OTG Pen Drive (Black) SanDisk,/static/images/4081.jpg,3223,3
2257,"DigiTek (DWM-002) Wireless Microphone & Receiver with 8-pin Connector for Noise Cancellation, Fast Charging, Suitable for ...",DigiTek,"DigiTek (DWM-002) Wireless Microphone & Receiver with 8-pin Connector for Noise Cancellation, Fast Charging, Suitable for ... DigiTek",/static/images/76.jpg,202,1
858,"AGARO USB to Type C OTG Cable, On The Go Adapter USB Type C Male to USB Female Compatible with Most Type C Devices",AGARO,"AGARO USB to Type C OTG Cable, On The Go Adapter USB Type C Male to USB Female Compatible with Most Type C Devices AGARO",/static/images/2456.jpg,78,5
861,"JBL C200SI, Premium in Ear Wired Earphones with Mic, Signature Sound, One Button Multi-Function Remote, Angled Earbuds for...",JBL,"JBL C200SI, Premium in Ear Wired Earphones with Mic, Signature Sound, One Button Multi-Function Remote, Angled Earbuds for... JBL",/static/images/2459.jpg,3065,3
2261,TheGiftKart Rugged Shockproof Carbon Fibre Slim Armour Back Cover Case for OnePlus 6T / 7 (Black),TheGiftKart,TheGiftKart Rugged Shockproof Carbon Fibre Slim Armour Back Cover Case for OnePlus 6T / 7 (Black) TheGiftKart,/static/images/796.jpg,4752,2
851,"Sounce Mouse Pad, Ergonomic Mouse Pad with Comfortable Gel Wrist Rest Support and Lycra Cloth, Non-Slip PU Base for Easy T...",Sounce,"Sounce Mouse Pad, Ergonomic Mouse Pad with Comfortable Gel Wrist Rest Support and Lycra Cloth, Non-Slip PU Base for Easy T... Sounce",/static/images/2448.jpg,1385,5
785,"SanDisk Ultra Dual Drive Go USB Type C Pendrive for Mobile, Navy Blue, 64GB, 5Y Warranty",SanDisk,"SanDisk Ultra Dual Drive Go USB Type C Pendrive for Mobile, Navy Blue, 64GB, 5Y Warranty SanDisk",/static/images/2320.jpg,1311,3
1206,"Wayona Usb Nylon Braided Data Sync And Charging Cable For Iphone, Ipad Tablet (Red, Black)",Wayona,"Wayona Usb Nylon Braided Data Sync And Charging Cable For Iphone, Ipad Tablet (Red, Black) Wayona",/static/images/3200.jpg,4672,3
1399,"Inefable® Pubg Anti-Slip Thumb Sleeve, Increase Your Gaming Score Slip-Proof Sweat-Proof Professional Touch Screen Thumbs ...",Inefable®,"Inefable® Pubg Anti-Slip Thumb Sleeve, Increase Your Gaming Score Slip-Proof Sweat-Proof Professional Touch Screen Thumbs ... Inefable®",/static/images/361.jpg,2809,4
510,"FACTOR NOTES Notebook: 90 GSM, B6, Ruled, 112 Pages Journal Diary (Little Things in Life)",FACTOR,"FACTOR NOTES Notebook: 90 GSM, B6, Ruled, 112 Pages Journal Diary (Little Things in Life) FACTOR",/static/images/1879.jpg,2719,3
1338,"Sounce 3 Pack 20mm Watch Straps Compatible for Amazfit GTS 2 Mini, Amazfit Bip/ Bip U/ Bip U Pro/ Bip Lite, Bip S, Amazfit...",Sounce,"Sounce 3 Pack 20mm Watch Straps Compatible for Amazfit GTS 2 Mini, Amazfit Bip/ Bip U/ Bip U Pro/ Bip Lite, Bip S, Amazfit... Sounce",/static/images/3508.jpg,1681,4
1569,"Zebronics ZEB-COUNTY 3W Wireless Bluetooth Portable Speaker With Supporting Carry Handle, USB, SD Card, AUX, FM & Call Fun...",Zebronics,"Zebronics ZEB-COUNTY 3W Wireless Bluetooth Portable Speaker With Supporting Carry Handle, USB, SD Card, AUX, FM & Call Fun... Zebronics",/static/images/3904.jpg,2217,3
262,"DIGITEK® (DTR 260 GT) Gorilla Tripod/Mini 33 CM (13 Inch) Tripod for Mobile Phone with Phone Mount & Remote, Flexible Gori...",DIGITEK®,"DIGITEK® (DTR 260 GT) Gorilla Tripod/Mini 33 CM (13 Inch) Tripod for Mobile Phone with Phone Mount & Remote, Flexible Gori... DIGITEK®",/static/images/1488.jpg,1865,5
1295,"Panasonic AAA eneloop Ni‐MH Rechargeable Batteries,low self discharge for multi use up to 800 mAh capacity,storage life ho...",Panasonic,"Panasonic AAA eneloop Ni‐MH Rechargeable Batteries,low self discharge for multi use up to 800 mAh capacity,storage life ho... Panasonic",/static/images/3457.jpg,101,5
2009,"ProElite Smart Deer Flip case Cover for Samsung Galaxy Tab A8 10.5 inch {SM-X200/ SM-X205/ SM-X207}, Wine Red",ProElite,"ProElite Smart Deer Flip case Cover for Samsung Galaxy Tab A8 10.5 inch {SM-X200/ SM-X205/ SM-X207}, Wine Red ProElite",/static/images/4700.jpg,3423,5
1696,ENVIE® (ECR20+AA2800 4PL) Charger for AA & AAA Rechargeable Batteries,ENVIE®,ENVIE® (ECR20+AA2800 4PL) Charger for AA & AAA Rechargeable Batteries ENVIE®,/static/images/4072.jpg,1302,4
1588,"Canon PIXMA E4570 All-in-One, Wireless, Mono/Colour, Print, Scan, Copy, Fax, Duplex Printing, 5.2 cm LCD",Canon,"Canon PIXMA E4570 All-in-One, Wireless, Mono/Colour, Print, Scan, Copy, Fax, Duplex Printing, 5.2 cm LCD Canon",/static/images/3969.jpg,239,1
2392,Bennett Khadi and Polyester Drax Laptop Bag Sleeve Case Cover Pouch for 15/15.6 inches Laptop Apple/Dell/Lenovo/ASUS/Hp/Sa...,Bennett,Bennett Khadi and Polyester Drax Laptop Bag Sleeve Case Cover Pouch for 15/15.6 inches Laptop Apple/Dell/Lenovo/ASUS/Hp/Sa... Bennett,/static/images/993.jpg,815,4
1648,Robustrion Anti-Scratch & Smudge Proof Tempered Glass Screen Protector Guard for iPad 10th Generation 10.9 inch,Robustrion,Robustrion Anti-Scratch & Smudge Proof Tempered Glass Screen Protector Guard for iPad 10th Generation 10.9 inch Robustrion,/static/images/4021.jpg,1736,1
1782,"EDYELL ENC C9 Wireless Earbuds Noise Cancellation with 4-Mic Clear Call,13mm Powerful Bass Drivers, 48+ Hours of Playtime,...",EDYELL,"EDYELL ENC C9 Wireless Earbuds Noise Cancellation with 4-Mic Clear Call,13mm Powerful Bass Drivers, 48+ Hours of Playtime,... EDYELL",/static/images/4192.jpg,2926,5
1427,"Mivi Duopods A25 Bluetooth Truly Wireless in Ear Earbuds with Mic with 40Hours Battery, 13Mm Bass Drivers & Made in India....",Mivi,"Mivi Duopods A25 Bluetooth Truly Wireless in Ear Earbuds with Mic with 40Hours Battery, 13Mm Bass Drivers & Made in India.... Mivi",/static/images/3646.jpg,105,5
1916,Paperkraft Expression 5 Subject| Hard  Cover Notebook | 18.2 cm x 24.3 cm | Single Line | 400 Pages,Paperkraft,Paperkraft Expression 5 Subject| Hard  Cover Notebook | 18.2 cm x 24.3 cm | Single Line | 400 Pages Paperkraft,/static/images/4446.jpg,650,4
92,"ZEBRONICS Zeb-Bro in Ear Wired Earphones with Mic, 3.5mm Audio Jack, 10mm Drivers, Phone/Tablet Compatible(Green)",ZEBRONICS,"ZEBRONICS Zeb-Bro in Ear Wired Earphones with Mic, 3.5mm Audio Jack, 10mm Drivers, Phone/Tablet Compatible(Green) ZEBRONICS",/static/images/1116.jpg,4081,2
1829,Redclip Ultimate Cable Protector | Spiral Triple Colour 1.5 Meter / 150 cm | Plastic Cord Wire Charger Winder for iPhone a...,Redclip,Redclip Ultimate Cable Protector | Spiral Triple Colour 1.5 Meter / 150 cm | Plastic Cord Wire Charger Winder for iPhone a... Redclip,/static/images/4287.jpg,568,4
390,"SanDisk Ultra® microSDXC™ UHS-I Card, 256GB, 150MB/s R, 10 Y Warranty, for Smartphones",SanDisk,"SanDisk Ultra® microSDXC™ UHS-I Card, 256GB, 150MB/s R, 10 Y Warranty, for Smartphones SanDisk",/static/images/1693.jpg,927,2
2118,"Portronics Toad 101 Wired Optical Mouse with 1200 DPI, Plug & Play, Hi-Optical Tracking, 1.25M Cable Length, 30 Million Cl...",Portronics,"Portronics Toad 101 Wired Optical Mouse with 1200 DPI, Plug & Play, Hi-Optical Tracking, 1.25M Cable Length, 30 Million Cl... Portronics",/static/images/4968.jpg,4107,3
1361,Onsitego 1 Year Extended Warranty for Small Appliances (Rs.5001-10000) (Email Delivery - No Physical Kit),Onsitego,Onsitego 1 Year Extended Warranty for Small Appliances (Rs.5001-10000) (Email Delivery - No Physical Kit) Onsitego,/static/images/3565.jpg,1062,4
1642,Pikkme Redmi 9A / 9i / 9A Sport Leather Flip Cover Wallet Case for Redmi 9A / 9i / 9A Sport (Blue),Pikkme,Pikkme Redmi 9A / 9i / 9A Sport Leather Flip Cover Wallet Case for Redmi 9A / 9i / 9A Sport (Blue) Pikkme,/static/images/4016.jpg,3921,3
1422,Sounce AirPods Pro Case Cover Portable Silicone Skin Cover with Keychain Carabiner (Supports Wireless Charging) Compatible...,Sounce,Sounce AirPods Pro Case Cover Portable Silicone Skin Cover with Keychain Carabiner (Supports Wireless Charging) Compatible... Sounce,/static/images/3639.jpg,3391,4
99,"ZEBRONICS Zeb-Bro in Ear Wired Earphones with Mic, 3.5mm Audio Jack, 10mm Drivers, Phone/Tablet Compatible(Blue)",ZEBRONICS,"ZEBRONICS Zeb-Bro in Ear Wired Earphones with Mic, 3.5mm Audio Jack, 10mm Drivers, Phone/Tablet Compatible(Blue) ZEBRONICS",/static/images/1128.jpg,2485,1
164,"Fire-Boltt Visionary 1.78"" AMOLED Bluetooth Calling Smartwatch with 368 * 448 Pixel Resolution, Rotating Crown & 60Hz Refr...",Fire-Boltt,"Fire-Boltt Visionary 1.78"" AMOLED Bluetooth Calling Smartwatch with 368 * 448 Pixel Resolution, Rotating Crown & 60Hz Refr... Fire-Boltt",/static/images/1289.jpg,1281,5
161,"boAt Rockerz 245v2 Bluetooth Wireless in Ear Earphones with Upto 8 Hours Playback, 12mm Drivers, IPX5, Magnetic Eartips, I...",boAt,"boAt Rockerz 245v2 Bluetooth Wireless in Ear Earphones with Upto 8 Hours Playback, 12mm Drivers, IPX5, Magnetic Eartips, I... boAt",/static/images/1286.jpg,2196,3
478,"boAt Rockerz 450 Pro Bluetooth Wireless On Ear Headphones with Mic with 70 Hours Battery, 40Mm Drivers, Bluetooth V5.0 Pad...",boAt,"boAt Rockerz 450 Pro Bluetooth Wireless On Ear Headphones with Mic with 70 Hours Battery, 40Mm Drivers, Bluetooth V5.0 Pad... boAt",/static/images/1821.jpg,2087,4
156,"Duracell Ultra Alkaline AA Batteries, pack of 8",Duracell,"Duracell Ultra Alkaline AA Batteries, pack of 8 Duracell",/static/images/1280.jpg,4936,5
1546,"boAt Airdopes 113 TWS Wireless in Ear Earbuds with ENx Tech, Beast Mode, ASAP Charge, 24H Playtime, Immersive Audio, IPX4,...",boAt,"boAt Airdopes 113 TWS Wireless in Ear Earbuds with ENx Tech, Beast Mode, ASAP Charge, 24H Playtime, Immersive Audio, IPX4,... boAt",/static/images/388.jpg,3167,2
461,"Boult Audio X1 Buds True Wireless in Ear Earbuds with 24H Playtime, Quad Mic ENC, Made in India, Type-C Fast Charging, Env...",Boult,"Boult Audio X1 Buds True Wireless in Ear Earbuds with 24H Playtime, Quad Mic ENC, Made in India, Type-C Fast Charging, Env... Boult",/static/images/1805.jpg,3248,3
187,"pTron Tangentbeat in-Ear Bluetooth 5.0 Wireless Headphones with Mic, Enhanced Bass, 10mm Drivers, Clear Calls, Snug-Fit, F...",pTron,"pTron Tangentbeat in-Ear Bluetooth 5.0 Wireless Headphones with Mic, Enhanced Bass, 10mm Drivers, Clear Calls, Snug-Fit, F... pTron",/static/images/1314.jpg,547,4
448,Maped Universal Scissors (Black),Maped,Maped Universal Scissors (Black) Maped,/static/images/1791.jpg,3450,4
1504,Zebronics Zeb-Calyx Wired in Ear Earphones with Mic (Black),Zebronics,Zebronics Zeb-Calyx Wired in Ear Earphones with Mic (Black) Zebronics,/static/images/3767.jpg,2329,5
2087,EMBOX 3 Pin Multi Plug Socket-Universal Travel Adapter with Individual Switch Safety Shutter LED Indicator-3 Way Plug Exte...,EMBOX,EMBOX 3 Pin Multi Plug Socket-Universal Travel Adapter with Individual Switch Safety Shutter LED Indicator-3 Way Plug Exte... EMBOX,/static/images/4841.jpg,917,5
1468,"AYL Waterproof D-20 Touch Screen Smart Watch Bluetooth Smartwatch with Blood Pressure Tracking, Heart Rate Sensor and Basi...",AYL,"AYL Waterproof D-20 Touch Screen Smart Watch Bluetooth Smartwatch with Blood Pressure Tracking, Heart Rate Sensor and Basi... AYL",/static/images/3702.jpg,88,1
1143,"URBN 20000 mAh Lithium_Polymer 22.5W Super Fast Charging Ultra Compact Power Bank with Quick Charge & Power Delivery, Type...",URBN,"URBN 20000 mAh Lithium_Polymer 22.5W Super Fast Charging Ultra Compact Power Bank with Quick Charge & Power Delivery, Type... URBN",/static/images/3039.jpg,2015,1
666,AmazonBasics Type C to Type C Braided 60W Fast Charging Data Cable (Black/Blackish Green - 1.2 Meter),AmazonBasics,AmazonBasics Type C to Type C Braided 60W Fast Charging Data Cable (Black/Blackish Green - 1.2 Meter) AmazonBasics,/static/images/216.jpg,835,1
786,"Classmate Soft Cover 6 Subject Spiral Binding Notebook, Unruled, 300 Pages",Classmate,"Classmate Soft Cover 6 Subject Spiral Binding Notebook, Unruled, 300 Pages Classmate",/static/images/2321.jpg,77,4
1970,"Yogi MART Foldable Wooden Laptop Bed Tray Table, Multifunction Lap Tablet Desk with Cup Holder, Perfect for Eating Breakfa...",Yogi,"Yogi MART Foldable Wooden Laptop Bed Tray Table, Multifunction Lap Tablet Desk with Cup Holder, Perfect for Eating Breakfa... Yogi",/static/images/4577.jpg,4068,3
977,TheGiftKart Ultra-Hybrid Clear Back Case Cover for iPhone 12/12 PRO | Shockproof Design | Camera Protection Bump | Hard Ba...,TheGiftKart,TheGiftKart Ultra-Hybrid Clear Back Case Cover for iPhone 12/12 PRO | Shockproof Design | Camera Protection Bump | Hard Ba... TheGiftKart,/static/images/2683.jpg,2171,4
298,Sounce Spiral Charger Cable Protector Data Cable Saver Charging Cord Protective Cable Cover Headphone MacBook Laptop Earph...,Sounce,Sounce Spiral Charger Cable Protector Data Cable Saver Charging Cord Protective Cable Cover Headphone MacBook Laptop Earph... Sounce,/static/images/1548.jpg,1598,5
1943,"ORAM Laptop Bed Tray Table, Laptop Desk for Bed,Foldable Lap Desk Stand Notebook Desk Adjustable Laptop Table for Bed Port...",ORAM,"ORAM Laptop Bed Tray Table, Laptop Desk for Bed,Foldable Lap Desk Stand Notebook Desk Adjustable Laptop Table for Bed Port... ORAM",/static/images/4514.jpg,2556,3
46,boAt Bassheads 220 Wired in Ear Earphones(Black Indi),boAt,boAt Bassheads 220 Wired in Ear Earphones(Black Indi) boAt,/static/images/1066.jpg,1696,3
886,"Nokia C12 Android 12 (Go Edition) Smartphone, All-Day Battery, 4GB RAM (2GB RAM + 2GB Virtual RAM) + 64GB Capacity | Light...",Nokia,"Nokia C12 Android 12 (Go Edition) Smartphone, All-Day Battery, 4GB RAM (2GB RAM + 2GB Virtual RAM) + 64GB Capacity | Light... Nokia",/static/images/2489.jpg,4630,4
1301,Parker Quink Flow Ballpoint Refill Fine Blue,Parker,Parker Quink Flow Ballpoint Refill Fine Blue Parker,/static/images/3464.jpg,3475,4
2394,Inventis 5V 1.2W Portable Flexible USB LED Light Lamp (Colors may vary),Inventis,Inventis 5V 1.2W Portable Flexible USB LED Light Lamp (Colors may vary) Inventis,/static/images/995.jpg,3743,5
1258,"Blaupunkt SBA20 16W Bluetooth Soundbar for TV with Bluetooth/SD Card/Aux, Mini Sound/Audio System for TV Speakers, Mobile,...",Blaupunkt,"Blaupunkt SBA20 16W Bluetooth Soundbar for TV with Bluetooth/SD Card/Aux, Mini Sound/Audio System for TV Speakers, Mobile,... Blaupunkt",/static/images/3381.jpg,2953,1
2282,Bennett Nylon Drax Laptop Bag Sleeve Case Cover Pouch for 14 inches Laptop Apple/Dell/Lenovo/ASUS/Hp/Samsung/Mi/MacBook/Ul...,Bennett,Bennett Nylon Drax Laptop Bag Sleeve Case Cover Pouch for 14 inches Laptop Apple/Dell/Lenovo/ASUS/Hp/Samsung/Mi/MacBook/Ul... Bennett,/static/images/818.jpg,3888,3
1459,"Boult Audio YCharge Wireless in Ear Bluetooth Earphones with 12H Playtime, Type-C Fast Charging (20Min=100% Playtime), Pr...",Boult,"Boult Audio YCharge Wireless in Ear Bluetooth Earphones with 12H Playtime, Type-C Fast Charging (20Min=100% Playtime), Pr... Boult",/static/images/3689.jpg,474,2
1138,TCL 100 cm (40 inches) Full HD Certified Android Smart LED TV 40S6505 (Black),TCL,TCL 100 cm (40 inches) Full HD Certified Android Smart LED TV 40S6505 (Black) TCL,/static/images/3032.jpg,3713,5
253,"Stewit Plug in LED Night Light Mini USB LED Light Flexible USB LED Ambient Light Mini USB LED Light, LED Portable car Bul...",Stewit,"Stewit Plug in LED Night Light Mini USB LED Light Flexible USB LED Ambient Light Mini USB LED Light, LED Portable car Bul... Stewit",/static/images/1479.jpg,547,3
1632,"Classmate Premium 6 Subject Spiral Notebook - 203mm x 267mm, Soft Cover, 300 Pages, Unruled",Classmate,"Classmate Premium 6 Subject Spiral Notebook - 203mm x 267mm, Soft Cover, 300 Pages, Unruled Classmate",/static/images/4007.jpg,3363,5
1094,Cello Colour Bombs Coloured Ink Gel Pens | Pack of 10 | 10 Vivid Ink Colours | Coloured Gel Pens | Gel Pen for Students| I...,Cello,Cello Colour Bombs Coloured Ink Gel Pens | Pack of 10 | 10 Vivid Ink Colours | Coloured Gel Pens | Gel Pen for Students| I... Cello,/static/images/2938.jpg,2784,3
1753,"DR VAKU® 20W iPhone Charger Type C Adapter for Phone 14/ 14 Plus/ 14 Pro/ 14 Pro Max, iPhone 13/13 Pro/13 Pro Max/13 Mini,...",DR,"DR VAKU® 20W iPhone Charger Type C Adapter for Phone 14/ 14 Plus/ 14 Pro/ 14 Pro Max, iPhone 13/13 Pro/13 Pro Max/13 Mini,... DR",/static/images/4158.jpg,896,3
1925,"AmazonBasics USB C to Lightning Aluminum with Nylon Braided MFi Certified Charging Cable (Grey, 1.8 meter)",AmazonBasics,"AmazonBasics USB C to Lightning Aluminum with Nylon Braided MFi Certified Charging Cable (Grey, 1.8 meter) AmazonBasics",/static/images/4464.jpg,2688,1
2029,SPYKART Rearview Mirror Phone Holder Rotatable and Retractable Car Phone Holder 360° Adjustable Phone Mount for All Car,SPYKART,SPYKART Rearview Mirror Phone Holder Rotatable and Retractable Car Phone Holder 360° Adjustable Phone Mount for All Car SPYKART,/static/images/4754.jpg,3855,2
522,Apple EarPods with 3.5mm Headphone Plug,Apple,Apple EarPods with 3.5mm Headphone Plug Apple,/static/images/1891.jpg,186,4
794,"Fire-Boltt Gladiator 1.96"" Biggest Display Smart Watch with Bluetooth Calling, Voice Assistant &123 Sports Modes, 8 Unique...",Fire-Boltt,"Fire-Boltt Gladiator 1.96"" Biggest Display Smart Watch with Bluetooth Calling, Voice Assistant &123 Sports Modes, 8 Unique... Fire-Boltt",/static/images/235.jpg,1937,3
365,Onsitego 1 Year Extended Warranty for Small Household Appliances from Rs. 3001-4000 (Email Delivery - No Physical Kit),Onsitego,Onsitego 1 Year Extended Warranty for Small Household Appliances from Rs. 3001-4000 (Email Delivery - No Physical Kit) Onsitego,/static/images/1668.jpg,3754,5
2194,"Samsung Galaxy S23 5G (Green, 8GB, 256GB Storage)",Samsung,"Samsung Galaxy S23 5G (Green, 8GB, 256GB Storage) Samsung",/static/images/628.jpg,958,5
1266,"URBN 10000 mAh Lithium_Polymer 22.5W Super Fast Charging Ultra Compact Power Bank with Quick Charge & Power Delivery, Type...",URBN,"URBN 10000 mAh Lithium_Polymer 22.5W Super Fast Charging Ultra Compact Power Bank with Quick Charge & Power Delivery, Type... URBN",/static/images/3390.jpg,278,1
2155,"JBL Endurance RunBT, Sports in Ear Wireless Bluetooth Earphones with Mic, Sweatproof, Flexsoft eartips, Magnetic Earbuds, ...",JBL,"JBL Endurance RunBT, Sports in Ear Wireless Bluetooth Earphones with Mic, Sweatproof, Flexsoft eartips, Magnetic Earbuds, ... JBL",/static/images/53.jpg,4257,2
1596,"Beetel B11 Corded Landline Phone, Ringer Volume Control, LED for Ring Indication, Wall/Desk Mountable, Classic Design, Cle...",Beetel,"Beetel B11 Corded Landline Phone, Ringer Volume Control, LED for Ring Indication, Wall/Desk Mountable, Classic Design, Cle... Beetel",/static/images/3976.jpg,4442,5
720,Reliance Smart - E-Gift Card - Flat 1% Off - Redeemable in Stores,Reliance,Reliance Smart - E-Gift Card - Flat 1% Off - Redeemable in Stores Reliance,/static/images/2259.jpg,472,5
787,Portronics Adapto III Dual USB Adapter with 1 AC Power Socket 3.4Amp Total Output (White),Portronics,Portronics Adapto III Dual USB Adapter with 1 AC Power Socket 3.4Amp Total Output (White) Portronics,/static/images/2322.jpg,2248,4
2389,"Lifealthy Universal Flat Screen Cleaning Kit Combo with Extra Large Micro Fibre Cloth | For Laptop and HDTV, 4K, LCD, LED,...",Lifealthy,"Lifealthy Universal Flat Screen Cleaning Kit Combo with Extra Large Micro Fibre Cloth | For Laptop and HDTV, 4K, LCD, LED,... Lifealthy",/static/images/989.jpg,691,5
1227,"3M Scotch BOPP Packaging Clear Tape (Transparent) | 48mm x 50 Meter | Pack of 2 | for Packaging, Decorating and DIY",3M,"3M Scotch BOPP Packaging Clear Tape (Transparent) | 48mm x 50 Meter | Pack of 2 | for Packaging, Decorating and DIY 3M",/static/images/3304.jpg,2958,3
2306,Redgear MP80 Speed-Type Gaming Mousepad (Black/Red),Redgear,Redgear MP80 Speed-Type Gaming Mousepad (Black/Red) Redgear,/static/images/846.jpg,3887,1
690,"Vero Forza Glide PRO (4 Piece) Thumb & Finger Sleeve for Mobile Game, Pubg,Cod,Freefire & Fortnite -Pack of 2 Pair- Black",Vero,"Vero Forza Glide PRO (4 Piece) Thumb & Finger Sleeve for Mobile Game, Pubg,Cod,Freefire & Fortnite -Pack of 2 Pair- Black Vero",/static/images/2208.jpg,3402,4
997,"URBN 10000 mAh lithium_polymer Power Bank with 22.5 Watt Super Fast Charging, Blue",URBN,"URBN 10000 mAh lithium_polymer Power Bank with 22.5 Watt Super Fast Charging, Blue URBN",/static/images/2708.jpg,197,3
2280,BRUSTRO Artists Fineart Graphite Pencil Set of 12 (10B-2H) with Elegant Tin Box,BRUSTRO,BRUSTRO Artists Fineart Graphite Pencil Set of 12 (10B-2H) with Elegant Tin Box BRUSTRO,/static/images/816.jpg,1885,2
729,"Sounce Universal Phone Mount for Car [Solid & Durable] Car Mobile Phone Holder Mount for Dashboard 360° Rotational, Strong...",Sounce,"Sounce Universal Phone Mount for Car [Solid & Durable] Car Mobile Phone Holder Mount for Dashboard 360° Rotational, Strong... Sounce",/static/images/2269.jpg,1208,1
849,"ZEBRONICS Zeb-Thunder Wireless Bluetooth Over The Ear Headphone FM, mSD, 9 hrs Playback with Mic (Red)",ZEBRONICS,"ZEBRONICS Zeb-Thunder Wireless Bluetooth Over The Ear Headphone FM, mSD, 9 hrs Playback with Mic (Red) ZEBRONICS",/static/images/242.jpg,4311,4
1391,"Fire-Boltt Ring 3 Smart Watch 1.8"" Biggest Display Advanced Bluetooth Calling Chip, Voice Assistance,118 Sports Modes, in ...",Fire-Boltt,"Fire-Boltt Ring 3 Smart Watch 1.8"" Biggest Display Advanced Bluetooth Calling Chip, Voice Assistance,118 Sports Modes, in ... Fire-Boltt",/static/images/3599.jpg,1735,4
2351,"Sony HT-S40R Real 5.1ch Dolby Audio Soundbar for TV with Subwoofer & Wireless Rear Speakers, 5.1ch Home Theatre System (60...",Sony,"Sony HT-S40R Real 5.1ch Dolby Audio Soundbar for TV with Subwoofer & Wireless Rear Speakers, 5.1ch Home Theatre System (60... Sony",/static/images/942.jpg,4408,4
279,"WeCool C1 Car Mobile Holder with One Click Technology,360° Rotational, Strong Suction Cup,Compatible with 4 to 6 Inch Devi...",WeCool,"WeCool C1 Car Mobile Holder with One Click Technology,360° Rotational, Strong Suction Cup,Compatible with 4 to 6 Inch Devi... WeCool",/static/images/1504.jpg,1988,1
1716,"Redmi K50i 5G (Stealth Black, 6GB RAM, 128GB Storage) | Flagship Mediatek Dimensity 8100 Processor | 144Hz Liquid FFS Disp...",Redmi,"Redmi K50i 5G (Stealth Black, 6GB RAM, 128GB Storage) | Flagship Mediatek Dimensity 8100 Processor | 144Hz Liquid FFS Disp... Redmi",/static/images/4092.jpg,411,1
1828,"Western Digital WD Green SN350 NVMe 240GB, Upto 2400MB/s, 3 Y Warranty, PCIe Gen 3 NVMe M.2 (2280), Internal Solid State D...",Western,"Western Digital WD Green SN350 NVMe 240GB, Upto 2400MB/s, 3 Y Warranty, PCIe Gen 3 NVMe M.2 (2280), Internal Solid State D... Western",/static/images/4285.jpg,1079,5
2197,"TAGG Verve Sense Smartwatch with 1.70'' Large Display, Real SPO2, and Real-Time Heart Rate Tracking, 7 Days Battery Backu...",TAGG,"TAGG Verve Sense Smartwatch with 1.70'' Large Display, Real SPO2, and Real-Time Heart Rate Tracking, 7 Days Battery Backu... TAGG",/static/images/630.jpg,4623,5
291,"Boult Audio Z25 True Wireless in Ear Earbuds with 32H Playtime, 45ms Low Latency, Type-C Fast Charging (10=150Mins), Made ...",Boult,"Boult Audio Z25 True Wireless in Ear Earbuds with 32H Playtime, 45ms Low Latency, Type-C Fast Charging (10=150Mins), Made ... Boult",/static/images/1541.jpg,3742,2
1857,AmazonBasics 8-Sheet Strip Cut Paper With CD and Credit Card Shredder With 12 Liter Waste Basket Capacity,AmazonBasics,AmazonBasics 8-Sheet Strip Cut Paper With CD and Credit Card Shredder With 12 Liter Waste Basket Capacity AmazonBasics,/static/images/4337.jpg,2953,2
2384,Pubg Anti-Slip Thumb Sleeve Pack Of 6 Pair Yellow Finger Sleeve (Pack of 12),Pubg,Pubg Anti-Slip Thumb Sleeve Pack Of 6 Pair Yellow Finger Sleeve (Pack of 12) Pubg,/static/images/984.jpg,2274,5
1446,"Ambrane Stringz 38 Wired Earphones with Mic, Powerful HD Sound with High Bass, Tangle Free Cable, Comfort in-Ear Fit, 3.5m...",Ambrane,"Ambrane Stringz 38 Wired Earphones with Mic, Powerful HD Sound with High Bass, Tangle Free Cable, Comfort in-Ear Fit, 3.5m... Ambrane",/static/images/3670.jpg,4921,4
114,Boya ByM1 Auxiliary Omnidirectional Lavalier Condenser Microphone with 20ft Audio Cable (Black),Boya,Boya ByM1 Auxiliary Omnidirectional Lavalier Condenser Microphone with 20ft Audio Cable (Black) Boya,/static/images/1144.jpg,548,2
1730,RAEGR Arc One 15W Type-C PD |Made in India |Qi-Certified Wireless Charger with Fireproof ABS for iPhone 14/13/12/11/X/8 Se...,RAEGR,RAEGR Arc One 15W Type-C PD |Made in India |Qi-Certified Wireless Charger with Fireproof ABS for iPhone 14/13/12/11/X/8 Se... RAEGR,/static/images/4109.jpg,3755,2
306,"boAt Stone 352 Bluetooth Speaker with 10W RMS Stereo Sound, IPX7 Water Resistance, TWS Feature, Up to 12H Total Playtime, ...",boAt,"boAt Stone 352 Bluetooth Speaker with 10W RMS Stereo Sound, IPX7 Water Resistance, TWS Feature, Up to 12H Total Playtime, ... boAt",/static/images/1558.jpg,2737,1
2345,"Gizga Essentials USB WiFi Adapter for PC, 150 Mbps Wireless Network Adapter for Desktop - Nano Size WiFi Dongle Compatible...",Gizga,"Gizga Essentials USB WiFi Adapter for PC, 150 Mbps Wireless Network Adapter for Desktop - Nano Size WiFi Dongle Compatible... Gizga",/static/images/937.jpg,4448,2
643,"Samsung Galaxy M53 5G (Mystique Green, 6GB, 128GB Storage) | 108MP | sAmoled+ 120Hz | 12GB RAM with RAM Plus | Travel Adap...",Samsung,"Samsung Galaxy M53 5G (Mystique Green, 6GB, 128GB Storage) | 108MP | sAmoled+ 120Hz | 12GB RAM with RAM Plus | Travel Adap... Samsung",/static/images/2112.jpg,2378,1
1667,"QUBO 16A Smart Plug from Hero Group | Energy Monitoring, Suitable for large appliances like ACs, Geysers & Water Pumps (Vo...",QUBO,"QUBO 16A Smart Plug from Hero Group | Energy Monitoring, Suitable for large appliances like ACs, Geysers & Water Pumps (Vo... QUBO",/static/images/4040.jpg,3020,2
797,"PHILIPS Audio TAE1136 Wired in Ear Earphones with Built in Mic, 10 mm Driver, Powerful bass and Clear Sound",PHILIPS,"PHILIPS Audio TAE1136 Wired in Ear Earphones with Built in Mic, 10 mm Driver, Powerful bass and Clear Sound PHILIPS",/static/images/2354.jpg,2960,1
674,"JBL Go 2, Wireless Portable Bluetooth Speaker with Mic, JBL Signature Sound, Vibrant Color Options with IPX7 Waterproof & ...",JBL,"JBL Go 2, Wireless Portable Bluetooth Speaker with Mic, JBL Signature Sound, Vibrant Color Options with IPX7 Waterproof & ... JBL",/static/images/2167.jpg,3857,1
2382,SEVAM Broadcast Mobile Phone Stand Multi-Angle Adjustable Desk Mount Holder 360 Rotate for Online Classes Live Streaming S...,SEVAM,SEVAM Broadcast Mobile Phone Stand Multi-Angle Adjustable Desk Mount Holder 360 Rotate for Online Classes Live Streaming S... SEVAM,/static/images/982.jpg,859,3
1948,Oraimo 22.5W USB C Wall Charger 2 Port Fast Charger with 18W USB-C Power Adapter Foldable Plug Compatible for iPhone 13/13...,Oraimo,Oraimo 22.5W USB C Wall Charger 2 Port Fast Charger with 18W USB-C Power Adapter Foldable Plug Compatible for iPhone 13/13... Oraimo,/static/images/4520.jpg,2838,1
1388,ORICO 2.5 inch External Hard Drive Enclosure USB 3.0 to SATA III for 7mm and 9.5mm SATA HDD SSD Tool Free [UASP Supported]...,ORICO,ORICO 2.5 inch External Hard Drive Enclosure USB 3.0 to SATA III for 7mm and 9.5mm SATA HDD SSD Tool Free [UASP Supported]... ORICO,/static/images/3596.jpg,1409,3
2258,"Wings Phantom Pro Earphones Gaming Earbuds with LED Battery Indicator, 50ms Low Latency, Bluetooth 5.3, 40 Hours Playtime,...",Wings,"Wings Phantom Pro Earphones Gaming Earbuds with LED Battery Indicator, 50ms Low Latency, Bluetooth 5.3, 40 Hours Playtime,... Wings",/static/images/792.jpg,806,5
1144,"boAt Rockerz 330 Pro in-Ear Bluetooth Neckband with 60HRS Playtime, ASAP Charge, ENx Tech, Signature Sound, BT v5.2, Dua...",boAt,"boAt Rockerz 330 Pro in-Ear Bluetooth Neckband with 60HRS Playtime, ASAP Charge, ENx Tech, Signature Sound, BT v5.2, Dua... boAt",/static/images/3042.jpg,128,3
121,"JBL C50HI, Wired in Ear Headphones with Mic, One Button Multi-Function Remote, Lightweight & Comfortable fit (Black)",JBL,"JBL C50HI, Wired in Ear Headphones with Mic, One Button Multi-Function Remote, Lightweight & Comfortable fit (Black) JBL",/static/images/1151.jpg,1239,2
1566,Classmate Octane Neon- 25 Blue Gel Pens | Smooth Writing Pens| Water-proof Ink For Smudge-free Writing| Preferred By Stude...,Classmate,Classmate Octane Neon- 25 Blue Gel Pens | Smooth Writing Pens| Water-proof Ink For Smudge-free Writing| Preferred By Stude... Classmate,/static/images/3900.jpg,4145,1
2080,OpenTech® Tempered Glass Screen Protector Compatible for iPhone 14 Pro with Edge to Edge Coverage and Easy Installation kit,OpenTech®,OpenTech® Tempered Glass Screen Protector Compatible for iPhone 14 Pro with Edge to Edge Coverage and Easy Installation kit OpenTech®,/static/images/4834.jpg,1808,1
867,"Boult Audio Probass Curve Bluetooth Wireless in Ear Earphones with Mic with Ipx5 Water Resistant, 12H Battery Life & Extra...",Boult,"Boult Audio Probass Curve Bluetooth Wireless in Ear Earphones with Mic with Ipx5 Water Resistant, 12H Battery Life & Extra... Boult",/static/images/2464.jpg,1827,1
1682,"Samsung Galaxy S23 Ultra 5G (Green, 12GB, 256GB Storage)",Samsung,"Samsung Galaxy S23 Ultra 5G (Green, 12GB, 256GB Storage) Samsung",/static/images/4056.jpg,228,4
1797,"JBL Cinema SB241, Dolby Digital Soundbar with Wired Subwoofer for Extra Deep Bass, 2.1 Channel Home Theatre with Remote, H...",JBL,"JBL Cinema SB241, Dolby Digital Soundbar with Wired Subwoofer for Extra Deep Bass, 2.1 Channel Home Theatre with Remote, H... JBL",/static/images/4210.jpg,484,3
1392,"BENNETT Drax Laptop Sleeve Case Cover for 39.62 cm (15.6-Inch) Laptop MacBook, Protective (Black)",BENNETT,"BENNETT Drax Laptop Sleeve Case Cover for 39.62 cm (15.6-Inch) Laptop MacBook, Protective (Black) BENNETT",/static/images/36.jpg,2225,4
2123,"ZEBRONICS Zeb- Haze 2.4GHz Wireless Mouse with up to 1200 DPI, Power Saving Mode, Nano Receiver and Plug & Play Usage - Blue",ZEBRONICS,"ZEBRONICS Zeb- Haze 2.4GHz Wireless Mouse with up to 1200 DPI, Power Saving Mode, Nano Receiver and Plug & Play Usage - Blue ZEBRONICS",/static/images/4975.jpg,907,2
1385,Sounce Gold Plated 3.5 mm Headphone Splitter for Computer 2 Male to 1 Female 3.5mm Headphone Mic Audio Y Splitter Cable Sm...,Sounce,Sounce Gold Plated 3.5 mm Headphone Splitter for Computer 2 Male to 1 Female 3.5mm Headphone Mic Audio Y Splitter Cable Sm... Sounce,/static/images/3593.jpg,312,3
825,"SanDisk Ultra Luxe USB 3.1 Flash Drive 64GB, Upto 150MB/s, All Metal, Metallic Silver",SanDisk,"SanDisk Ultra Luxe USB 3.1 Flash Drive 64GB, Upto 150MB/s, All Metal, Metallic Silver SanDisk",/static/images/238.jpg,3482,4
2381,"ZEBRONICS V260JP Joypad with vibration motors, dual analog sticks, USB interface, Digital / analog modes, 14 buttons, Comp...",ZEBRONICS,"ZEBRONICS V260JP Joypad with vibration motors, dual analog sticks, USB interface, Digital / analog modes, 14 buttons, Comp... ZEBRONICS",/static/images/98.jpg,2341,2
1601,"XP-Pen StarG640 Ultra-Thin Graphic Drawing Tablet (6"" x 4"", 8192 Levels of Pressure Sensitivity, Battery-Free Stylus, Black)",XP-Pen,"XP-Pen StarG640 Ultra-Thin Graphic Drawing Tablet (6"" x 4"", 8192 Levels of Pressure Sensitivity, Battery-Free Stylus, Black) XP-Pen",/static/images/3980.jpg,677,2
1585,"Panasonic eneloop pro Ni‐MH AA Rechargeable Battery, low self discharge for multi use up to 2550 mAh capacity, storage lif...",Panasonic,"Panasonic eneloop pro Ni‐MH AA Rechargeable Battery, low self discharge for multi use up to 2550 mAh capacity, storage lif... Panasonic",/static/images/3966.jpg,29,2
2068,"Duracell Specialty CR2016 Lithium Coin Battery 3V, Pack of 5 Suitable for use in keyfobs, Scales, wearables and Medical De...",Duracell,"Duracell Specialty CR2016 Lithium Coin Battery 3V, Pack of 5 Suitable for use in keyfobs, Scales, wearables and Medical De... Duracell",/static/images/4818.jpg,4673,3
1186,Camel Oil Pastel with Reusable Plastic Box - 50 Shades,Camel,Camel Oil Pastel with Reusable Plastic Box - 50 Shades Camel,/static/images/3170.jpg,352,1
527,"Tribit XSound Go 16W 5.0 Bluetooth Speaker with Loud Sound & Rich Bass, 24H Playtime, IPX7 Waterproof, Wireless Stereo Pai...",Tribit,"Tribit XSound Go 16W 5.0 Bluetooth Speaker with Loud Sound & Rich Bass, 24H Playtime, IPX7 Waterproof, Wireless Stereo Pai... Tribit",/static/images/1899.jpg,3120,4
288,"Juârez Acoustic Guitar, 38 Inch Cutaway, 038C with Bag, Strings, Pick and Strap, Black",Juârez,"Juârez Acoustic Guitar, 38 Inch Cutaway, 038C with Bag, Strings, Pick and Strap, Black Juârez",/static/images/1538.jpg,1001,4
1100,"Nokia G21 Android Smartphone, Dual SIM, 3-Day Battery Life, 6GB RAM + 128GB Storage, 50MP Triple AI Camera | Nordic Blue",Nokia,"Nokia G21 Android Smartphone, Dual SIM, 3-Day Battery Life, 6GB RAM + 128GB Storage, 50MP Triple AI Camera | Nordic Blue Nokia",/static/images/2945.jpg,3469,1
2016,SKY HUB V380 Pro HD 1080P Night Vision Wireless WiFi IP Camera with 2 Way Audio and Upto 64 GB SD Card Support 50% Off CCT...,SKY,SKY HUB V380 Pro HD 1080P Night Vision Wireless WiFi IP Camera with 2 Way Audio and Upto 64 GB SD Card Support 50% Off CCT... SKY,/static/images/4731.jpg,4747,1
1225,Bennett™ Mystic Unisex Adult Men's Laptop Bag 15.6 inch Side Shoulder Briefcase Satchel Messenger Business Bags for Men & ...,Bennett™,Bennett™ Mystic Unisex Adult Men's Laptop Bag 15.6 inch Side Shoulder Briefcase Satchel Messenger Business Bags for Men & ... Bennett™,/static/images/33.jpg,2053,4
731,"Portronics Bubble Multimedia Wireless Keyboard 2.4 GHz & Bluetooth 5.0 Connectivity, Noiseless Experience, Compact Size, S...",Portronics,"Portronics Bubble Multimedia Wireless Keyboard 2.4 GHz & Bluetooth 5.0 Connectivity, Noiseless Experience, Compact Size, S... Portronics",/static/images/2270.jpg,127,4
1853,realme Pad WiFi+4G Tablet | 6GB RAM 128GB ROM (Expandable) | 26.4cm (10.4 inch) WUXGA+ Display | 7100 mAh Battery | Dolby ...,realme,realme Pad WiFi+4G Tablet | 6GB RAM 128GB ROM (Expandable) | 26.4cm (10.4 inch) WUXGA+ Display | 7100 mAh Battery | Dolby ... realme,/static/images/4331.jpg,4731,1
708,"TABLE MAGIC Multipurpose Laptop Table Mat Finish Top Work at Home Study Table (TM Regular- Black, Alloy Steel)",TABLE,"TABLE MAGIC Multipurpose Laptop Table Mat Finish Top Work at Home Study Table (TM Regular- Black, Alloy Steel) TABLE",/static/images/2225.jpg,2116,1
1591,Casio MJ-120GST GST Calculator (Black),Casio,Casio MJ-120GST GST Calculator (Black) Casio,/static/images/3971.jpg,2650,3
2069,"VEGA Blooming Air Foldable 1000 Watts Hair Dryer With Heat & Cool Setting And Detachable Nozzle (VHDH-05), Color May Vary,...",VEGA,"VEGA Blooming Air Foldable 1000 Watts Hair Dryer With Heat & Cool Setting And Detachable Nozzle (VHDH-05), Color May Vary,... VEGA",/static/images/4819.jpg,4673,1
480,"boAt Flash Edition Smartwatch with Activity Tracker,Multiple Sports Modes,Full Touch 3.30 cm (1.3"") Screen,Gesture, Sleep ...",boAt,"boAt Flash Edition Smartwatch with Activity Tracker,Multiple Sports Modes,Full Touch 3.30 cm (1.3"") Screen,Gesture, Sleep ... boAt",/static/images/1823.jpg,2217,3
2363,TheGiftKart Back Cover Case for OnePlus Nord (2020) (Shockproof | Crystal Clear | Hybrid TPU & PC | Transparent Back | Bla...,TheGiftKart,TheGiftKart Back Cover Case for OnePlus Nord (2020) (Shockproof | Crystal Clear | Hybrid TPU & PC | Transparent Back | Bla... TheGiftKart,/static/images/956.jpg,4228,2
1419,Crucial RAM 16GB DDR4 3200 MHz CL22 Laptop Memory CT16G4SFRA32A,Crucial,Crucial RAM 16GB DDR4 3200 MHz CL22 Laptop Memory CT16G4SFRA32A Crucial,/static/images/3634.jpg,1001,4
921,"FACTOR NOTES Notebook: 90 GSM, B6, Ruled, 112 Pages Journal Diary (Cycle)",FACTOR,"FACTOR NOTES Notebook: 90 GSM, B6, Ruled, 112 Pages Journal Diary (Cycle) FACTOR",/static/images/2536.jpg,4854,5
610,OpenTech® Military-Grade Tempered Glass Screen Protector Compatible for iPhone 13/13 Pro / 14 with Edge to Edge Coverage a...,OpenTech®,OpenTech® Military-Grade Tempered Glass Screen Protector Compatible for iPhone 13/13 Pro / 14 with Edge to Edge Coverage a... OpenTech®,/static/images/2054.jpg,4138,4
2032,"Lenovo IdeaPad Slim 3 Intel Core i3-1115G4 11th Gen 15.6"" (39.62cm) FHD Laptop (8GB/256GB SSD/Win 11/Office 2021/2 Year Wa...",Lenovo,"Lenovo IdeaPad Slim 3 Intel Core i3-1115G4 11th Gen 15.6"" (39.62cm) FHD Laptop (8GB/256GB SSD/Win 11/Office 2021/2 Year Wa... Lenovo",/static/images/4758.jpg,2216,3
458,"realme Buds Wireless 2S in Ear Earphone with mic, Dual Device Switching & Type C Fast Charge & Up to 24Hrs Playtime, Bluet...",realme,"realme Buds Wireless 2S in Ear Earphone with mic, Dual Device Switching & Type C Fast Charge & Up to 24Hrs Playtime, Bluet... realme",/static/images/1802.jpg,3257,4
1438,"JEBISON Smart Multipurpose Foldable Laptop Table with Cup Holder, Study Table, Bed Table, Breakfast Table, Foldable and Po...",JEBISON,"JEBISON Smart Multipurpose Foldable Laptop Table with Cup Holder, Study Table, Bed Table, Breakfast Table, Foldable and Po... JEBISON",/static/images/366.jpg,2797,2
616,Boult Audio BassBuds X1 in-Ear Wired Earphones with 10mm Extra Bass Driver and HD Sound with mic(Red),Boult,Boult Audio BassBuds X1 in-Ear Wired Earphones with 10mm Extra Bass Driver and HD Sound with mic(Red) Boult,/static/images/2061.jpg,2370,2
928,RPM Euro Games Gaming Mousepad Speed Type Extended Large (Size - 800 mm x 300 mm x 3 mm),RPM,RPM Euro Games Gaming Mousepad Speed Type Extended Large (Size - 800 mm x 300 mm x 3 mm) RPM,/static/images/255.jpg,2926,2
753,"Verilux® USB C Hub Multiport Adapter- 6 in 1 Portable Aluminum Type C Hub with 4K HDMI Output, USB 2.0/3.0 Ports, SD/Micro...",Verilux®,"Verilux® USB C Hub Multiport Adapter- 6 in 1 Portable Aluminum Type C Hub with 4K HDMI Output, USB 2.0/3.0 Ports, SD/Micro... Verilux®",/static/images/2292.jpg,3661,2
1756,Zapcase Thermoplastic Polyurethane Back Case Cover for iPhone 11 | Compatible for iPhone 11 Back Case Cover | Scratch-Resi...,Zapcase,Zapcase Thermoplastic Polyurethane Back Case Cover for iPhone 11 | Compatible for iPhone 11 Back Case Cover | Scratch-Resi... Zapcase,/static/images/4161.jpg,3940,1
979,"Boult Audio Omega True Wireless in Ear Earbuds with 30dB ANC, 32H Playtime, 45ms Xtreme Low Latency Mode, Quad Mic ENC, 3 ...",Boult,"Boult Audio Omega True Wireless in Ear Earbuds with 30dB ANC, 32H Playtime, 45ms Xtreme Low Latency Mode, Quad Mic ENC, 3 ... Boult",/static/images/2685.jpg,1833,2
1728,"DJI OSMO Mobile 6 Smartphone Gimbal Stabilizer, 3-Axis Phone Gimbal, Built-In Extension Rod, Portable and Foldable, Androi...",DJI,"DJI OSMO Mobile 6 Smartphone Gimbal Stabilizer, 3-Axis Phone Gimbal, Built-In Extension Rod, Portable and Foldable, Androi... DJI",/static/images/4107.jpg,1869,1
254,"TP-Link USB Bluetooth Adapter for PC, 5.0 Bluetooth Dongle Receiver (UB500) Supports Windows 11/10/8.1/7 for Desktop, Lapt...",TP-Link,"TP-Link USB Bluetooth Adapter for PC, 5.0 Bluetooth Dongle Receiver (UB500) Supports Windows 11/10/8.1/7 for Desktop, Lapt... TP-Link",/static/images/1480.jpg,4932,5
706,Classmate Octane Gel 25s Jar- 20 Blue Gel Pens + 5 Black Gel Pens,Classmate,Classmate Octane Gel 25s Jar- 20 Blue Gel Pens + 5 Black Gel Pens Classmate,/static/images/2223.jpg,3837,4
1163,"PTron Solero T241 2.4A Type-C Data & Charging USB Cable, Made in India, 480Mbps Data Sync, Durable 1-Meter Long USB Cable ...",PTron,"PTron Solero T241 2.4A Type-C Data & Charging USB Cable, Made in India, 480Mbps Data Sync, Durable 1-Meter Long USB Cable ... PTron",/static/images/3112.jpg,817,3
2096,Cello Technotip Ball Pen Set | Pack of 10 | Blue Ball Pens | Lightweight Ball Pens for Pressure Free and Fine Writing | Pe...,Cello,Cello Technotip Ball Pen Set | Pack of 10 | Blue Ball Pens | Lightweight Ball Pens for Pressure Free and Fine Writing | Pe... Cello,/static/images/4875.jpg,3973,2
38,Samsung 25W USB Travel Adapter for Cellular Phones - White,Samsung,Samsung 25W USB Travel Adapter for Cellular Phones - White Samsung,/static/images/1059.jpg,4126,2
734,"Noise Fit Halo with Standard Strap, Bluetooth Calling Round Dial Smart Watch, 1.43"" AMOLED Display, Premium Metallic Buil...",Noise,"Noise Fit Halo with Standard Strap, Bluetooth Calling Round Dial Smart Watch, 1.43"" AMOLED Display, Premium Metallic Buil... Noise",/static/images/2273.jpg,3770,2
304,"Juarez JRZ250 One Handed Trigger Guitar Metal Capo Quick Change For Ukulele, Electric And Acoustic Guitars, Black",Juarez,"Juarez JRZ250 One Handed Trigger Guitar Metal Capo Quick Change For Ukulele, Electric And Acoustic Guitars, Black Juarez",/static/images/1556.jpg,2591,3
1766,"BlueRigger High Speed HDMI Cable with Ethernet - Supports 3D, 4K 60Hz, Audio Return - Latest Version (6.6 Feet / 2 Meters)",BlueRigger,"BlueRigger High Speed HDMI Cable with Ethernet - Supports 3D, 4K 60Hz, Audio Return - Latest Version (6.6 Feet / 2 Meters) BlueRigger",/static/images/4171.jpg,4881,5
1074,"Energizer E96BP AAAA Alkaline Battery (2 Pieces), Silver",Energizer,"Energizer E96BP AAAA Alkaline Battery (2 Pieces), Silver Energizer",/static/images/2889.jpg,4520,4
1384,"TP-Link UE300C USB Type-C to RJ45 Gigabit Ethernet Network Adapter/RJ45 LAN Wired Adapter for Ultrabook, Chromebook, Lapto...",TP-Link,"TP-Link UE300C USB Type-C to RJ45 Gigabit Ethernet Network Adapter/RJ45 LAN Wired Adapter for Ultrabook, Chromebook, Lapto... TP-Link",/static/images/3591.jpg,3236,3
1866,Spigen EZ Fit Optik Pro Tempered Glass Camera Lens Protector Guard for iPhone 14 Pro / 14 Pro Max (DeepPurple) - 2 Pack,Spigen,Spigen EZ Fit Optik Pro Tempered Glass Camera Lens Protector Guard for iPhone 14 Pro / 14 Pro Max (DeepPurple) - 2 Pack Spigen,/static/images/4356.jpg,989,4
1058,Crucial BX500 1TB 3D NAND SATA 6.35 cm (2.5-Inch) Internal SSD - CT1000BX500SSD1,Crucial,Crucial BX500 1TB 3D NAND SATA 6.35 cm (2.5-Inch) Internal SSD - CT1000BX500SSD1 Crucial,/static/images/2866.jpg,2562,5
1275,"Tukzer Capacitive Stylus Pen for Touch Screens Devices, Fine Point, Lightweight Metal Body with Magnetism Cover Cap for Sm...",Tukzer,"Tukzer Capacitive Stylus Pen for Touch Screens Devices, Fine Point, Lightweight Metal Body with Magnetism Cover Cap for Sm... Tukzer",/static/images/3405.jpg,2983,3
62,"boAt Xtend Smartwatch with Alexa Built-in, 1.69” HD Display, Multiple Watch Faces, Stress Monitor, Heart & SpO2 Monitorin...",boAt,"boAt Xtend Smartwatch with Alexa Built-in, 1.69” HD Display, Multiple Watch Faces, Stress Monitor, Heart & SpO2 Monitorin... boAt",/static/images/1085.jpg,3359,1
596,boAt Bassheads 220 Wired in Ear Earphones with Mic(Raging Red),boAt,boAt Bassheads 220 Wired in Ear Earphones with Mic(Raging Red) boAt,/static/images/2013.jpg,112,5
2043,"Fire-Boltt Astro 1.78"" AMOLED Display Smartwatch, Always On Display, Bluetooth Calling with AI Voice, 110+ Sports Modes, R...",Fire-Boltt,"Fire-Boltt Astro 1.78"" AMOLED Display Smartwatch, Always On Display, Bluetooth Calling with AI Voice, 110+ Sports Modes, R... Fire-Boltt",/static/images/4770.jpg,4585,4
2357,SKADIOO multiplug | three pin plug socket | 3-in-1 Universal Travel Adapter Multi-Plug with Individual Switch Socket with ...,SKADIOO,SKADIOO multiplug | three pin plug socket | 3-in-1 Universal Travel Adapter Multi-Plug with Individual Switch Socket with ... SKADIOO,/static/images/949.jpg,489,4
1564,Peiroks Dash/Warp Charging Type C Cable Compatible for OnePlus Nord CE/ 10 Pro/ 9RT/ 9 Pro/ 9/ 9R/ Nord 2/ Nord/ 8 Pro/ 8...,Peiroks,Peiroks Dash/Warp Charging Type C Cable Compatible for OnePlus Nord CE/ 10 Pro/ 9RT/ 9 Pro/ 9/ 9R/ Nord 2/ Nord/ 8 Pro/ 8... Peiroks,/static/images/39.jpg,944,1
1521,AEIDESS Tempered Glass Screen Protector Compatible For Oneplus Nord 2 5G with Edge to Edge Coverage and Easy Installation Kit,AEIDESS,AEIDESS Tempered Glass Screen Protector Compatible For Oneplus Nord 2 5G with Edge to Edge Coverage and Easy Installation Kit AEIDESS,/static/images/3831.jpg,3550,4
1423,XPG ADATA GAMMIX D30 DDR4 8GB (1x8GB) 3200MHz U-DIMM Desktop Memory - AX4U32008G16A-SR30,XPG,XPG ADATA GAMMIX D30 DDR4 8GB (1x8GB) 3200MHz U-DIMM Desktop Memory - AX4U32008G16A-SR30 XPG,/static/images/364.jpg,2503,4
761,ADISA 15.6 inch Laptop Backpack Office Bag College Travel Back Pack 32 Ltrs (z-Navy Blue),ADISA,ADISA 15.6 inch Laptop Backpack Office Bag College Travel Back Pack 32 Ltrs (z-Navy Blue) ADISA,/static/images/23.jpg,2349,5
1437,"ZEISS Lens Wipes - Pre-Moistened Lens Cleaning Wipes | Multi Purpose, Easy To Carry, On-The-Go and Individually Packed Wip...",ZEISS,"ZEISS Lens Wipes - Pre-Moistened Lens Cleaning Wipes | Multi Purpose, Easy To Carry, On-The-Go and Individually Packed Wip... ZEISS",/static/images/3659.jpg,4481,2
570,"Pidilite Fevicryl Acrylic Colour, White acrylic paint, 500 ml, Art and Craft Paint, DIY Paint, Rich Pigment, Non-Craking P...",Pidilite,"Pidilite Fevicryl Acrylic Colour, White acrylic paint, 500 ml, Art and Craft Paint, DIY Paint, Rich Pigment, Non-Craking P... Pidilite",/static/images/1986.jpg,3383,5
1016,"Ambrane 10000mAh Magnetic Wireless Power Bank for iPhone 12 & Above, 22.5W Wired + 15W Wireless Charging, Mobile Stand, Ty...",Ambrane,"Ambrane 10000mAh Magnetic Wireless Power Bank for iPhone 12 & Above, 22.5W Wired + 15W Wireless Charging, Mobile Stand, Ty... Ambrane",/static/images/276.jpg,2912,1
2003,"GPS Colour Your Dreams 88A for HP CC388A Toner Cartridge for HP Laserjet P1007, P1008,M1213nf, M1136MFP, M126nw MFP, M1218...",GPS,"GPS Colour Your Dreams 88A for HP CC388A Toner Cartridge for HP Laserjet P1007, P1008,M1213nf, M1136MFP, M126nw MFP, M1218... GPS",/static/images/4695.jpg,2970,4
212,OnePlus 138 cm (55 inches) Y Series 4K Ultra HD Smart Android LED TV 55Y1S Pro (Black),OnePlus,OnePlus 138 cm (55 inches) Y Series 4K Ultra HD Smart Android LED TV 55Y1S Pro (Black) OnePlus,/static/images/1388.jpg,2454,1
1032,"boAt Wave Lite Smartwatch with 1.69"" HD Display, Heart Rate & SpO2 Level Monitor, Multiple Watch Faces, Activity Tracker, ...",boAt,"boAt Wave Lite Smartwatch with 1.69"" HD Display, Heart Rate & SpO2 Level Monitor, Multiple Watch Faces, Activity Tracker, ... boAt",/static/images/28.jpg,2118,1
2014,"Noise Pulse 2 Max Advanced Bluetooth Calling Smart Watch with 1.85'' TFT and 550 Nits Brightness, Smart DND, 10 Days Batte...",Noise,"Noise Pulse 2 Max Advanced Bluetooth Calling Smart Watch with 1.85'' TFT and 550 Nits Brightness, Smart DND, 10 Days Batte... Noise",/static/images/4729.jpg,169,3
82,"Redmi 10A (Sea Blue, 4GB RAM, 64GB Storage) | 2 Ghz Octa Core Helio G25 | 5000 mAh Battery | Finger Print Sensor | Upto 5G...",Redmi,"Redmi 10A (Sea Blue, 4GB RAM, 64GB Storage) | 2 Ghz Octa Core Helio G25 | 5000 mAh Battery | Finger Print Sensor | Upto 5G... Redmi",/static/images/1105.jpg,4916,3
1345,"SanDisk 64GB Ultra Dual Drive Luxe Type USB C Flash Drive (5Y - SDDDC4-064G-I35, Silver)",SanDisk,"SanDisk 64GB Ultra Dual Drive Luxe Type USB C Flash Drive (5Y - SDDDC4-064G-I35, Silver) SanDisk",/static/images/3517.jpg,3746,1
1666,"Logitech M221 Wireless Mouse, Silent Buttons, 2.4 GHz with USB Mini Receiver, 1000 DPI Optical Tracking, 18-Month Battery ...",Logitech,"Logitech M221 Wireless Mouse, Silent Buttons, 2.4 GHz with USB Mini Receiver, 1000 DPI Optical Tracking, 18-Month Battery ... Logitech",/static/images/4039.jpg,2788,5
1211,"boAt Type C A750 Stress Resistant, Tangle-free, Sturdy Flat Cable with 6.5A Fast Charging & 480Mbps Data Transmission, 100...",boAt,"boAt Type C A750 Stress Resistant, Tangle-free, Sturdy Flat Cable with 6.5A Fast Charging & 480Mbps Data Transmission, 100... boAt",/static/images/3209.jpg,4778,4
2064,"Gizga Essentials 3-in-1 Phone Cleaner, Laptop Screen Cleaner, Fingerprint-Proof Screen Cleaner Kit, Reusable, Phones, TV S...",Gizga,"Gizga Essentials 3-in-1 Phone Cleaner, Laptop Screen Cleaner, Fingerprint-Proof Screen Cleaner Kit, Reusable, Phones, TV S... Gizga",/static/images/4813.jpg,482,3
969,"boAt Xtend Talk with Advanced Dedicated Bluetooth Calling Chip, Built-in Alexa, 1.69"" HD Display, Premium Design, 60+ Spor...",boAt,"boAt Xtend Talk with Advanced Dedicated Bluetooth Calling Chip, Built-in Alexa, 1.69"" HD Display, Premium Design, 60+ Spor... boAt",/static/images/2674.jpg,1076,1
227,"Portronics AUTO 12 in-Car Bluetooth Receiver for Handsfree Calling, Music System, Supports All Smartphones (Black)",Portronics,"Portronics AUTO 12 in-Car Bluetooth Receiver for Handsfree Calling, Music System, Supports All Smartphones (Black) Portronics",/static/images/1426.jpg,4809,4
1455,Faber-Castell Connector Pen Set - Pack of 50 (Assorted),Faber-Castell,Faber-Castell Connector Pen Set - Pack of 50 (Assorted) Faber-Castell,/static/images/3680.jpg,3605,5
880,Universal Remote Control for All Sony TV for All LCD LED and Bravia TVs Remote,Universal,Universal Remote Control for All Sony TV for All LCD LED and Bravia TVs Remote Universal,/static/images/248.jpg,4368,5
1907,"Amazon Basics Bluetooth 5.0 Truly Wireless in Ear Earbuds with mic, Up to 38 Hours Playtime, IPX-5 Rated, Type-C Charging ...",Amazon,"Amazon Basics Bluetooth 5.0 Truly Wireless in Ear Earbuds with mic, Up to 38 Hours Playtime, IPX-5 Rated, Type-C Charging ... Amazon",/static/images/443.jpg,4343,3
256,"Noise Pulse Go Buzz Smart Watch with Latest Bluetooth Calling tech, 1.69"" Clear Display, 550Nits,150+ Watch face, Comfort ...",Noise,"Noise Pulse Go Buzz Smart Watch with Latest Bluetooth Calling tech, 1.69"" Clear Display, 550Nits,150+ Watch face, Comfort ... Noise",/static/images/1482.jpg,816,5
2192,"Nokia 105 Single SIM, Keypad Mobile Phone with Wireless FM Radio | Charcoal",Nokia,"Nokia 105 Single SIM, Keypad Mobile Phone with Wireless FM Radio | Charcoal Nokia",/static/images/625.jpg,3591,1
1470,"pTron Tangent Duo Made in India Bluetooth 5.2 Wireless in-Ear Earphones with Mic, 24Hrs Playback, 13mm Drivers, Punchy Bas...",pTron,"pTron Tangent Duo Made in India Bluetooth 5.2 Wireless in-Ear Earphones with Mic, 24Hrs Playback, 13mm Drivers, Punchy Bas... pTron",/static/images/3704.jpg,873,1
330,"SanDisk Ultra 64 GB USB 3.0 Pen Drive (SDCZ48-064G-135/SDCZ48-064G-UAM46, Black)",SanDisk,"SanDisk Ultra 64 GB USB 3.0 Pen Drive (SDCZ48-064G-135/SDCZ48-064G-UAM46, Black) SanDisk",/static/images/1609.jpg,3071,1
623,"Classmate 2100117 Soft Cover 6 Subject Spiral Binding Notebook, Single Line, 300 Pages",Classmate,"Classmate 2100117 Soft Cover 6 Subject Spiral Binding Notebook, Single Line, 300 Pages Classmate",/static/images/2090.jpg,4158,1
283,"Noise ColorFit Pro 4 Advanced Bluetooth Calling Smart Watch with 1.72"" TruView Display, Fully-Functional Digital Crown, 31...",Noise,"Noise ColorFit Pro 4 Advanced Bluetooth Calling Smart Watch with 1.72"" TruView Display, Fully-Functional Digital Crown, 31... Noise",/static/images/1508.jpg,3842,4
1178,"Logitech G304 Lightspeed Wireless Gaming Mouse, Hero Sensor, 12,000 DPI, Lightweight, 6 Programmable Buttons, 250h Battery...",Logitech,"Logitech G304 Lightspeed Wireless Gaming Mouse, Hero Sensor, 12,000 DPI, Lightweight, 6 Programmable Buttons, 250h Battery... Logitech",/static/images/3159.jpg,3144,2
84,"MI Cordless Beard Trimmer 1C, with 20 length settings, 60 MInutes of usage, & USB Fast charging, black",MI,"MI Cordless Beard Trimmer 1C, with 20 length settings, 60 MInutes of usage, & USB Fast charging, black MI",/static/images/1107.jpg,4096,4
1559,"OnePlus Warp Charge Type-C Cable (150cm, Red)",OnePlus,"OnePlus Warp Charge Type-C Cable (150cm, Red) OnePlus",/static/images/3894.jpg,2431,1
1578,URBN Type-C USB 3.4 Amp | 25W Fast Charging Cable for Smartphone | Unbreakable Rugged & Nylon Braided | Quick Charge (QC) ...,URBN,URBN Type-C USB 3.4 Amp | 25W Fast Charging Cable for Smartphone | Unbreakable Rugged & Nylon Braided | Quick Charge (QC) ... URBN,/static/images/396.jpg,441,3
802,"JBL Commercial CSLM20 Auxiliary Omnidirectional Lavalier Microphone, Earphone For calls, Video Conferences, And Monitorin...",JBL,"JBL Commercial CSLM20 Auxiliary Omnidirectional Lavalier Microphone, Earphone For calls, Video Conferences, And Monitorin... JBL",/static/images/2359.jpg,1807,1
1896,Amozo Ultra Hybrid Camera and Drop Protection Back Case Cover for iPhone 11 (Poly Carbonate|Back Transparent-Sides Black),Amozo,Amozo Ultra Hybrid Camera and Drop Protection Back Case Cover for iPhone 11 (Poly Carbonate|Back Transparent-Sides Black) Amozo,/static/images/4406.jpg,3675,3
1341,"Bennett Nylon Drax Laptops, Tablets Laptop Bag Sleeve Case Cover Pouch for 14 inches Laptop Apple/Dell/Lenovo/ASUS/Hp/Sams...",Bennett,"Bennett Nylon Drax Laptops, Tablets Laptop Bag Sleeve Case Cover Pouch for 14 inches Laptop Apple/Dell/Lenovo/ASUS/Hp/Sams... Bennett",/static/images/3512.jpg,4611,3
781,"ZEBRONICS K24 USB Keyboard with Long Life 8 Million Keystrokes, Silent & Comfortable Use, Slim Design, Retractable Stand, ...",ZEBRONICS,"ZEBRONICS K24 USB Keyboard with Long Life 8 Million Keystrokes, Silent & Comfortable Use, Slim Design, Retractable Stand, ... ZEBRONICS",/static/images/2317.jpg,4203,1
345,"Boult Audio ZCharge Wireless in Ear Bluetooth Neckband with ENC Mic, 40H Playtime, Type-C Fast Charging (10Mins=15Hrs Play...",Boult,"Boult Audio ZCharge Wireless in Ear Bluetooth Neckband with ENC Mic, 40H Playtime, Type-C Fast Charging (10Mins=15Hrs Play... Boult",/static/images/1624.jpg,1830,5
83,"OnePlus Nord Buds True Wireless in Ear Earbuds with Mic, 12.4mm Titanium Drivers, Playback:Up to 30hr case, 4-Mic Design +...",OnePlus,"OnePlus Nord Buds True Wireless in Ear Earbuds with Mic, 12.4mm Titanium Drivers, Playback:Up to 30hr case, 4-Mic Design +... OnePlus",/static/images/1106.jpg,1394,2
2111,"AmazonBasics Highlighter - Chisel Tip, Pack of 12 (Multicolor)",AmazonBasics,"AmazonBasics Highlighter - Chisel Tip, Pack of 12 (Multicolor) AmazonBasics",/static/images/4893.jpg,404,4
1257,Duracell CHHOTA Power Alkaline AAA Batteries - 20 Pcs,Duracell,Duracell CHHOTA Power Alkaline AAA Batteries - 20 Pcs Duracell,/static/images/3380.jpg,3738,4
962,"truke Buds S2 Lite True Wireless in Ear Earbuds with MEMS Quad-Mic ENC, 48H Playtime, 10mm Real Titanium Speaker, Gaming M...",truke,"truke Buds S2 Lite True Wireless in Ear Earbuds with MEMS Quad-Mic ENC, 48H Playtime, 10mm Real Titanium Speaker, Gaming M... truke",/static/images/2664.jpg,149,3
1217,"Amazon Basics High-Speed HDMI Cable, 6 Feet - Supports Ethernet, 3D, 4K video,Black",Amazon,"Amazon Basics High-Speed HDMI Cable, 6 Feet - Supports Ethernet, 3D, 4K video,Black Amazon",/static/images/3289.jpg,307,4
536,wipro Ns9400 9-Watt B22D Wifi Smart Led Bulb With Music Sync Compatible With Amazon Alexa And Google Assistant ( Warm Whit...,wipro,wipro Ns9400 9-Watt B22D Wifi Smart Led Bulb With Music Sync Compatible With Amazon Alexa And Google Assistant ( Warm Whit... wipro,/static/images/1907.jpg,2220,2
1568,Faber-Castell Connector Pen Set - Pack of 25 (Assorted),Faber-Castell,Faber-Castell Connector Pen Set - Pack of 25 (Assorted) Faber-Castell,/static/images/3902.jpg,3669,5
366,"boAt Stone 620 Bluetooth Speaker with 12W RMS Stereo Sound, 10HRS Playtime, TWS Feature, IPX4, Multi-Compatibility Mode(Bl...",boAt,"boAt Stone 620 Bluetooth Speaker with 12W RMS Stereo Sound, 10HRS Playtime, TWS Feature, IPX4, Multi-Compatibility Mode(Bl... boAt",/static/images/1669.jpg,4171,2
869,"Camel Artist Acrylic Color Box - 9ml Tubes, 12 Shades",Camel,"Camel Artist Acrylic Color Box - 9ml Tubes, 12 Shades Camel",/static/images/2466.jpg,4242,4
2131,"Quantum Laptop Cooling Pad with Noiseless Fan, 4-Level Metal Rod Adjustable tilt Laptop Stand, USB Powered with Blue LED, ...",Quantum,"Quantum Laptop Cooling Pad with Noiseless Fan, 4-Level Metal Rod Adjustable tilt Laptop Stand, USB Powered with Blue LED, ... Quantum",/static/images/4989.jpg,4413,3
449,"truke Buds BTG 1 Bluetooth Truly Wireless Gaming in Ear Earbuds with (ENC) & Quad MEMS Mic for Clear Calls, 13mm Titanium ...",truke,"truke Buds BTG 1 Bluetooth Truly Wireless Gaming in Ear Earbuds with (ENC) & Quad MEMS Mic for Clear Calls, 13mm Titanium ... truke",/static/images/1792.jpg,1775,4
2260,"Gilary Multi Charging Cable, 3 in 1 Nylon Braided Fast Charging Cable for iPhone Micro USB Type C Mobile Phone | Colour ma...",Gilary,"Gilary Multi Charging Cable, 3 in 1 Nylon Braided Fast Charging Cable for iPhone Micro USB Type C Mobile Phone | Colour ma... Gilary",/static/images/795.jpg,2139,1
307,"OPPO A74 5G (Fluid Black, 6GB RAM, 128GB Storage) with No Cost EMI/Additional Exchange Offers",OPPO,"OPPO A74 5G (Fluid Black, 6GB RAM, 128GB Storage) with No Cost EMI/Additional Exchange Offers OPPO",/static/images/1559.jpg,4734,5
820,"Redmi 11 Prime 5G (Meadow Green, 6GB RAM, 128GB Storage) | Prime Design | MTK Dimensity 700 | 50 MP Dual Cam | 5000mAh | 7...",Redmi,"Redmi 11 Prime 5G (Meadow Green, 6GB RAM, 128GB Storage) | Prime Design | MTK Dimensity 700 | 50 MP Dual Cam | 5000mAh | 7... Redmi",/static/images/2375.jpg,557,5
1260,"American Tourister VALEX BLACK LAPTOP BACKPACK 28 Ltrs,Volume, LAPTOP COMPARTMENT, BOTTLE POCKET, FRONT ORGANIZER",American,"American Tourister VALEX BLACK LAPTOP BACKPACK 28 Ltrs,Volume, LAPTOP COMPARTMENT, BOTTLE POCKET, FRONT ORGANIZER American",/static/images/3383.jpg,1314,1
992,"SKADIOO 2 Pieces Universal Travel Adapter, Adapter, Travel Adapter, Universal Adapter, Adapter Charger, International Adap...",SKADIOO,"SKADIOO 2 Pieces Universal Travel Adapter, Adapter, Travel Adapter, Universal Adapter, Adapter Charger, International Adap... SKADIOO",/static/images/2701.jpg,2934,4
948,"SanDisk Ultra 128 GB USB Pen Drive (SDDDC2-128G-G46, Black, Silver)",SanDisk,"SanDisk Ultra 128 GB USB Pen Drive (SDDDC2-128G-G46, Black, Silver) SanDisk",/static/images/2585.jpg,3633,4
2048,"QianLink USB C To Lightning Apple Certified (Mfi) Sync & Charge Cable For Iphone, Ipad And Ipod. Fast Charging Lightning C...",QianLink,"QianLink USB C To Lightning Apple Certified (Mfi) Sync & Charge Cable For Iphone, Ipad And Ipod. Fast Charging Lightning C... QianLink",/static/images/4775.jpg,3010,1
1396,"boAt Stone 260 4W Bluetooth Speaker with Upto 9 Hours Playback, IPX5 and Carabiner(Prism)",boAt,"boAt Stone 260 4W Bluetooth Speaker with Upto 9 Hours Playback, IPX5 and Carabiner(Prism) boAt",/static/images/3605.jpg,2507,2
868,"realme narzo 50 5G (Hyper Black, 4GB RAM+64GB Storage) Dimensity 810 5G Processor | 48MP Ultra HD Camera",realme,"realme narzo 50 5G (Hyper Black, 4GB RAM+64GB Storage) Dimensity 810 5G Processor | 48MP Ultra HD Camera realme",/static/images/2465.jpg,2838,1
4,"OnePlus Nord CE 2 Lite 5G (Black Dusk, 6GB RAM, 128GB Storage)",OnePlus,"OnePlus Nord CE 2 Lite 5G (Black Dusk, 6GB RAM, 128GB Storage) OnePlus",/static/images/1000.jpg,3903,1
1228,HP 682 Color/Black Combo 2-Pack,HP,HP 682 Color/Black Combo 2-Pack HP,/static/images/3307.jpg,2292,5
2112,"Sounce Earphone Case Cover Compatible with Boat Airdopes 181, Soft Silicone Skin Case Cover Shock-Absorbing Protective Cas...",Sounce,"Sounce Earphone Case Cover Compatible with Boat Airdopes 181, Soft Silicone Skin Case Cover Shock-Absorbing Protective Cas... Sounce",/static/images/4895.jpg,1366,1
1513,"FLiX (Beetel USB to Micro USB PVC Data Sync & 2A Fast Charging Cable, Made in India, 480Mbps Data Sync, Solid Cable, 1 Met...",FLiX,"FLiX (Beetel USB to Micro USB PVC Data Sync & 2A Fast Charging Cable, Made in India, 480Mbps Data Sync, Solid Cable, 1 Met... FLiX",/static/images/3822.jpg,1001,4
2380,"Pilot V5 Liquid Ink Roller Ball Pen -Blue(Pack of 3), (9000014710)",Pilot,"Pilot V5 Liquid Ink Roller Ball Pen -Blue(Pack of 3), (9000014710) Pilot",/static/images/979.jpg,2575,2
1814,"boAt Xtend Talk with Advanced Dedicated Bluetooth Calling Chip, Built-in Alexa, 1.69"" HD Display, Premium Design, 60+ Spor...",boAt,"boAt Xtend Talk with Advanced Dedicated Bluetooth Calling Chip, Built-in Alexa, 1.69"" HD Display, Premium Design, 60+ Spor... boAt",/static/images/4239.jpg,455,2
1689,"Lapster compatible for amazfit charger cable with GTS 2 Mini, GTS 2e, GTS 2, GTR 2, GTR 2e, GTR 2 eSIM, BIP U, BIP U Pro, ...",Lapster,"Lapster compatible for amazfit charger cable with GTS 2 Mini, GTS 2e, GTS 2, GTR 2, GTR 2e, GTR 2 eSIM, BIP U, BIP U Pro, ... Lapster",/static/images/4063.jpg,3268,2
323,"boAt Rockerz 330ANC Bluetooth Neckband in Ear Earphones with mic, Crystal Bionic Sound Powered by Dirac Opteo, ANC, 13mm D...",boAt,"boAt Rockerz 330ANC Bluetooth Neckband in Ear Earphones with mic, Crystal Bionic Sound Powered by Dirac Opteo, ANC, 13mm D... boAt",/static/images/1602.jpg,1254,2
730,"Logitech Pebble Wireless Mouse with Bluetooth or 2.4 GHz Receiver, Silent, Slim Computer Mouse with Quiet Clicks, for Lapt...",Logitech,"Logitech Pebble Wireless Mouse with Bluetooth or 2.4 GHz Receiver, Silent, Slim Computer Mouse with Quiet Clicks, for Lapt... Logitech",/static/images/227.jpg,1281,4
809,SD CASS® Hanging Car Rear View Mirror Mobile Phone Holder Mount Stand 360 Degree RotationalCompatible with All Smartphones,SD,SD CASS® Hanging Car Rear View Mirror Mobile Phone Holder Mount Stand 360 Degree RotationalCompatible with All Smartphones SD,/static/images/2365.jpg,2020,2
1961,Lapster Anti-Slip Silicone Ear Buds 4Pieces Silicone Earphone Ear Hooks Plugs for in-Ear Neckband 9MM-13MM Black,Lapster,Lapster Anti-Slip Silicone Ear Buds 4Pieces Silicone Earphone Ear Hooks Plugs for in-Ear Neckband 9MM-13MM Black Lapster,/static/images/4564.jpg,4992,4
1523,TheGiftKart Tough Armor Bumper Back Case Cover for OnePlus 11R 5G | Ring Holder & Kickstand in-Built | 360 Degree Protecti...,TheGiftKart,TheGiftKart Tough Armor Bumper Back Case Cover for OnePlus 11R 5G | Ring Holder & Kickstand in-Built | 360 Degree Protecti... TheGiftKart,/static/images/3834.jpg,2577,2
1658,MI 100 cm (40 inches) 5A Series Full HD Smart Android LED TV L40M7-EAIN (Black),MI,MI 100 cm (40 inches) 5A Series Full HD Smart Android LED TV L40M7-EAIN (Black) MI,/static/images/4031.jpg,1935,1
361,"realme Buds Wireless 2 Neo Bluetooth in Ear Earphones with Mic, Fast Charging & Up to 17Hrs Playtime (Blue)",realme,"realme Buds Wireless 2 Neo Bluetooth in Ear Earphones with Mic, Fast Charging & Up to 17Hrs Playtime (Blue) realme",/static/images/1664.jpg,3064,3
418,"OnePlus 10R 5G (Forest Green, 12GB RAM, 256GB Storage, 80W SuperVOOC)",OnePlus,"OnePlus 10R 5G (Forest Green, 12GB RAM, 256GB Storage, 80W SuperVOOC) OnePlus",/static/images/1762.jpg,3588,1
1212,LG 108 cm (43 inches) 4K Ultra HD Smart LED TV 43UQ7500PSF (Ceramic Black),LG,LG 108 cm (43 inches) 4K Ultra HD Smart LED TV 43UQ7500PSF (Ceramic Black) LG,/static/images/3211.jpg,698,3
1021,"Camel Artists Fixative Spray, 200ml",Camel,"Camel Artists Fixative Spray, 200ml Camel",/static/images/2767.jpg,1279,4
1791,"Sony WI-C100 Wireless Headphones with Customizable Equalizer for Deep Bass & 25 Hrs Battery, DSEE-Upscale, Splash Proof, 3...",Sony,"Sony WI-C100 Wireless Headphones with Customizable Equalizer for Deep Bass & 25 Hrs Battery, DSEE-Upscale, Splash Proof, 3... Sony",/static/images/4204.jpg,501,5
702,OnePlus 126 cm (50 inches) Y Series 4K Ultra HD Smart Android LED TV 50Y1S Pro (Black),OnePlus,OnePlus 126 cm (50 inches) Y Series 4K Ultra HD Smart Android LED TV 50Y1S Pro (Black) OnePlus,/static/images/222.jpg,3081,4
1291,"Pagaria 2 in 1 Bluetooth 5.0 Transmitter Receiver 3.5mm Stereo Audio Adapter with Mic, Easy Slide Switch Mode, Model: KN330",Pagaria,"Pagaria 2 in 1 Bluetooth 5.0 Transmitter Receiver 3.5mm Stereo Audio Adapter with Mic, Easy Slide Switch Mode, Model: KN330 Pagaria",/static/images/3451.jpg,4709,3
519,"boAt Wave Call Smart Watch, Smart Talk with Advanced Dedicated Bluetooth Calling Chip, 1.69” HD Display with 550 NITS & 7...",boAt,"boAt Wave Call Smart Watch, Smart Talk with Advanced Dedicated Bluetooth Calling Chip, 1.69” HD Display with 550 NITS & 7... boAt",/static/images/1889.jpg,4444,5
2072,Camel Artist water colour cakes - 18 shades,Camel,Camel Artist water colour cakes - 18 shades Camel,/static/images/4822.jpg,3491,5
1288,Redmi Note 12 5G Frosted Green 4GB RAM 128GB ROM | 1st Phone with 120Hz Super AMOLED and Snapdragon® 4 Gen 1 | 48MP AI Tri...,Redmi,Redmi Note 12 5G Frosted Green 4GB RAM 128GB ROM | 1st Phone with 120Hz Super AMOLED and Snapdragon® 4 Gen 1 | 48MP AI Tri... Redmi,/static/images/3447.jpg,2829,3
1240,Cello Gripper Ball Pen | Jar of 25 | Blue Ball Pens | Smooth writing Ball Pens | Exam Pens with Grip | Ball pens set for S...,Cello,Cello Gripper Ball Pen | Jar of 25 | Blue Ball Pens | Smooth writing Ball Pens | Exam Pens with Grip | Ball pens set for S... Cello,/static/images/3326.jpg,4731,5
552,boAt Stone 200 3W Portable Bluetooth Speakers (Black),boAt,boAt Stone 200 3W Portable Bluetooth Speakers (Black) boAt,/static/images/196.jpg,2854,3
271,"TP-Link Archer AC1200 Archer C6 Wi-Fi Speed Up to 867 Mbps/5 GHz + 400Mbps/2.4 GHz, 5 Gigabit Ports, 4 External Antennas, ...",TP-Link,"TP-Link Archer AC1200 Archer C6 Wi-Fi Speed Up to 867 Mbps/5 GHz + 400Mbps/2.4 GHz, 5 Gigabit Ports, 4 External Antennas, ... TP-Link",/static/images/1497.jpg,2206,1
2105,JetLife Premium Mobile Holder/Pouch-Bag for All Scooters Scooty Activa Jupiter EV's | Universal X1 Model (Grey),JetLife,JetLife Premium Mobile Holder/Pouch-Bag for All Scooters Scooty Activa Jupiter EV's | Universal X1 Model (Grey) JetLife,/static/images/4886.jpg,3622,1
263,Sounce Shutter Remote Control with Bluetooth Wireless Technology - Create Amazing Photos and Videos Hands-Free - Works wit...,Sounce,Sounce Shutter Remote Control with Bluetooth Wireless Technology - Create Amazing Photos and Videos Hands-Free - Works wit... Sounce,/static/images/1489.jpg,146,4
16,"boAt Rockerz 330 Bluetooth Wireless in Ear Earphones with mic, Upto 30 Hours Playtime, ASAP Charge, Signature Sound, Dual ...",boAt,"boAt Rockerz 330 Bluetooth Wireless in Ear Earphones with mic, Upto 30 Hours Playtime, ASAP Charge, Signature Sound, Dual ... boAt",/static/images/1036.jpg,3177,4
1778,Electvision Television TV Remote Control Compatible with Mi Smart LED TV 4A (Please Verify Before Placing Order) (Without ...,Electvision,Electvision Television TV Remote Control Compatible with Mi Smart LED TV 4A (Please Verify Before Placing Order) (Without ... Electvision,/static/images/4187.jpg,4460,1
270,OnePlus 80 cm (32 inches) Y Series HD Ready LED Smart Android TV 32Y1 (Black),OnePlus,OnePlus 80 cm (32 inches) Y Series HD Ready LED Smart Android TV 32Y1 (Black) OnePlus,/static/images/1496.jpg,751,5
1958,"QianLink Lightning to USB Cable Apple Certified (Mfi) Sync & Charge Cable for iPhone, Ipad and iPod. Fast Charging Lightni...",QianLink,"QianLink Lightning to USB Cable Apple Certified (Mfi) Sync & Charge Cable for iPhone, Ipad and iPod. Fast Charging Lightni... QianLink",/static/images/4535.jpg,732,5
983,OnePlus 80 cm (32 inches) Y Series HD Ready Smart Android LED TV 32 Y1S (Black),OnePlus,OnePlus 80 cm (32 inches) Y Series HD Ready Smart Android LED TV 32 Y1S (Black) OnePlus,/static/images/269.jpg,4066,1
2354,"Noise Buds VS303 in-Ear Truly Wireless Earbuds with 24H of Playtime, Hyper Sync Technology, with Mic, 13mm Driver,Full Tou...",Noise,"Noise Buds VS303 in-Ear Truly Wireless Earbuds with 24H of Playtime, Hyper Sync Technology, with Mic, 13mm Driver,Full Tou... Noise",/static/images/945.jpg,3028,5
1641,OnePlus SUPERVOOC 80W Power Adapter for Cellular Phones - White,OnePlus,OnePlus SUPERVOOC 80W Power Adapter for Cellular Phones - White OnePlus,/static/images/4015.jpg,2254,1
2135,"RETSOL LS 450 Laser Barcode Scanner BIS Approved, Handheld 1 D USB Wired Barcode Reader Optical Laser High Speed for POS S...",RETSOL,"RETSOL LS 450 Laser Barcode Scanner BIS Approved, Handheld 1 D USB Wired Barcode Reader Optical Laser High Speed for POS S... RETSOL",/static/images/4992.jpg,3629,3
1593,HP 46 Ink Cartridge (Black),HP,HP 46 Ink Cartridge (Black) HP,/static/images/3973.jpg,2018,3
193,"Fire-Boltt Phoenix Smart Watch with Bluetooth Calling 1.3"",120+ Sports Modes, 240 * 240 PX High Res with SpO2, Heart Rate ...",Fire-Boltt,"Fire-Boltt Phoenix Smart Watch with Bluetooth Calling 1.3"",120+ Sports Modes, 240 * 240 PX High Res with SpO2, Heart Rate ... Fire-Boltt",/static/images/1368.jpg,1146,5
2174,Camel Camlin Kokuyo Oil Pastel (50 Shades),Camel,Camel Camlin Kokuyo Oil Pastel (50 Shades) Camel,/static/images/60.jpg,1467,1
1928,Sony WF-1000XM4 Industry Leading Active Noise Cancellation Multipoint Connection BT 5.2 TWS Truly Wireless in Ear Earbuds ...,Sony,Sony WF-1000XM4 Industry Leading Active Noise Cancellation Multipoint Connection BT 5.2 TWS Truly Wireless in Ear Earbuds ... Sony,/static/images/4468.jpg,2350,4
484,"Lapster Caddy for ssd and HDD, Optical Bay 2nd Hard Drive Caddy, Caddy 9.5mm for Laptop",Lapster,"Lapster Caddy for ssd and HDD, Optical Bay 2nd Hard Drive Caddy, Caddy 9.5mm for Laptop Lapster",/static/images/1827.jpg,227,2
1851,Belkin Essential Series 6-Socket Surge Protector Universal Socket with 6.5ft Heavy Duty Cable (Grey),Belkin,Belkin Essential Series 6-Socket Surge Protector Universal Socket with 6.5ft Heavy Duty Cable (Grey) Belkin,/static/images/4325.jpg,523,3
683,"CRUST CS30 Car Bluetooth Device with Call Receiver, FM Transmitter for Music System & Dual USB + Type C Fast Charger; 7 Co...",CRUST,"CRUST CS30 Car Bluetooth Device with Call Receiver, FM Transmitter for Music System & Dual USB + Type C Fast Charger; 7 Co... CRUST",/static/images/2178.jpg,1684,5
622,Noise Buds VS201 V2 in-Ear Truly Wireless Earbuds with Dual Equalizer | with Mic | Total 14-Hour Playtime | Full Touch Con...,Noise,Noise Buds VS201 V2 in-Ear Truly Wireless Earbuds with Dual Equalizer | with Mic | Total 14-Hour Playtime | Full Touch Con... Noise,/static/images/209.jpg,3349,4
1555,Canon CL-746s (Small) Ink Cartridge (Color),Canon,Canon CL-746s (Small) Ink Cartridge (Color) Canon,/static/images/3890.jpg,3457,1
1965,"SanDisk 2TB Extreme Portable SSD 1050MB/s R, 1000MB/s W,Upto 2 Meter Drop Protection with IP55 Water/dust Resistance, HW E...",SanDisk,"SanDisk 2TB Extreme Portable SSD 1050MB/s R, 1000MB/s W,Upto 2 Meter Drop Protection with IP55 Water/dust Resistance, HW E... SanDisk",/static/images/4571.jpg,4403,5
592,"boAt A 350 Type C Cable for Personal Computer, 1.5m (Black)",boAt,"boAt A 350 Type C Cable for Personal Computer, 1.5m (Black) boAt",/static/images/2009.jpg,4029,5
646,"APC Back-UPS BX600C-IN 600VA / 360W, 230V, UPS System, an Ideal Power Backup & Protection for Home Office, Desktop PC & Ho...",APC,"APC Back-UPS BX600C-IN 600VA / 360W, 230V, UPS System, an Ideal Power Backup & Protection for Home Office, Desktop PC & Ho... APC",/static/images/2115.jpg,2559,2
951,"OTOROYS Universal Bike Mount Holder Metal Body 360 Degree Rotating Handlebar Metal Body Cradle Stand for Bicycle, Motorcyc...",OTOROYS,"OTOROYS Universal Bike Mount Holder Metal Body 360 Degree Rotating Handlebar Metal Body Cradle Stand for Bicycle, Motorcyc... OTOROYS",/static/images/259.jpg,1095,3
581,"Portronics Portable RuffPad E-Writer 21.59Cm (8.5-inch) LCD with App Support, 4 Magnet, Stylus Drawing Handwriting Board, ...",Portronics,"Portronics Portable RuffPad E-Writer 21.59Cm (8.5-inch) LCD with App Support, 4 Magnet, Stylus Drawing Handwriting Board, ... Portronics",/static/images/2.jpg,1917,4
159,MI 80 cm (32 inches) 5A Series HD Ready Smart Android LED TV L32M7-5AIN (Black),MI,MI 80 cm (32 inches) 5A Series HD Ready Smart Android LED TV L32M7-5AIN (Black) MI,/static/images/1284.jpg,2183,2
1767,"Pinnaclz Original Combo of 2 Micro USB Fast Charging Cable, USB Charging Cable for Data Transfer Perfect for Android Smart...",Pinnaclz,"Pinnaclz Original Combo of 2 Micro USB Fast Charging Cable, USB Charging Cable for Data Transfer Perfect for Android Smart... Pinnaclz",/static/images/4172.jpg,4652,4
1366,"Amazon Basics 128GB microSDXC Memory Card with Full Size Adapter, 100MB/s, U3",Amazon,"Amazon Basics 128GB microSDXC Memory Card with Full Size Adapter, 100MB/s, U3 Amazon",/static/images/3571.jpg,4252,5
2315,D2Q Wired Original Galaxy Earphones for All Samsung Smartphones with Mic | Pure Bass Sound | One Button Multi-Function Rem...,D2Q,D2Q Wired Original Galaxy Earphones for All Samsung Smartphones with Mic | Pure Bass Sound | One Button Multi-Function Rem... D2Q,/static/images/858.jpg,1213,2
2236,"BESTOR® USB C Hub HDMI Adapter, 6 in 1 Multiport Dock for MacBook pro to HDMI 4k,2 USB 3.0 Ports SD/TF Card Reader 55W PD,...",BESTOR®,"BESTOR® USB C Hub HDMI Adapter, 6 in 1 Multiport Dock for MacBook pro to HDMI 4k,2 USB 3.0 Ports SD/TF Card Reader 55W PD,... BESTOR®",/static/images/70.jpg,3424,1
583,"Logitech MK215 Wireless Keyboard and Mouse Combo for Windows, 2.4 GHz Wireless, Compact Design, 2-Year Battery Life(Keyboa...",Logitech,"Logitech MK215 Wireless Keyboard and Mouse Combo for Windows, 2.4 GHz Wireless, Compact Design, 2-Year Battery Life(Keyboa... Logitech",/static/images/2000.jpg,3829,5
128,ELV Mobile Phone Mount Tabletop Holder for Phones and Tablets - Black,ELV,ELV Mobile Phone Mount Tabletop Holder for Phones and Tablets - Black ELV,/static/images/118.jpg,4398,5
607,"Portronics Key2 Combo Multimedia USB Wireless Keyboard and Mouse Set with 2.4 GHz Wireless Technology, Soft & Silent Butto...",Portronics,"Portronics Key2 Combo Multimedia USB Wireless Keyboard and Mouse Set with 2.4 GHz Wireless Technology, Soft & Silent Butto... Portronics",/static/images/205.jpg,4336,2
2092,"Camlin Kokuyo Pack of 18 shade bottles 10ml each, 1 palette, 1 brush",Camlin,"Camlin Kokuyo Pack of 18 shade bottles 10ml each, 1 palette, 1 brush Camlin",/static/images/486.jpg,4330,4
2061,"OLAID Original New Series 7 D20 Bluetooth Wireless Smart Watch, Fitness Band for Boys, Girls, Men, Women & Kids | Sports W...",OLAID,"OLAID Original New Series 7 D20 Bluetooth Wireless Smart Watch, Fitness Band for Boys, Girls, Men, Women & Kids | Sports W... OLAID",/static/images/4810.jpg,2355,1
1684,LINC Pentonic B-RT Ball Point Pen | Tip Size 0.7 mm | Comfortable Grip | Ideal for Students and Professionals | For Schoo...,LINC,LINC Pentonic B-RT Ball Point Pen | Tip Size 0.7 mm | Comfortable Grip | Ideal for Students and Professionals | For Schoo... LINC,/static/images/4058.jpg,1905,4
371,"Oppo Enco M32 with Mic, 10 Mins Charge 20 Hrs Playtime, 28H Battery Life, Bluetooth 5.0 in Ear Wireless Earphone, Noise Ca...",Oppo,"Oppo Enco M32 with Mic, 10 Mins Charge 20 Hrs Playtime, 28H Battery Life, Bluetooth 5.0 in Ear Wireless Earphone, Noise Ca... Oppo",/static/images/1674.jpg,4316,4
1710,Cello Signature Moonlit Ball Pen | Blue Ball Pen | Pack of 1 | Best Ball Pens for Smooth Writing | Gifting Pens | Premium ...,Cello,Cello Signature Moonlit Ball Pen | Blue Ball Pen | Pack of 1 | Best Ball Pens for Smooth Writing | Gifting Pens | Premium ... Cello,/static/images/4086.jpg,1158,4
1738,Spigen Ultra Hybrid Back Cover Case for iPhone 13 (TPU + Poly Carbonate | Matte Black),Spigen,Spigen Ultra Hybrid Back Cover Case for iPhone 13 (TPU + Poly Carbonate | Matte Black) Spigen,/static/images/4117.jpg,4421,4
1735,"Oraimo Cordless Hair Trimmer for Men,150 Mins Run Time,Professional Beard Trimmer for men,Hair Clippers for men,Power adap...",Oraimo,"Oraimo Cordless Hair Trimmer for Men,150 Mins Run Time,Professional Beard Trimmer for men,Hair Clippers for men,Power adap... Oraimo",/static/images/4114.jpg,2155,2
650,Tygot Gorilla Tripod/Mini 33 CM (13 Inch) Tripod for Mobile Phone with Phone Mount | Flexible Gorilla Stand for DSLR & Act...,Tygot,Tygot Gorilla Tripod/Mini 33 CM (13 Inch) Tripod for Mobile Phone with Phone Mount | Flexible Gorilla Stand for DSLR & Act... Tygot,/static/images/2119.jpg,2355,4
1567,"TAGG Verve Sense Smartwatch with 1.70'' Large Display, Real SPO2, and Real-Time Heart Rate Tracking, 7 Days Battery Backu...",TAGG,"TAGG Verve Sense Smartwatch with 1.70'' Large Display, Real SPO2, and Real-Time Heart Rate Tracking, 7 Days Battery Backu... TAGG",/static/images/3901.jpg,3805,3
1876,"Motorola a70 keypad Mobile Dual Sim with Expandable Memory Upto 32GB,Camera, 2.4 inch Screen with 1750 mAh Battery, Dark Blue",Motorola,"Motorola a70 keypad Mobile Dual Sim with Expandable Memory Upto 32GB,Camera, 2.4 inch Screen with 1750 mAh Battery, Dark Blue Motorola",/static/images/4375.jpg,4565,1
1166,"ZEBRONICS Aluminium Alloy Laptop Stand, Compatible with 9-15.6 inch Laptops, 7 Angles Adjustable Tabletop, Anti Slip Silic...",ZEBRONICS,"ZEBRONICS Aluminium Alloy Laptop Stand, Compatible with 9-15.6 inch Laptops, 7 Angles Adjustable Tabletop, Anti Slip Silic... ZEBRONICS",/static/images/3118.jpg,3313,2
1742,Reynolds 045 25CT JAR BLUE Ball Pen I Lightweight Ball Pen With Comfortable Grip for Extra Smooth Writing I School and Off...,Reynolds,Reynolds 045 25CT JAR BLUE Ball Pen I Lightweight Ball Pen With Comfortable Grip for Extra Smooth Writing I School and Off... Reynolds,/static/images/4122.jpg,3484,5
228,"boAt Airdopes 190 True Wireless in Ear Earbuds with Beast Mode(50ms) for Gaming, 40H Playtime, Breathing LEDs, Signature S...",boAt,"boAt Airdopes 190 True Wireless in Ear Earbuds with Beast Mode(50ms) for Gaming, 40H Playtime, Breathing LEDs, Signature S... boAt",/static/images/1427.jpg,1555,1
1604,"boAt Rockerz 335 Bluetooth Wireless in Ear Earphones with Qualcomm Aptx & CVC, Upto 30 Hours Playback, ASAP Charge, Signat...",boAt,"boAt Rockerz 335 Bluetooth Wireless in Ear Earphones with Qualcomm Aptx & CVC, Upto 30 Hours Playback, ASAP Charge, Signat... boAt",/static/images/3983.jpg,787,5
1080,SanDisk Ultra Flair 32 GB USB 3.0 Pen Drive (Silver),SanDisk,SanDisk Ultra Flair 32 GB USB 3.0 Pen Drive (Silver) SanDisk,/static/images/2897.jpg,421,4
50,"JK Copier Paper - A4, 75 GSM, 1 Ream, 500 Sheets",JK,"JK Copier Paper - A4, 75 GSM, 1 Ream, 500 Sheets JK",/static/images/107.jpg,3974,1
294,HP Wireless Mouse 250/2.4 GHz Wireless USB connectivity/12 Months Battery Life/LED Optical Sensor/ 1600 DPI/3 Years Warran...,HP,HP Wireless Mouse 250/2.4 GHz Wireless USB connectivity/12 Months Battery Life/LED Optical Sensor/ 1600 DPI/3 Years Warran... HP,/static/images/1544.jpg,1962,3
946,"Amazon Basics Capacitive Stylus Pen for iOS and Android Touchscreen Devices, Fine Point Disc Tip, Lightweight Metal Body w...",Amazon,"Amazon Basics Capacitive Stylus Pen for iOS and Android Touchscreen Devices, Fine Point Disc Tip, Lightweight Metal Body w... Amazon",/static/images/2583.jpg,2949,3
1092,"Ant Value FKBRI02 / Spill-Resistant, Silent Keys, DPI Mouse & KB Combo Wired Desktop KB, USB Keyboard Mouse Set (Black) Ga...",Ant,"Ant Value FKBRI02 / Spill-Resistant, Silent Keys, DPI Mouse & KB Combo Wired Desktop KB, USB Keyboard Mouse Set (Black) Ga... Ant",/static/images/2936.jpg,1893,2
1041,"AirCase Protective Laptop Bag Sleeve fits Upto 14.1"" Laptop/ MacBook, Wrinkle Free, Padded, Waterproof Light Neoprene case...",AirCase,"AirCase Protective Laptop Bag Sleeve fits Upto 14.1"" Laptop/ MacBook, Wrinkle Free, Padded, Waterproof Light Neoprene case... AirCase",/static/images/2817.jpg,1826,5
1431,"DYAZO Water Resistant Camera Bag/Case Shoulder Strap Space for Photography Lens and Accessories Compatible for Nikon, Cano...",DYAZO,"DYAZO Water Resistant Camera Bag/Case Shoulder Strap Space for Photography Lens and Accessories Compatible for Nikon, Cano... DYAZO",/static/images/3651.jpg,3630,2
1809,"Tizum Mobile & Tablet Holder with 360 Rotation, Mobile Stand with Anti-Slip Silicone Pads & Fully Flexible Gooseneck Arm &...",Tizum,"Tizum Mobile & Tablet Holder with 360 Rotation, Mobile Stand with Anti-Slip Silicone Pads & Fully Flexible Gooseneck Arm &... Tizum",/static/images/4229.jpg,2304,5
199,"Beetel B26 Corded Slim Landline Phone,Ringer Volume Control,Wall/Desk Mountable,Ringer On/Off Switch,Clear Call Quality,Co...",Beetel,"Beetel B26 Corded Slim Landline Phone,Ringer Volume Control,Wall/Desk Mountable,Ringer On/Off Switch,Clear Call Quality,Co... Beetel",/static/images/1375.jpg,4150,2
2378,"Dyazo Water Resistant Laptop Sleeve with Handle Compatible for 15 Inch to 15.6 "" Inches laptops & Notebooks - Grey",Dyazo,"Dyazo Water Resistant Laptop Sleeve with Handle Compatible for 15 Inch to 15.6 "" Inches laptops & Notebooks - Grey Dyazo",/static/images/976.jpg,677,1
675,Spigen EZ Fit Tempered Glass Screen Protector for iPhone 14 Pro - 2 Pack (Sensor Protection),Spigen,Spigen EZ Fit Tempered Glass Screen Protector for iPhone 14 Pro - 2 Pack (Sensor Protection) Spigen,/static/images/2168.jpg,2040,2
404,HP 678 Black Ink Advantage Cartridge (CZ107AA),HP,HP 678 Black Ink Advantage Cartridge (CZ107AA) HP,/static/images/173.jpg,457,5
2132,Acer 139 cm (55 inches) H Series 4K Ultra HD Android Smart LED TV AR55AR2851UDPRO (Black),Acer,Acer 139 cm (55 inches) H Series 4K Ultra HD Android Smart LED TV AR55AR2851UDPRO (Black) Acer,/static/images/499.jpg,887,5
158,Oakter Mini UPS for 12V WiFi Router Broadband Modem | Backup Upto 4 Hours | WiFi Router UPS Power Backup During Power Cuts...,Oakter,Oakter Mini UPS for 12V WiFi Router Broadband Modem | Backup Upto 4 Hours | WiFi Router UPS Power Backup During Power Cuts... Oakter,/static/images/1283.jpg,1896,2
439,Portronics MPORT 31C 4-in-1 USB Hub (Type C to 4 USB-A Ports) with Fast Data Transfer,Portronics,Portronics MPORT 31C 4-in-1 USB Hub (Type C to 4 USB-A Ports) with Fast Data Transfer Portronics,/static/images/1782.jpg,4407,3
328,"Ambrane Unbreakable 60W / 3A Fast Charging 1.5m Braided Type C to Type C Cable for Smartphones, Tablets, Laptops & Other T...",Ambrane,"Ambrane Unbreakable 60W / 3A Fast Charging 1.5m Braided Type C to Type C Cable for Smartphones, Tablets, Laptops & Other T... Ambrane",/static/images/1607.jpg,3128,5
2150,"HUMBLE MI Band 3/ MI Band 4 Strap, Band for MI Band 3/ MI Band 4 Smartwatch (Fitness Tracker) Wristbands Replacement Silic...",HUMBLE,"HUMBLE MI Band 3/ MI Band 4 Strap, Band for MI Band 3/ MI Band 4 Smartwatch (Fitness Tracker) Wristbands Replacement Silic... HUMBLE",/static/images/5008.jpg,1444,3
1073,"Infinity (JBL Glide 120, in Ear Wireless Earphones with Mic, Deep Bass, Dual Equalizer, 12mm Drivers, Premium Metal Earbud...",Infinity,"Infinity (JBL Glide 120, in Ear Wireless Earphones with Mic, Deep Bass, Dual Equalizer, 12mm Drivers, Premium Metal Earbud... Infinity",/static/images/2888.jpg,806,1
1969,"Foxin FTC 88A/CC388A Black Laser Toner Cartridge Compatible for HP Laserjet Printer M1136, MFP, P1007, P1106, P1108, P100...",Foxin,"Foxin FTC 88A/CC388A Black Laser Toner Cartridge Compatible for HP Laserjet Printer M1136, MFP, P1007, P1106, P1108, P100... Foxin",/static/images/4576.jpg,3050,3
2295,"Nokia T20 Tab with 10.36""(26cm) 2K Screen, Low Blue Light, Wi-Fi & LTE, 8200mAh Battery, Android 11 with 2 Years of OS Upg...",Nokia,"Nokia T20 Tab with 10.36""(26cm) 2K Screen, Low Blue Light, Wi-Fi & LTE, 8200mAh Battery, Android 11 with 2 Years of OS Upg... Nokia",/static/images/833.jpg,3539,2
1801,"TheGiftKart Crystal Clear Back Cover Case for Samsung Galaxy S21 FE 5G | 360 Degree Protection | Shock Proof Design | PC, ...",TheGiftKart,"TheGiftKart Crystal Clear Back Cover Case for Samsung Galaxy S21 FE 5G | 360 Degree Protection | Shock Proof Design | PC, ... TheGiftKart",/static/images/4216.jpg,951,3
1078,"TP-Link Nano AC600 USB Wi-Fi Adapter(Archer T2U Nano)- 2.4G/5G Dual Band Wireless Network Adapter for PC Desktop Laptop, M...",TP-Link,"TP-Link Nano AC600 USB Wi-Fi Adapter(Archer T2U Nano)- 2.4G/5G Dual Band Wireless Network Adapter for PC Desktop Laptop, M... TP-Link",/static/images/2895.jpg,987,3
1674,Mobwill Charging Cable for Fire-Boltt Ninja/Ninja Pro/Ninja Pro Max/Ninja Call 2 / Beam Smartwatches,Mobwill,Mobwill Charging Cable for Fire-Boltt Ninja/Ninja Pro/Ninja Pro Max/Ninja Call 2 / Beam Smartwatches Mobwill,/static/images/4048.jpg,2342,3
1185,Redmi 108 cm (43 inches) 4K Ultra HD Android Smart LED TV X43 | L43R7-7AIN (Black),Redmi,Redmi 108 cm (43 inches) 4K Ultra HD Android Smart LED TV X43 | L43R7-7AIN (Black) Redmi,/static/images/3169.jpg,246,5
715,Sounce Cleaning Soft Brush Keyboard Cleaner 5-in-1 Multi-Function Computer Cleaning Tools Kit Corner Gap Duster Keycap Pul...,Sounce,Sounce Cleaning Soft Brush Keyboard Cleaner 5-in-1 Multi-Function Computer Cleaning Tools Kit Corner Gap Duster Keycap Pul... Sounce,/static/images/2231.jpg,4660,5
1387,"boAt Immortal IM1000D Dual Channel Gaming Wired Over Ear Headphones with mic, 7.1 Channel Surround Audio, Dolby Atmos, 50m...",boAt,"boAt Immortal IM1000D Dual Channel Gaming Wired Over Ear Headphones with mic, 7.1 Channel Surround Audio, Dolby Atmos, 50m... boAt",/static/images/3595.jpg,4397,4
1525,Gear Classic 20L Faux Leather Water Resistant Anti Theft Laptop Bag/Backpack for Men/Women-Navy,Gear,Gear Classic 20L Faux Leather Water Resistant Anti Theft Laptop Bag/Backpack for Men/Women-Navy Gear,/static/images/3836.jpg,255,5
1657,HP 805 Clr/Black Ink Crtg Combo 2-Pack,HP,HP 805 Clr/Black Ink Crtg Combo 2-Pack HP,/static/images/4030.jpg,4148,4
2210,ADISA 15.6 inch Laptop Backpack Office Bag College Travel Back Pack 32 Ltrs (z-Black),ADISA,ADISA 15.6 inch Laptop Backpack Office Bag College Travel Back Pack 32 Ltrs (z-Black) ADISA,/static/images/66.jpg,2026,1
79,SanDisk Cruzer Blade 64GB USB 2.0 Flash Drive,SanDisk,SanDisk Cruzer Blade 64GB USB 2.0 Flash Drive SanDisk,/static/images/1102.jpg,4134,3
1168,"Lava Blaze 5G (Glass Green, 4GB RAM, UFS 2.2 128GB Storage) | 5G Ready | 50MP AI Triple Camera | Upto 7GB Expandable RAM |...",Lava,"Lava Blaze 5G (Glass Green, 4GB RAM, UFS 2.2 128GB Storage) | 5G Ready | 50MP AI Triple Camera | Upto 7GB Expandable RAM |... Lava",/static/images/3146.jpg,4599,3
1847,"Spigen TPU Liquid Air Case Cover Designed for Samsung Galaxy Watch 5 / 4 - 44mm, 2022 / 2021 - (Matte Black) (Watch not In...",Spigen,"Spigen TPU Liquid Air Case Cover Designed for Samsung Galaxy Watch 5 / 4 - 44mm, 2022 / 2021 - (Matte Black) (Watch not In... Spigen",/static/images/4317.jpg,3842,2
1652,"DDPAI Mini Car Dash Camera, Full HD 1080p, 140° Wide Angle, F2.0 Aperture, Super-Capacitor, G-Sensor, WiFi, Parking Mode, ...",DDPAI,"DDPAI Mini Car Dash Camera, Full HD 1080p, 140° Wide Angle, F2.0 Aperture, Super-Capacitor, G-Sensor, WiFi, Parking Mode, ... DDPAI",/static/images/4025.jpg,1782,3
1102,Apsara Platinum Pencils Value Pack - Pack of 20,Apsara,Apsara Platinum Pencils Value Pack - Pack of 20 Apsara,/static/images/2948.jpg,224,4
1677,Cello Signature Creme Ivory Ball Pen | Blue Ball Pen | Pack of 1 | Best Ball Pen for Smooth Writing | Gifting Pens | Premi...,Cello,Cello Signature Creme Ivory Ball Pen | Blue Ball Pen | Pack of 1 | Best Ball Pen for Smooth Writing | Gifting Pens | Premi... Cello,/static/images/4051.jpg,1899,3
1703,"FEDUS Cat6 Ethernet Cable, 15 Meter High Speed 550MHZ / 10 Gigabit Speed UTP LAN Cable, Network Cable Internet Cable RJ45 ...",FEDUS,"FEDUS Cat6 Ethernet Cable, 15 Meter High Speed 550MHZ / 10 Gigabit Speed UTP LAN Cable, Network Cable Internet Cable RJ45 ... FEDUS",/static/images/4079.jpg,2523,5
1583,"Camlin PB White Board Bold Marker - Pack of 4 Assorted Colors (Black, Blue, Red, Green)",Camlin,"Camlin PB White Board Bold Marker - Pack of 4 Assorted Colors (Black, Blue, Red, Green) Camlin",/static/images/3964.jpg,299,3
314,MYVN WARP/Dash Charging Type c Charging Adapter Cable Compatible for One Plus 8T 8 8pro 7 Pro / 7T / 7T Pro Nord and Dash ...,MYVN,MYVN WARP/Dash Charging Type c Charging Adapter Cable Compatible for One Plus 8T 8 8pro 7 Pro / 7T / 7T Pro Nord and Dash ... MYVN,/static/images/1593.jpg,4943,4
811,"Sony Wh-Ch510 Bluetooth Wireless On Ear Headphones Up-To 35Hrs Playtime Lightweight, Type-C, Play/Pause Control, 30Mm Driv...",Sony,"Sony Wh-Ch510 Bluetooth Wireless On Ear Headphones Up-To 35Hrs Playtime Lightweight, Type-C, Play/Pause Control, 30Mm Driv... Sony",/static/images/2367.jpg,1032,4
172,GIZGA ESSENTIALS Spiral Charger Cable Protector (Set of 10) (G55),GIZGA,GIZGA ESSENTIALS Spiral Charger Cable Protector (Set of 10) (G55) GIZGA,/static/images/1297.jpg,2161,2
296,Goldmedal Curve Plus 202042 Plastic Spice 3-Pin 240V Universal Travel Adaptor (White),Goldmedal,Goldmedal Curve Plus 202042 Plastic Spice 3-Pin 240V Universal Travel Adaptor (White) Goldmedal,/static/images/1546.jpg,2299,1
836,"MI XIAOMI Dual Driver Dynamic Bass in-Ear Wired Earphones with Mic, 10mm& 8mm for Heavy Bass & Crystal Clear Vocals, Passi...",MI,"MI XIAOMI Dual Driver Dynamic Bass in-Ear Wired Earphones with Mic, 10mm& 8mm for Heavy Bass & Crystal Clear Vocals, Passi... MI",/static/images/2390.jpg,3637,1
2042,Navneet Youva | Primed Canvas Board for Acrylic and Oil Colour Painting | 12x16 inch | for Students and Budding Artists,Navneet,Navneet Youva | Primed Canvas Board for Acrylic and Oil Colour Painting | 12x16 inch | for Students and Budding Artists Navneet,/static/images/4769.jpg,3274,4
1042,"Sony MDR-ZX110AP Wired On-Ear Headphones with tangle free cable, 3.5mm Jack, Headset with Mic for phone calls and 1 Year W...",Sony,"Sony MDR-ZX110AP Wired On-Ear Headphones with tangle free cable, 3.5mm Jack, Headset with Mic for phone calls and 1 Year W... Sony",/static/images/282.jpg,3211,2
1512,"Tough Lee Tempered Glass Screen Guard for Poco C50 / Mi Redmi 11 Prime / A1 / 10A / 9A Sport / 9 Activ / 9A / 9 / 9i, Oppo...",Tough,"Tough Lee Tempered Glass Screen Guard for Poco C50 / Mi Redmi 11 Prime / A1 / 10A / 9A Sport / 9 Activ / 9A / 9 / 9i, Oppo... Tough",/static/images/3821.jpg,4282,2
1808,"Osaka­® 10"" (25.4 cm) Professional LED Ring Light with Tripod Stand for Mobile Phones & Camera, 3 Color Temperature Mode D...",Osaka­®,"Osaka­® 10"" (25.4 cm) Professional LED Ring Light with Tripod Stand for Mobile Phones & Camera, 3 Color Temperature Mode D... Osaka­®",/static/images/4225.jpg,1448,5
1183,Cello ColourUp Celebration Kit Gift Pack |12 Wax Crayons Colour Set | 12 Oil Pastels | 15 Mini Sketch Pens | Kids Drawing ...,Cello,Cello ColourUp Celebration Kit Gift Pack |12 Wax Crayons Colour Set | 12 Oil Pastels | 15 Mini Sketch Pens | Kids Drawing ... Cello,/static/images/3166.jpg,45,5
1820,"Softly Print 88A CC388A Laserjet Toner Cartridge for HP Laserjet Printer M1136, MFP, P1007, P1106, P1108, P1008, M1213nf, ...",Softly,"Softly Print 88A CC388A Laserjet Toner Cartridge for HP Laserjet Printer M1136, MFP, P1007, P1106, P1108, P1008, M1213nf, ... Softly",/static/images/4274.jpg,584,4
2242,"Casio SA-46 32 Mini Keys Musical Keyboard with Piano tones, Black/Green",Casio,"Casio SA-46 32 Mini Keys Musical Keyboard with Piano tones, Black/Green Casio",/static/images/707.jpg,2495,3
726,"Samsung Galaxy S20 FE 5G (Cloud Mint, 8GB RAM, 128GB Storage)",Samsung,"Samsung Galaxy S20 FE 5G (Cloud Mint, 8GB RAM, 128GB Storage) Samsung",/static/images/2265.jpg,3768,3
848,boAt Bassheads 100 Wired in Ear Earphones with Mic (Mint Orange),boAt,boAt Bassheads 100 Wired in Ear Earphones with Mic (Mint Orange) boAt,/static/images/241.jpg,3885,2
388,"Fire-Boltt Phoenix Smart Watch with Bluetooth Calling 1.3"",120+ Sports Modes, 240 * 240 PX High Res with SpO2, Heart Rate ...",Fire-Boltt,"Fire-Boltt Phoenix Smart Watch with Bluetooth Calling 1.3"",120+ Sports Modes, 240 * 240 PX High Res with SpO2, Heart Rate ... Fire-Boltt",/static/images/1691.jpg,1797,3
713,"Wipro 4 Way multiplug with 2 Universal sockets [2020 Model], White (NWM0100)",Wipro,"Wipro 4 Way multiplug with 2 Universal sockets [2020 Model], White (NWM0100) Wipro",/static/images/223.jpg,3582,1
61,LAPSTER Spiral Charger Spiral Charger Cable Protectors for Wires Data Cable Saver Charging Cord Protective Cable Cover Set...,LAPSTER,LAPSTER Spiral Charger Spiral Charger Cable Protectors for Wires Data Cable Saver Charging Cord Protective Cable Cover Set... LAPSTER,/static/images/1083.jpg,780,5
102,"SanDisk Ultra microSD UHS-I Card 32GB, 120MB/s R",SanDisk,"SanDisk Ultra microSD UHS-I Card 32GB, 120MB/s R SanDisk",/static/images/1130.jpg,4068,3
1076,PIDILITE Fevicryl Water Based Glass Colours 10 Assorted (115ml),PIDILITE,PIDILITE Fevicryl Water Based Glass Colours 10 Assorted (115ml) PIDILITE,/static/images/2893.jpg,2454,5
1985,"SanDisk Ultra microSD UHS-I Card 128GB, 120MB/s R",SanDisk,"SanDisk Ultra microSD UHS-I Card 128GB, 120MB/s R SanDisk",/static/images/4651.jpg,2644,1
1524,"Artis AR-45W-MG2 45 Watts MG2 Laptop Adapter/Charger Compatible with MB Air 13” & MB Air 11” (14.5 V, 3.1 A) Connector: MG...",Artis,"Artis AR-45W-MG2 45 Watts MG2 Laptop Adapter/Charger Compatible with MB Air 13” & MB Air 11” (14.5 V, 3.1 A) Connector: MG... Artis",/static/images/3835.jpg,4926,3
2095,Robustrion Smart Trifold Hard Back Flip Stand Case Cover for New iPad 9.7 inch 2018/2017 5th 6th Generation Model A1822 A1...,Robustrion,Robustrion Smart Trifold Hard Back Flip Stand Case Cover for New iPad 9.7 inch 2018/2017 5th 6th Generation Model A1822 A1... Robustrion,/static/images/4874.jpg,1290,1
1842,New Fastrack Reflex Beat+ 1.69” UltraVU Display|500 Nits Brightness|60 Sports Modes|24*7 Heart Rate Monitor|SpO2 Monitor|S...,New,New Fastrack Reflex Beat+ 1.69” UltraVU Display|500 Nits Brightness|60 Sports Modes|24*7 Heart Rate Monitor|SpO2 Monitor|S... New,/static/images/4304.jpg,4072,5
738,"ZEBRONICS ZEB-LPC88A Laser Toner Printer Cartridge for HP Laser Jet P1007/P1008/P1106/P1108, Pro M1136/M1213nf/M1216, Pro ...",ZEBRONICS,"ZEBRONICS ZEB-LPC88A Laser Toner Printer Cartridge for HP Laser Jet P1007/P1008/P1106/P1108, Pro M1136/M1213nf/M1216, Pro ... ZEBRONICS",/static/images/2277.jpg,2430,3
481,"FUR JADEN Anti Theft Number Lock Backpack Bag with 15.6 Inch Laptop Compartment, USB Charging Port & Organizer Pocket for ...",FUR,"FUR JADEN Anti Theft Number Lock Backpack Bag with 15.6 Inch Laptop Compartment, USB Charging Port & Organizer Pocket for ... FUR",/static/images/1824.jpg,2461,5
1372,HP 65W AC Laptops Charger Adapter 4.5mm for HP Pavilion Black (Without Power Cable),HP,HP 65W AC Laptops Charger Adapter 4.5mm for HP Pavilion Black (Without Power Cable) HP,/static/images/3578.jpg,1275,1
2103,"SWAPKART Fast Charging Cable and Data Sync USB Cable Compatible for iPhone 6/6S/7/7+/8/8+/10/11, 12, 13 Pro max iPad Air/M...",SWAPKART,"SWAPKART Fast Charging Cable and Data Sync USB Cable Compatible for iPhone 6/6S/7/7+/8/8+/10/11, 12, 13 Pro max iPad Air/M... SWAPKART",/static/images/4884.jpg,812,5
2336,"Redmi Note 10S (Deep Sea Blue, 6GB RAM, 64GB Storage) - Super Amoled Display | 64 MP Quad Camera | 6 Month Free Screen Rep...",Redmi,"Redmi Note 10S (Deep Sea Blue, 6GB RAM, 64GB Storage) - Super Amoled Display | 64 MP Quad Camera | 6 Month Free Screen Rep... Redmi",/static/images/884.jpg,3746,2
1369,"FUR JADEN 40L Weekender Travel Laptop Backpack with Anti Theft Pocket, Organizer, 15.6 Inch Padded Laptop Sleeve and Dual ...",FUR,"FUR JADEN 40L Weekender Travel Laptop Backpack with Anti Theft Pocket, Organizer, 15.6 Inch Padded Laptop Sleeve and Dual ... FUR",/static/images/3575.jpg,2700,3
1238,"truke Buds BTG3 Bluetooth Truly Wireless in Ear Earbuds with mic, AI-Powered Noise Cancellation, Auto Play/Pause, 55ms Low...",truke,"truke Buds BTG3 Bluetooth Truly Wireless in Ear Earbuds with mic, AI-Powered Noise Cancellation, Auto Play/Pause, 55ms Low... truke",/static/images/3320.jpg,3997,3
1917,Wecool BT1 ENC Earbuds with Magnetic Charging Case IPX5 Wireless Earphones with Digital Battery Indicator for Crisp Sound ...,Wecool,Wecool BT1 ENC Earbuds with Magnetic Charging Case IPX5 Wireless Earphones with Digital Battery Indicator for Crisp Sound ... Wecool,/static/images/4447.jpg,3278,3
2375,"Tizum USB Type C to Lightning Cable with 20W Fast Charging & 480 Mbps Data Transmission Speed for iPhones, iPads & other i...",Tizum,"Tizum USB Type C to Lightning Cable with 20W Fast Charging & 480 Mbps Data Transmission Speed for iPhones, iPads & other i... Tizum",/static/images/972.jpg,7,5
1794,"SanDisk Ultra Dual Drive Go USB3.0 Type C Pendrive for Mobile (Black, 32 GB, 5Y - SDDDC3-032G-I35)",SanDisk,"SanDisk Ultra Dual Drive Go USB3.0 Type C Pendrive for Mobile (Black, 32 GB, 5Y - SDDDC3-032G-I35) SanDisk",/static/images/4207.jpg,1642,5
1245,Onsitego 1 Year Extended Warranty for Small Household Appliances from Rs. 2501-3000 (Email Delivery - No Physical Kit),Onsitego,Onsitego 1 Year Extended Warranty for Small Household Appliances from Rs. 2501-3000 (Email Delivery - No Physical Kit) Onsitego,/static/images/3333.jpg,3826,3
28,"boAt Rockerz 255 Pro+ in-Ear Bluetooth Neckband with Upto 40 Hours Playback, ASAP Charge, IPX7, Dual Pairing, BT v5.0, wi...",boAt,"boAt Rockerz 255 Pro+ in-Ear Bluetooth Neckband with Upto 40 Hours Playback, ASAP Charge, IPX7, Dual Pairing, BT v5.0, wi... boAt",/static/images/105.jpg,2277,4
1527,"Tecno Spark 9 (Sky Mirror, 4GB RAM,64GB Storage) | 7GB Expandable RAM | Helio G37 Gaming Processor",Tecno,"Tecno Spark 9 (Sky Mirror, 4GB RAM,64GB Storage) | 7GB Expandable RAM | Helio G37 Gaming Processor Tecno",/static/images/3838.jpg,99,2
1174,Alice Bronze Acoustic Guitar Strings GS-01_Phosphor Bronze_(Pack of 1),Alice,Alice Bronze Acoustic Guitar Strings GS-01_Phosphor Bronze_(Pack of 1) Alice,/static/images/3154.jpg,973,4
1902,Apple AirPods (3rd Generation) with Lightning Charging Case ​​​​​​​,Apple,Apple AirPods (3rd Generation) with Lightning Charging Case ​​​​​​​ Apple,/static/images/4422.jpg,4987,3
400,Cello Signature Carbon Ball Pen | Blue Ball Pen | Pack of 1 | Premium Ball Pens | Best Ball Pen for Smooth Writing | Gifti...,Cello,Cello Signature Carbon Ball Pen | Blue Ball Pen | Pack of 1 | Premium Ball Pens | Best Ball Pen for Smooth Writing | Gifti... Cello,/static/images/1702.jpg,1838,3
155,OnePlus Nord Buds CE Bluetooth Truly Wireless in Ear Earbuds,OnePlus,OnePlus Nord Buds CE Bluetooth Truly Wireless in Ear Earbuds OnePlus,/static/images/1278.jpg,707,3
717,Acer 139 cm (55 inches) I Series 4K Ultra HD Android Smart LED TV AR55AR2851UDFL (Black),Acer,Acer 139 cm (55 inches) I Series 4K Ultra HD Android Smart LED TV AR55AR2851UDFL (Black) Acer,/static/images/2256.jpg,3822,1
604,"Fire-Boltt Invincible Plus 1.43"" AMOLED Display Smartwatch with Bluetooth Calling, TWS Connection, 300+ Sports Modes, 110 ...",Fire-Boltt,"Fire-Boltt Invincible Plus 1.43"" AMOLED Display Smartwatch with Bluetooth Calling, TWS Connection, 300+ Sports Modes, 110 ... Fire-Boltt",/static/images/2044.jpg,4514,1
334,"Pidilite Rangeela Holi Ke Rang - 4 Fluorescent Shades of Holi Colours (Floro Pink, Floro Yellow, Floro Orange, Floro Gree...",Pidilite,"Pidilite Rangeela Holi Ke Rang - 4 Fluorescent Shades of Holi Colours (Floro Pink, Floro Yellow, Floro Orange, Floro Gree... Pidilite",/static/images/1613.jpg,1520,5
1453,"BenQ GW2780 27 inch (68 cm) 1920 x 1080 Pixels IPS Full HD Ultra-Slim Bezel Monitor- Eye Care, Anti-Glare, Brightness Inte...",BenQ,"BenQ GW2780 27 inch (68 cm) 1920 x 1080 Pixels IPS Full HD Ultra-Slim Bezel Monitor- Eye Care, Anti-Glare, Brightness Inte... BenQ",/static/images/3677.jpg,2984,4
685,"Noise Buds VS104 Pro Truly Wireless Earbuds with 40H of Playtime, Quad Mic with ENC, Instacharge(10 min=150 min), 14.2mm D...",Noise,"Noise Buds VS104 Pro Truly Wireless Earbuds with 40H of Playtime, Quad Mic with ENC, Instacharge(10 min=150 min), 14.2mm D... Noise",/static/images/2180.jpg,2381,2
1522,"Orico 2.5""(6.3cm) USB 3.0 HDD Enclosure Case Cover for SATA SSD HDD | SATA SSD HDD Enclosure High Speed USB 3.0 | Tool Fre...",Orico,"Orico 2.5""(6.3cm) USB 3.0 HDD Enclosure Case Cover for SATA SSD HDD | SATA SSD HDD Enclosure High Speed USB 3.0 | Tool Fre... Orico",/static/images/3832.jpg,4220,1
138,"Gizga Essentials Hard Drive Case Shell, 6.35cm/2.5-inch, Portable Storage Organizer Bag for Earphone USB Cable Power Bank ...",Gizga,"Gizga Essentials Hard Drive Case Shell, 6.35cm/2.5-inch, Portable Storage Organizer Bag for Earphone USB Cable Power Bank ... Gizga",/static/images/119.jpg,3385,2
173,"Duracell Ultra Alkaline AA Battery, 4 Pcs",Duracell,"Duracell Ultra Alkaline AA Battery, 4 Pcs Duracell",/static/images/1298.jpg,1113,2
626,"ZEBRONICS Zeb-Bro in Ear Wired Earphones with Mic, 3.5mm Audio Jack, 10mm Drivers, Phone/Tablet Compatible(Red)",ZEBRONICS,"ZEBRONICS Zeb-Bro in Ear Wired Earphones with Mic, 3.5mm Audio Jack, 10mm Drivers, Phone/Tablet Compatible(Red) ZEBRONICS",/static/images/2093.jpg,2223,5
2076,"Quantum USB Wired Mouse, 1200 DPI Optical Sensor, Plug & Play Ergonomic Mouse for Comfortable All-Day Grip with 3-Button D...",Quantum,"Quantum USB Wired Mouse, 1200 DPI Optical Sensor, Plug & Play Ergonomic Mouse for Comfortable All-Day Grip with 3-Button D... Quantum",/static/images/4829.jpg,441,1
43,"Samsung Galaxy M04 Light Green, 4GB RAM, 64GB Storage | Upto 8GB RAM with RAM Plus | MediaTek Helio P35 | 5000 mAh Battery",Samsung,"Samsung Galaxy M04 Light Green, 4GB RAM, 64GB Storage | Upto 8GB RAM with RAM Plus | MediaTek Helio P35 | 5000 mAh Battery Samsung",/static/images/1063.jpg,2291,5
1234,MI Braided Type C 100cm Cable Red|Supports Upto 22.5 Fast Charging|Tangle Free Sturdy Built with Kevlar Protection|Support...,MI,MI Braided Type C 100cm Cable Red|Supports Upto 22.5 Fast Charging|Tangle Free Sturdy Built with Kevlar Protection|Support... MI,/static/images/3314.jpg,3704,2
78,"Boult Audio Z40 True Wireless in Ear Earbuds with 60H Playtime, Zen™ ENC Mic, Low Latency Gaming, Type-C Fast Charging, Ma...",Boult,"Boult Audio Z40 True Wireless in Ear Earbuds with 60H Playtime, Zen™ ENC Mic, Low Latency Gaming, Type-C Fast Charging, Ma... Boult",/static/images/1101.jpg,4685,5
819,"XIAOMI Dual Driver Dynamic Bass in-Ear Wired Earphones with Mic, 10mm & 8mm Dual Dynamic Drivers for Heavy Bass & Crystal-...",XIAOMI,"XIAOMI Dual Driver Dynamic Bass in-Ear Wired Earphones with Mic, 10mm & 8mm Dual Dynamic Drivers for Heavy Bass & Crystal-... XIAOMI",/static/images/2374.jpg,3686,5
337,"Samsung Original EHS64 Wired in Ear Earphones with Mic, Black",Samsung,"Samsung Original EHS64 Wired in Ear Earphones with Mic, Black Samsung",/static/images/1616.jpg,1687,1
165,"pTron Bassbuds Jade Truly Wireless in Ear Earbuds with 40ms Gaming Low Latency, HD Stereo Calls, 40Hrs Playtime, 1-Step Pa...",pTron,"pTron Bassbuds Jade Truly Wireless in Ear Earbuds with 40ms Gaming Low Latency, HD Stereo Calls, 40Hrs Playtime, 1-Step Pa... pTron",/static/images/1290.jpg,4311,3
346,"Lava Blaze 5G (Glass Green, 6GB RAM, UFS 2.2 128GB Storage) | 5G Ready | 50MP AI Triple Camera | Upto 9GB Expandable RAM |...",Lava,"Lava Blaze 5G (Glass Green, 6GB RAM, UFS 2.2 128GB Storage) | 5G Ready | 50MP AI Triple Camera | Upto 9GB Expandable RAM |... Lava",/static/images/1625.jpg,3436,1
579,"Fire-Boltt Ring 3 Smart Watch 1.8"" Biggest Display Advanced Bluetooth Calling Chip, Voice Assistance,118 Sports Modes, in ...",Fire-Boltt,"Fire-Boltt Ring 3 Smart Watch 1.8"" Biggest Display Advanced Bluetooth Calling Chip, Voice Assistance,118 Sports Modes, in ... Fire-Boltt",/static/images/1996.jpg,3857,3
1636,Gear Vintage2 28L Faux Leather Water Resistant Anti Theft Laptop Bag/Backpack for Men/Women-Brown,Gear,Gear Vintage2 28L Faux Leather Water Resistant Anti Theft Laptop Bag/Backpack for Men/Women-Brown Gear,/static/images/4010.jpg,3540,5
2309,Careflection M10 in-Ear TWS Wireless Touch Bluetooth Earplugs in The Ear Stereo Sport Headsets Earphone Noise Reduction He...,Careflection,Careflection M10 in-Ear TWS Wireless Touch Bluetooth Earplugs in The Ear Stereo Sport Headsets Earphone Noise Reduction He... Careflection,/static/images/85.jpg,25,3
1443,"ESnipe Mart Worldwide Travel Adapter with Build in Charger Dual USB Ports with 125V 6A,250V Electrical Protected Plug (White)",ESnipe,"ESnipe Mart Worldwide Travel Adapter with Build in Charger Dual USB Ports with 125V 6A,250V Electrical Protected Plug (White) ESnipe",/static/images/3666.jpg,632,4
1818,"Logitech H340 Stereo Wired Over Ear Headphones With Mic With Noise-Cancelling, Usb, Pc/Mac/Laptop - Black",Logitech,"Logitech H340 Stereo Wired Over Ear Headphones With Mic With Noise-Cancelling, Usb, Pc/Mac/Laptop - Black Logitech",/static/images/4245.jpg,1029,5
1,"OnePlus Nord CE 2 Lite 5G (Blue Tide, 6GB RAM, 128GB Storage)",OnePlus,"OnePlus Nord CE 2 Lite 5G (Blue Tide, 6GB RAM, 128GB Storage) OnePlus",/static/images/1.jpg,4905,2
53,"Scotch Double Sided Heavy Duty Tape(1m holds 4.5Kgs) for indoor hanging applications (Photo frames, Mirrors, Key Holders, ...",Scotch,"Scotch Double Sided Heavy Duty Tape(1m holds 4.5Kgs) for indoor hanging applications (Photo frames, Mirrors, Key Holders, ... Scotch",/static/images/1075.jpg,291,4
1150,"Fire-Boltt Visionary 1.78"" AMOLED Bluetooth Calling Smartwatch with 368 * 448 Pixel Resolution, Rotating Crown & 60Hz Refr...",Fire-Boltt,"Fire-Boltt Visionary 1.78"" AMOLED Bluetooth Calling Smartwatch with 368 * 448 Pixel Resolution, Rotating Crown & 60Hz Refr... Fire-Boltt",/static/images/3096.jpg,472,3
2220,"AmazonBasics USB 2.0 Extension Cable - A-Male to A-Female for Personal Computer, Printer - 6.5 Feet (Black, 2 Meters)",AmazonBasics,"AmazonBasics USB 2.0 Extension Cable - A-Male to A-Female for Personal Computer, Printer - 6.5 Feet (Black, 2 Meters) AmazonBasics",/static/images/682.jpg,3928,2
112,"MI 10000mAh Lithium Ion, Lithium Polymer Power Bank Pocket Pro with 22.5 Watt Fast Charging, Dual Input Ports(Micro-USB an...",MI,"MI 10000mAh Lithium Ion, Lithium Polymer Power Bank Pocket Pro with 22.5 Watt Fast Charging, Dual Input Ports(Micro-USB an... MI",/static/images/1142.jpg,197,5
2005,"POSH Display Port DP Male to HDMI Female Adapter Cable for DELL, HP, AMD",POSH,"POSH Display Port DP Male to HDMI Female Adapter Cable for DELL, HP, AMD POSH",/static/images/4697.jpg,4401,1
1214,"Apple Lightning to USB Camera Adapter, USB 3.0 OTG Cable for iPhone/iPad to Connect Card Reader, USB Flash Drive, U Disk, ...",Apple,"Apple Lightning to USB Camera Adapter, USB 3.0 OTG Cable for iPhone/iPad to Connect Card Reader, USB Flash Drive, U Disk, ... Apple",/static/images/3214.jpg,1304,2
1927,"boAt Rockerz 558 Bluetooth Wireless Over Ear Headphones with Mic Upto 20 Hours Playback, 50MM Drivers, Soft Padded Ear Cus...",boAt,"boAt Rockerz 558 Bluetooth Wireless Over Ear Headphones with Mic Upto 20 Hours Playback, 50MM Drivers, Soft Padded Ear Cus... boAt",/static/images/4467.jpg,562,5
132,"Logitech M221 Wireless Mouse, Silent Buttons, 2.4 GHz with USB Mini Receiver, 1000 DPI Optical Tracking, 18-Month Battery ...",Logitech,"Logitech M221 Wireless Mouse, Silent Buttons, 2.4 GHz with USB Mini Receiver, 1000 DPI Optical Tracking, 18-Month Battery ... Logitech",/static/images/1183.jpg,4511,3
1309,"realme Buds Wireless in Ear Bluetooth Earphones with mic, 11.2mm Bass Boost Driver, Magnetic Fast Pair, Fast Charging and ...",realme,"realme Buds Wireless in Ear Bluetooth Earphones with mic, 11.2mm Bass Boost Driver, Magnetic Fast Pair, Fast Charging and ... realme",/static/images/3474.jpg,1184,3
66,"boAt Flash Edition Smart Watch with Activity Tracker, Multiple Sports Modes, 1.3"" Screen, 170+ Watch Faces, Sleep Monitor,...",boAt,"boAt Flash Edition Smart Watch with Activity Tracker, Multiple Sports Modes, 1.3"" Screen, 170+ Watch Faces, Sleep Monitor,... boAt",/static/images/1090.jpg,2225,4
1957,Parker Moments Vector Timecheck Gold Trim Roller Ball Pen (Black),Parker,Parker Moments Vector Timecheck Gold Trim Roller Ball Pen (Black) Parker,/static/images/4531.jpg,3157,5
684,"Portronics C-Konnect, 3-in-1 USB Type C Adapter to Project Screen of Your USB Type-C Enabled Device on a Large Screen of A...",Portronics,"Portronics C-Konnect, 3-in-1 USB Type C Adapter to Project Screen of Your USB Type-C Enabled Device on a Large Screen of A... Portronics",/static/images/2179.jpg,2319,5
1913,"Xiaomi Mi Smart Router 4C, 300 Mbps with 4 high-Performance Antenna & App Control, Single_Band, Wi-Fi, White",Xiaomi,"Xiaomi Mi Smart Router 4C, 300 Mbps with 4 high-Performance Antenna & App Control, Single_Band, Wi-Fi, White Xiaomi",/static/images/4442.jpg,4066,1
23,"OnePlus 11R 5G (Galactic Silver, 16GB RAM, 256GB Storage)",OnePlus,"OnePlus 11R 5G (Galactic Silver, 16GB RAM, 256GB Storage) OnePlus",/static/images/1044.jpg,1423,3
1644,"Classmate Pulse 6 Subject Notebook - Unruled, 300 Pages, Spiral Binding, 240mm*180mm",Classmate,"Classmate Pulse 6 Subject Notebook - Unruled, 300 Pages, Spiral Binding, 240mm*180mm Classmate",/static/images/4018.jpg,2216,4
467,Zinq Cool Slate Dual Fan Cooling Pad for Notebook/Laptop with Dual USB Port(Black),Zinq,Zinq Cool Slate Dual Fan Cooling Pad for Notebook/Laptop with Dual USB Port(Black) Zinq,/static/images/1810.jpg,3967,4
434,"Boult Audio Powerbuds True Wireless in Ear Earbuds with 120H Playtime, in-Built Powerbank, Type-C Fast Charging, Made in I...",Boult,"Boult Audio Powerbuds True Wireless in Ear Earbuds with 120H Playtime, in-Built Powerbank, Type-C Fast Charging, Made in I... Boult",/static/images/1778.jpg,2057,1
1762,"AirCase Rugged Hard Drive Case for 2.5-inch Western Digital, Seagate, Toshiba, Portable Storage Shell for Gadget Hard Disk...",AirCase,"AirCase Rugged Hard Drive Case for 2.5-inch Western Digital, Seagate, Toshiba, Portable Storage Shell for Gadget Hard Disk... AirCase",/static/images/4167.jpg,1331,5
1432,"LOHAYA Remote Compatible for Mi Smart LED TV 4A Remote Control (32""/43"") [ Compatible for Mi Tv Remote Control ] [ Compati...",LOHAYA,"LOHAYA Remote Compatible for Mi Smart LED TV 4A Remote Control (32""/43"") [ Compatible for Mi Tv Remote Control ] [ Compati... LOHAYA",/static/images/3652.jpg,246,2
1055,"boAt A400 USB Type-C to USB-A 2.0 Male Data Cable, 2 Meter (Black)",boAt,"boAt A400 USB Type-C to USB-A 2.0 Male Data Cable, 2 Meter (Black) boAt",/static/images/2861.jpg,3181,1
2104,"Gaiatop Mini Portable Fan, Powerful Hand Fan Table Fan Personal Small Desk Fan with Base, Cute Design 3 Speed Dual Motors ...",Gaiatop,"Gaiatop Mini Portable Fan, Powerful Hand Fan Table Fan Personal Small Desk Fan with Base, Cute Design 3 Speed Dual Motors ... Gaiatop",/static/images/4885.jpg,4249,1
2065,Camlin Elegante Fountain Pen - Black/Blue/Red,Camlin,Camlin Elegante Fountain Pen - Black/Blue/Red Camlin,/static/images/4814.jpg,671,1
403,Crucial RAM 8GB DDR4 3200MHz CL22 (or 2933MHz or 2666MHz) Laptop Memory CT8G4SFRA32A,Crucial,Crucial RAM 8GB DDR4 3200MHz CL22 (or 2933MHz or 2666MHz) Laptop Memory CT8G4SFRA32A Crucial,/static/images/172.jpg,2480,5
1579,"Gizga Essentials Multi-Purpose Portable & Foldable Wooden Desk for Bed Tray, Laptop Table, Study Table (Black)",Gizga,"Gizga Essentials Multi-Purpose Portable & Foldable Wooden Desk for Bed Tray, Laptop Table, Study Table (Black) Gizga",/static/images/3960.jpg,1017,3
1406,"Dyazo Ergonomic PU Vegan Leather Mouse Pad, Non-Slip, Anti-Skid, Reversible use, Dual Color, Splash-Proof Suitable for Gam...",Dyazo,"Dyazo Ergonomic PU Vegan Leather Mouse Pad, Non-Slip, Anti-Skid, Reversible use, Dual Color, Splash-Proof Suitable for Gam... Dyazo",/static/images/3617.jpg,1093,4
37,"Fire-Boltt Phoenix Smart Watch with Bluetooth Calling 1.3"",120+ Sports Modes, 240 * 240 PX High Res with SpO2, Heart Rate ...",Fire-Boltt,"Fire-Boltt Phoenix Smart Watch with Bluetooth Calling 1.3"",120+ Sports Modes, 240 * 240 PX High Res with SpO2, Heart Rate ... Fire-Boltt",/static/images/1058.jpg,1050,4
45,"realme narzo 50A Prime (Flash Blue, 4GB RAM+128GB Storage) FHD+ Display | 50MP AI Triple Camera| Charger Included",realme,"realme narzo 50A Prime (Flash Blue, 4GB RAM+128GB Storage) FHD+ Display | 50MP AI Triple Camera| Charger Included realme",/static/images/1065.jpg,1534,3
2177,"Redmi Lithiumpolymer 10000 Mah Fast Charging Slim Power Bank (Black, 10W Fast Charging, Dual Ports)",Redmi,"Redmi Lithiumpolymer 10000 Mah Fast Charging Slim Power Bank (Black, 10W Fast Charging, Dual Ports) Redmi",/static/images/604.jpg,2836,1
1215,One Plus USB Type C to 3.5mm Adapter for OnePlus 7T 8T 9 Pro Headphone Jack Adapter - USB Type C to 3.5mm Aux Audio Earpho...,One,One Plus USB Type C to 3.5mm Adapter for OnePlus 7T 8T 9 Pro Headphone Jack Adapter - USB Type C to 3.5mm Aux Audio Earpho... One,/static/images/3215.jpg,1205,1
1081,"ZEBRONICS Zeb-Jaguar Wireless Mouse, 2.4GHz with USB Nano Receiver, High Precision Optical Tracking, 4 Buttons, Plug & Pla...",ZEBRONICS,"ZEBRONICS Zeb-Jaguar Wireless Mouse, 2.4GHz with USB Nano Receiver, High Precision Optical Tracking, 4 Buttons, Plug & Pla... ZEBRONICS",/static/images/2899.jpg,4959,1
837,Flix Micro Usb Cable For Smartphone (Black),Flix,Flix Micro Usb Cable For Smartphone (Black) Flix,/static/images/2391.jpg,763,3
2151,SYGA Professional Sketch and Drawing Pencils ，Art Pencil Box Contains 12 Pieces Set B 2B 3B 4B 5B 6B 7B 8B HB H 2H F,SYGA,SYGA Professional Sketch and Drawing Pencils ，Art Pencil Box Contains 12 Pieces Set B 2B 3B 4B 5B 6B 7B 8B HB H 2H F SYGA,/static/images/502.jpg,3615,4
799,"Noise ColorFit Pro 2 Full Touch Control Smart Watch with 35g Weight & Upgraded LCD Display,IP68 Waterproof,Heart Rate Moni...",Noise,"Noise ColorFit Pro 2 Full Touch Control Smart Watch with 35g Weight & Upgraded LCD Display,IP68 Waterproof,Heart Rate Moni... Noise",/static/images/2356.jpg,4354,3
2190,"realme narzo 50A (Oxygen Green , 4GB RAM + 128 GB Storage) Helio G85 Processor | 6000 mAh Battery",realme,"realme narzo 50A (Oxygen Green , 4GB RAM + 128 GB Storage) Helio G85 Processor | 6000 mAh Battery realme",/static/images/621.jpg,2915,2
392,"Noise Buds VS104 in-Ear Truly Wireless Earbuds with 30H of Playtime, Instacharge(10 min=150 min), 13mm Driver, Mic, Hyper ...",Noise,"Noise Buds VS104 in-Ear Truly Wireless Earbuds with 30H of Playtime, Instacharge(10 min=150 min), 13mm Driver, Mic, Hyper ... Noise",/static/images/1695.jpg,577,5
22,"Redmi 10A (Charcoal Black, 4GB RAM, 64GB Storage) | 2 Ghz Octa Core Helio G25 | 5000 mAh Battery | Finger Print Sensor | U...",Redmi,"Redmi 10A (Charcoal Black, 4GB RAM, 64GB Storage) | 2 Ghz Octa Core Helio G25 | 5000 mAh Battery | Finger Print Sensor | U... Redmi",/static/images/1043.jpg,300,1
2234,"Portronics Toad 22 2.4Ghz Wireless Optical Mouse for Laptops/PC with USB Nano Dongle, Optical Orientation, Adjustable DPI,...",Portronics,"Portronics Toad 22 2.4Ghz Wireless Optical Mouse for Laptops/PC with USB Nano Dongle, Optical Orientation, Adjustable DPI,... Portronics",/static/images/699.jpg,1847,5
2060,Digitek (DTR 480LW) (57 Inch) Portable Lightweight Aluminum Tripod for DSLR Cameras & Smartphones with Operating Ht. 4.75 ...,Digitek,Digitek (DTR 480LW) (57 Inch) Portable Lightweight Aluminum Tripod for DSLR Cameras & Smartphones with Operating Ht. 4.75 ... Digitek,/static/images/481.jpg,1006,3
1153,"Amazon Basics Capacitive Stylus Pen for iOS and Android Touchscreen Devices, Fine Point Disc Tip, Lightweight Metal Body w...",Amazon,"Amazon Basics Capacitive Stylus Pen for iOS and Android Touchscreen Devices, Fine Point Disc Tip, Lightweight Metal Body w... Amazon",/static/images/3100.jpg,2954,4
1086,"Boult Audio Airbass Fx1 Bluetooth Truly Wireless in Ear Earbuds with Mic with 32H Total Playtime, Type-C Fast Charging, To...",Boult,"Boult Audio Airbass Fx1 Bluetooth Truly Wireless in Ear Earbuds with Mic with 32H Total Playtime, Type-C Fast Charging, To... Boult",/static/images/2903.jpg,3949,3
1120,HUMBLE® Spiral Charger Cable Protector Data Cable Saver Charging Cord Protective Cable Cover Set of 2 (8 Pieces),HUMBLE®,HUMBLE® Spiral Charger Cable Protector Data Cable Saver Charging Cord Protective Cable Cover Set of 2 (8 Pieces) HUMBLE®,/static/images/2998.jpg,4749,2
1509,"Redmi Pad | MediaTek Helio G99 | 26.95cm (10.61 inch) 2K Resolution & 90Hz Refresh Rate Display | 4GB RAM & 128GB Storage,...",Redmi,"Redmi Pad | MediaTek Helio G99 | 26.95cm (10.61 inch) 2K Resolution & 90Hz Refresh Rate Display | 4GB RAM & 128GB Storage,... Redmi",/static/images/3819.jpg,682,2
1915,Great Choice High HD Focus Spy Magnet Camera Full HD Mini Spy WiFi Magnetic Live Stream Night Vision IP Wireless 1080P Aud...,Great,Great Choice High HD Focus Spy Magnet Camera Full HD Mini Spy WiFi Magnetic Live Stream Night Vision IP Wireless 1080P Aud... Great,/static/images/4445.jpg,369,5
980,"Samsung 253L 3 Star Inverter Frost Free Double Door Refrigerator (RT28T3743S8/HL, Silver, Elegant Inox, Convertible, 2022 ...",Samsung,"Samsung 253L 3 Star Inverter Frost Free Double Door Refrigerator (RT28T3743S8/HL, Silver, Elegant Inox, Convertible, 2022 ... Samsung",/static/images/2686.jpg,969,4
2059,"Zorbes ® Charging Adapter 2.5Mm Jack Cable Usb To Dc 2.5Mm To Usb Charging Cable For Toy, Beauty Product, Magic Mate, White",Zorbes,"Zorbes ® Charging Adapter 2.5Mm Jack Cable Usb To Dc 2.5Mm To Usb Charging Cable For Toy, Beauty Product, Magic Mate, White Zorbes",/static/images/4809.jpg,3760,4
1137,"HUMBLE Silicone 19mm Replacement Band Strap with Metal Buckle Compatible with Noise Colorfit Pro 2 , Storm Smart Watch & W...",HUMBLE,"HUMBLE Silicone 19mm Replacement Band Strap with Metal Buckle Compatible with Noise Colorfit Pro 2 , Storm Smart Watch & W... HUMBLE",/static/images/3031.jpg,208,1
106,"boAt Wave Call Smart Watch, Smart Talk with Advanced Dedicated Bluetooth Calling Chip, 1.69” HD Display with 550 NITS & 7...",boAt,"boAt Wave Call Smart Watch, Smart Talk with Advanced Dedicated Bluetooth Calling Chip, 1.69” HD Display with 550 NITS & 7... boAt",/static/images/1137.jpg,4586,4
1312,"Gizga Essentials 3-in-1 Phone Cleaner, Screen Cleaner for Laptop, Fingerprint-Proof Screen Cleaner Kit, Reusable, Phones, ...",Gizga,"Gizga Essentials 3-in-1 Phone Cleaner, Screen Cleaner for Laptop, Fingerprint-Proof Screen Cleaner Kit, Reusable, Phones, ... Gizga",/static/images/3478.jpg,3779,4
217,"boAt Xtend Smartwatch with Alexa Built-in, 1.69” HD Display, Multiple Watch Faces, Stress Monitor, Heart & SpO2 Monitorin...",boAt,"boAt Xtend Smartwatch with Alexa Built-in, 1.69” HD Display, Multiple Watch Faces, Stress Monitor, Heart & SpO2 Monitorin... boAt",/static/images/1416.jpg,2241,4
2045,Kangaro DP-600 Paper Punch,Kangaro,Kangaro DP-600 Paper Punch Kangaro,/static/images/4772.jpg,558,1
1251,"Marklif Premium Metal Folding Portable Laptop Stand Non-Slip Base Bracket, Tabletop Risers for 10-17 Inch Laptop & Keyboar...",Marklif,"Marklif Premium Metal Folding Portable Laptop Stand Non-Slip Base Bracket, Tabletop Risers for 10-17 Inch Laptop & Keyboar... Marklif",/static/images/3373.jpg,2910,2
942,"Wayona Nylon Braided 3A Lightning to USB A Syncing and Fast Charging Data Cable for iPhone, Ipad (3 FT Pack of 1, Black)",Wayona,"Wayona Nylon Braided 3A Lightning to USB A Syncing and Fast Charging Data Cable for iPhone, Ipad (3 FT Pack of 1, Black) Wayona",/static/images/258.jpg,3470,3
1457,realme 360 Deg 1080p Full HD WiFi Smart Security Camera (White) | Alexa Enabled | 2-Way Audio | Night Vision | Motion Trac...,realme,realme 360 Deg 1080p Full HD WiFi Smart Security Camera (White) | Alexa Enabled | 2-Way Audio | Night Vision | Motion Trac... realme,/static/images/3686.jpg,1310,5
1781,"GOVO GOKIXX 952 Bluetooth Neckband, 106 Hours Battery, ENC Technology, Fast Charge, Gaming Mode, 10mm Drivers, Type C Char...",GOVO,"GOVO GOKIXX 952 Bluetooth Neckband, 106 Hours Battery, ENC Technology, Fast Charge, Gaming Mode, 10mm Drivers, Type C Char... GOVO",/static/images/4191.jpg,1099,2
887,"Fire-Boltt Gladiator 1.96"" Biggest Display Smart Watch with Bluetooth Calling, Voice Assistant &123 Sports Modes, 8 Unique...",Fire-Boltt,"Fire-Boltt Gladiator 1.96"" Biggest Display Smart Watch with Bluetooth Calling, Voice Assistant &123 Sports Modes, 8 Unique... Fire-Boltt",/static/images/249.jpg,2795,5
629,"Fire-Boltt Visionary 1.78"" AMOLED Bluetooth Calling Smartwatch with 368 * 448 Pixel Resolution, Rotating Crown & 60Hz Refr...",Fire-Boltt,"Fire-Boltt Visionary 1.78"" AMOLED Bluetooth Calling Smartwatch with 368 * 448 Pixel Resolution, Rotating Crown & 60Hz Refr... Fire-Boltt",/static/images/2096.jpg,4481,1
300,"Boult Audio X30 True Wireless in Ear Earbuds with 40H Playtime, Quad Mic ENC, 45ms Xtreme Low Latency, Made in India, Typ...",Boult,"Boult Audio X30 True Wireless in Ear Earbuds with 40H Playtime, Quad Mic ENC, 45ms Xtreme Low Latency, Made in India, Typ... Boult",/static/images/1550.jpg,2188,3
169,Canon PG-47 Ink Cartridge (Black),Canon,Canon PG-47 Ink Cartridge (Black) Canon,/static/images/1294.jpg,3891,5
2316,realme Narzo 50 Pro 5G (Hyper Black 8GB RAM+128GB Storage) Dimensity 920 5G Processor |90Hz Super AMOLED Display,realme,realme Narzo 50 Pro 5G (Hyper Black 8GB RAM+128GB Storage) Dimensity 920 5G Processor |90Hz Super AMOLED Display realme,/static/images/859.jpg,2457,2
1911,Isoelite Remote Compatible for Samsung LED/LCD Remote Control Works with All Samsung LED/LCD TV Model No :- BN59-607A (Ple...,Isoelite,Isoelite Remote Compatible for Samsung LED/LCD Remote Control Works with All Samsung LED/LCD TV Model No :- BN59-607A (Ple... Isoelite,/static/images/4437.jpg,665,1
2154,"Tecno Spark 9 (Infinity Black, 4GB RAM,64GB Storage) | 7GB Expandable RAM | Helio G37 Gaming Processor",Tecno,"Tecno Spark 9 (Infinity Black, 4GB RAM,64GB Storage) | 7GB Expandable RAM | Helio G37 Gaming Processor Tecno",/static/images/529.jpg,3384,3
399,"Portronics CarPower Mini Car Charger with Dual Output, Fast Charging (Type C PD 18W + QC 3.0A) Compatible with All Smartph...",Portronics,"Portronics CarPower Mini Car Charger with Dual Output, Fast Charging (Type C PD 18W + QC 3.0A) Compatible with All Smartph... Portronics",/static/images/1701.jpg,4150,3
2143,"Amazon Brand - Solimo Back Case Cover for Apple iPhone 13, Apple iPhone 13 Back Case Cover, Matte Soft Flexible Silicone, ...",Amazon,"Amazon Brand - Solimo Back Case Cover for Apple iPhone 13, Apple iPhone 13 Back Case Cover, Matte Soft Flexible Silicone, ... Amazon",/static/images/5000.jpg,4657,1
472,"Zebronics Zeb-Buds 30 3.5Mm Stereo Wired In Ear Earphones With Mic For Calling, Volume Control, Multifunction Button, 14Mm...",Zebronics,"Zebronics Zeb-Buds 30 3.5Mm Stereo Wired In Ear Earphones With Mic For Calling, Volume Control, Multifunction Button, 14Mm... Zebronics",/static/images/1815.jpg,4410,4
2248,coocaa 80 cm (32 inches) Frameless Series HD Ready Smart IPS LED TV 32S3U Pro (Black),coocaa,coocaa 80 cm (32 inches) Frameless Series HD Ready Smart IPS LED TV 32S3U Pro (Black) coocaa,/static/images/714.jpg,4069,3
276,"Noise Pulse 2 Max Advanced Bluetooth Calling Smart Watch with 1.85'' Display, 550 NITS Brightness, Smart DND, 10 Days Batt...",Noise,"Noise Pulse 2 Max Advanced Bluetooth Calling Smart Watch with 1.85'' Display, 550 NITS Brightness, Smart DND, 10 Days Batt... Noise",/static/images/1501.jpg,1145,2
2117,"Wayona Nylon Braided USB Data Sync and Fast Charging 3A Short Power Bank Cable For iPhones, iPad Air, iPad mini, iPod Nano...",Wayona,"Wayona Nylon Braided USB Data Sync and Fast Charging 3A Short Power Bank Cable For iPhones, iPad Air, iPad mini, iPod Nano... Wayona",/static/images/496.jpg,3537,1
1350,"Portronics AUTO 10 POR-320, Bluetooth - FM Transmitter in-Car Radio Adapter for Hands-Free Calling, Music Streaming, Micro...",Portronics,"Portronics AUTO 10 POR-320, Bluetooth - FM Transmitter in-Car Radio Adapter for Hands-Free Calling, Music Streaming, Micro... Portronics",/static/images/3524.jpg,3993,5
1885,"Redmi 10 (Midnight Black, 4GB RAM, 64GB Storage)",Redmi,"Redmi 10 (Midnight Black, 4GB RAM, 64GB Storage) Redmi",/static/images/4392.jpg,2479,2
198,"Fire-Boltt Ring 3 Smart Watch 1.8 Biggest Display with Advanced Bluetooth Calling Chip, Voice Assistance,118 Sports Modes,...",Fire-Boltt,"Fire-Boltt Ring 3 Smart Watch 1.8 Biggest Display with Advanced Bluetooth Calling Chip, Voice Assistance,118 Sports Modes,... Fire-Boltt",/static/images/1374.jpg,3664,3
1758,"ZEBRONICS Cheetah Wireless Mouse with 1600 DPI, High Accuracy, Precise Usage, 3 Buttons, Ergonomic and Comfortable Design...",ZEBRONICS,"ZEBRONICS Cheetah Wireless Mouse with 1600 DPI, High Accuracy, Precise Usage, 3 Buttons, Ergonomic and Comfortable Design... ZEBRONICS",/static/images/4163.jpg,234,3
578,CROSSVOLT Tough Rugged TPU Cover Case for Airpods Pro (2019) - Matte Black,CROSSVOLT,CROSSVOLT Tough Rugged TPU Cover Case for Airpods Pro (2019) - Matte Black CROSSVOLT,/static/images/1995.jpg,4163,1
1452,Sounce Adjustable Xiaomi Mi Band 5 & Mi Band 6 Watch Strap Silicone Adjustable - Set of 5,Sounce,Sounce Adjustable Xiaomi Mi Band 5 & Mi Band 6 Watch Strap Silicone Adjustable - Set of 5 Sounce,/static/images/3676.jpg,4232,2
286,Logitech H111 Wired On Ear Headphones With Mic Black,Logitech,Logitech H111 Wired On Ear Headphones With Mic Black Logitech,/static/images/1511.jpg,1128,4
1718,Canon GI790 Y Ink Cartridge (Yellow),Canon,Canon GI790 Y Ink Cartridge (Yellow) Canon,/static/images/4094.jpg,2674,2
1929,"Portronics Hydra 10 Mechanical Wireless Gaming Keyboard with Bluetooth 5.0 + 2.4 GHz, RGB Lights 16.8 Million Colors, Type...",Portronics,"Portronics Hydra 10 Mechanical Wireless Gaming Keyboard with Bluetooth 5.0 + 2.4 GHz, RGB Lights 16.8 Million Colors, Type... Portronics",/static/images/4469.jpg,3996,2
718,"iQOO Z6 44W by vivo (Lumina Blue, 4GB RAM, 128GB Storage) | 6.44"" FHD+ AMOLED Display | 50% Charge in just 27 mins | in-Di...",iQOO,"iQOO Z6 44W by vivo (Lumina Blue, 4GB RAM, 128GB Storage) | 6.44"" FHD+ AMOLED Display | 50% Charge in just 27 mins | in-Di... iQOO",/static/images/2257.jpg,1215,5
1510,"ETI Duct Tape, 48x50m (Grey)",ETI,"ETI Duct Tape, 48x50m (Grey) ETI",/static/images/382.jpg,2761,4
343,"Redgear A-10 Wired Gaming Mouse with RGB LED, Lightweight and Durable Design, DPI Upto 2400, Compatible with Windows and MAC.",Redgear,"Redgear A-10 Wired Gaming Mouse with RGB LED, Lightweight and Durable Design, DPI Upto 2400, Compatible with Windows and MAC. Redgear",/static/images/1622.jpg,2361,3
273,"OnePlus Nord Buds True Wireless in Ear Earbuds with Mic, 12.4mm Titanium Drivers, Playback:Up to 30hr case, 4-Mic Design +...",OnePlus,"OnePlus Nord Buds True Wireless in Ear Earbuds with Mic, 12.4mm Titanium Drivers, Playback:Up to 30hr case, 4-Mic Design +... OnePlus",/static/images/1499.jpg,223,5
2364,"ProElite Smart Flip Case Cover for Samsung Galaxy Tab A8 10.5"" SM-X200/ SM-X205/ SM-X207 Translucent Back with Stylus Pen,...",ProElite,"ProElite Smart Flip Case Cover for Samsung Galaxy Tab A8 10.5"" SM-X200/ SM-X205/ SM-X207 Translucent Back with Stylus Pen,... ProElite",/static/images/957.jpg,2097,2
2107,"SanDisk iXpand USB 3.0 Flash Drive Flip 128GB for iOS and Windows, Metalic",SanDisk,"SanDisk iXpand USB 3.0 Flash Drive Flip 128GB for iOS and Windows, Metalic SanDisk",/static/images/4889.jpg,2458,2
2255,"Wolpin Portable Travel Organizer Case for Earphones, Data Cables, Charger, Pen Drives, Memory Card, (Black)",Wolpin,"Wolpin Portable Travel Organizer Case for Earphones, Data Cables, Charger, Pen Drives, Memory Card, (Black) Wolpin",/static/images/74.jpg,45,3
2337,"Lenovo Tab M10 Fhd Plus (2Nd Gen) (10.3 Inch, 4Gb, 128 Gb, Wi-Fi + LTE, Volte Calling, Platinum Grey) with Earphone, Kids ...",Lenovo,"Lenovo Tab M10 Fhd Plus (2Nd Gen) (10.3 Inch, 4Gb, 128 Gb, Wi-Fi + LTE, Volte Calling, Platinum Grey) with Earphone, Kids ... Lenovo",/static/images/885.jpg,3222,1
168,"Oppo F21s Pro (Starlight Black, 8GB RAM, 128 Storage) with No Cost EMI/Additional Exchange Offers",Oppo,"Oppo F21s Pro (Starlight Black, 8GB RAM, 128 Storage) with No Cost EMI/Additional Exchange Offers Oppo",/static/images/1293.jpg,4254,2
1978,FREXCEZ Dash Type C Fast Charging Cable Compatible for one plus 8T/ one plus 8 Pro/one plus 8 / one plus 7 / one plus 7T /...,FREXCEZ,FREXCEZ Dash Type C Fast Charging Cable Compatible for one plus 8T/ one plus 8 Pro/one plus 8 / one plus 7 / one plus 7T /... FREXCEZ,/static/images/4639.jpg,331,2
1690,HP 64GB Class 10 MicroSD Memory Card (HP-MSDCWAU1-64GB),HP,HP 64GB Class 10 MicroSD Memory Card (HP-MSDCWAU1-64GB) HP,/static/images/4064.jpg,3138,3
1544,"Gizga Essentials Laptop Bag Sleeve Case Cover Pouch for 15.6 Inch Laptop for Men & Women, Padded Laptop Compartment, Free ...",Gizga,"Gizga Essentials Laptop Bag Sleeve Case Cover Pouch for 15.6 Inch Laptop for Men & Women, Padded Laptop Compartment, Free ... Gizga",/static/images/3878.jpg,4095,1
332,"Redgear Blaze Semi-Mechanical wired Gaming keyboard with 3 colour backlit, full aluminium body & Windows key lock for PC (...",Redgear,"Redgear Blaze Semi-Mechanical wired Gaming keyboard with 3 colour backlit, full aluminium body & Windows key lock for PC (... Redgear",/static/images/1611.jpg,3253,5
920,"Samsung Galaxy M32 Prime Edition (Black, 6GB RAM, 128GB)",Samsung,"Samsung Galaxy M32 Prime Edition (Black, 6GB RAM, 128GB) Samsung",/static/images/2533.jpg,3787,2
515,Spigen EZ Fit Tempered Glass Screen Protector Guard for iPhone 14/13/13 Pro - 2 Pack,Spigen,Spigen EZ Fit Tempered Glass Screen Protector Guard for iPhone 14/13/13 Pro - 2 Pack Spigen,/static/images/1883.jpg,2354,3
2352,TheGiftKart Shockproof Crystal Clear Back Cover Case for Google Pixel 6A | 360 Degree Protection | Protective Design | Tra...,TheGiftKart,TheGiftKart Shockproof Crystal Clear Back Cover Case for Google Pixel 6A | 360 Degree Protection | Protective Design | Tra... TheGiftKart,/static/images/943.jpg,2820,2
2314,LOHAYA Universal AC Remote Compatible with LG AC Remote Control Model No :- AKB72955306 [ Compatible for LG Split AC Remot...,LOHAYA,LOHAYA Universal AC Remote Compatible with LG AC Remote Control Model No :- AKB72955306 [ Compatible for LG Split AC Remot... LOHAYA,/static/images/857.jpg,2584,4
1950,"Lava Gem (Blue Gold), Speaker with Amplifier, PMMA 2.5D Glass, Military Grade Certified,1.3 MP Camera, Keypad Mobile",Lava,"Lava Gem (Blue Gold), Speaker with Amplifier, PMMA 2.5D Glass, Military Grade Certified,1.3 MP Camera, Keypad Mobile Lava",/static/images/4522.jpg,1633,2
71,"Echo Dot (3rd Gen) - Alexa smart speaker for music, smart home, kids learning & added Bluetooth control",Echo,"Echo Dot (3rd Gen) - Alexa smart speaker for music, smart home, kids learning & added Bluetooth control Echo",/static/images/1096.jpg,4882,1
1717,"CEDO 65W OnePlus Dash Warp Charge Cable, USB A to Type C Data Sync Fast Charging Cable Compatible with One Plus 3 /3T /5 /...",CEDO,"CEDO 65W OnePlus Dash Warp Charge Cable, USB A to Type C Data Sync Fast Charging Cable Compatible with One Plus 3 /3T /5 /... CEDO",/static/images/4093.jpg,3840,5
2247,Cello Technotip Ball Pen | Blue Ball Pens | Jar of 25 Units | Ball Pens for Students | Ball Point Pen Set | Writing Pens f...,Cello,Cello Technotip Ball Pen | Blue Ball Pens | Jar of 25 Units | Ball Pens for Students | Ball Point Pen Set | Writing Pens f... Cello,/static/images/713.jpg,3842,4
659,"Duracell USB Type C, 3A Braided Sync & Quick Charging Cable, 3.9 Feet (1.2M), QC 2.0/3.0 Fast Charging, Compatible with Sa...",Duracell,"Duracell USB Type C, 3A Braided Sync & Quick Charging Cable, 3.9 Feet (1.2M), QC 2.0/3.0 Fast Charging, Compatible with Sa... Duracell",/static/images/2129.jpg,557,2
1518,"Samsung Galaxy A14 5G (Dark Red, 6GB, 128GB Storage) | Triple Rear Camera (50 MP Main) | Upto 12 GB RAM with RAM Plus | Tr...",Samsung,"Samsung Galaxy A14 5G (Dark Red, 6GB, 128GB Storage) | Triple Rear Camera (50 MP Main) | Upto 12 GB RAM with RAM Plus | Tr... Samsung",/static/images/3828.jpg,4725,1
1015,Wacom One by CTL-472/K0-CX Digital Drawing Graphics Pen Tablet (Red & Black) Small (6-inch x 3.5-inch)(15x8cm) | Battery F...,Wacom,Wacom One by CTL-472/K0-CX Digital Drawing Graphics Pen Tablet (Red & Black) Small (6-inch x 3.5-inch)(15x8cm) | Battery F... Wacom,/static/images/2735.jpg,3313,5
1302,"Amazon Basics RJ45 Cat-5e Network Ethernet Patch/LAN Cable for Router - 50 Feet (15.2 Meters, White)",Amazon,"Amazon Basics RJ45 Cat-5e Network Ethernet Patch/LAN Cable for Router - 50 Feet (15.2 Meters, White) Amazon",/static/images/3465.jpg,2055,1
177,realme Narzo 50 Pro 5G (Hyper Black 6GB RAM+128GB Storage) Super AMOLED | Advanced Dimensity 920 5G Gaming Processor | 50%...,realme,realme Narzo 50 Pro 5G (Hyper Black 6GB RAM+128GB Storage) Super AMOLED | Advanced Dimensity 920 5G Gaming Processor | 50%... realme,/static/images/1301.jpg,2138,3
394,"Boult Audio Z25 True Wireless in Ear Earbuds with 32H Playtime, 45ms Low Latency, Type-C Fast Charging (10=150Mins), Made ...",Boult,"Boult Audio Z25 True Wireless in Ear Earbuds with 32H Playtime, 45ms Low Latency, Type-C Fast Charging (10=150Mins), Made ... Boult",/static/images/1697.jpg,1120,2
2328,"pTron Tangent Urban, 60Hrs Playtime, ENC, Bluetooth 5.3 Earphones, Low Latency Gaming, Punchy Bass, in-Ear Wireless Headph...",pTron,"pTron Tangent Urban, 60Hrs Playtime, ENC, Bluetooth 5.3 Earphones, Low Latency Gaming, Punchy Bass, in-Ear Wireless Headph... pTron",/static/images/873.jpg,1036,2
597,"Noise ColorFit Pulse Grand Smart Watch with 1.69""(42.9cm) HD Display, 60 Sports Modes, 150 Watch Faces, Fast Charge, Spo2,...",Noise,"Noise ColorFit Pulse Grand Smart Watch with 1.69""(42.9cm) HD Display, 60 Sports Modes, 150 Watch Faces, Fast Charge, Spo2,... Noise",/static/images/2014.jpg,4674,3
2297,"Beetel X73 Cordless 2.4Ghz Landline Phone with Caller ID Display, 2-Way Speaker Phone with Volume Controls, Auto Answer, A...",Beetel,"Beetel X73 Cordless 2.4Ghz Landline Phone with Caller ID Display, 2-Way Speaker Phone with Volume Controls, Auto Answer, A... Beetel",/static/images/835.jpg,2138,5
406,"boAt Rockerz 550 Bluetooth Wireless Over Ear Headphones with Mic Upto 20 Hours Playback, 50MM Drivers, Soft Padded Ear Cus...",boAt,"boAt Rockerz 550 Bluetooth Wireless Over Ear Headphones with Mic Upto 20 Hours Playback, 50MM Drivers, Soft Padded Ear Cus... boAt",/static/images/175.jpg,1354,1
473,"Redmi 11 Prime 5G (Thunder Black, 4GB RAM, 64GB Storage) | Prime Design | MTK Dimensity 700 | 50 MP Dual Cam | 5000mAh | 7...",Redmi,"Redmi 11 Prime 5G (Thunder Black, 4GB RAM, 64GB Storage) | Prime Design | MTK Dimensity 700 | 50 MP Dual Cam | 5000mAh | 7... Redmi",/static/images/1816.jpg,574,4
48,"boAt Rockerz 450 Bluetooth On Ear Headphones with Mic, Upto 15 Hours Playback, 40MM Drivers, Padded Ear Cushions, Integrat...",boAt,"boAt Rockerz 450 Bluetooth On Ear Headphones with Mic, Upto 15 Hours Playback, 40MM Drivers, Padded Ear Cushions, Integrat... boAt",/static/images/1068.jpg,1249,4
576,"Tecno POP 7 Pro (Uyuni Blue, 2GB RAM,64GB Storage) | Type C Port | 12MP Dual Camera | Up to 4GB RAM with Memory Fusion",Tecno,"Tecno POP 7 Pro (Uyuni Blue, 2GB RAM,64GB Storage) | Type C Port | 12MP Dual Camera | Up to 4GB RAM with Memory Fusion Tecno",/static/images/1992.jpg,331,1
1201,BROTHER BT-D60BK Ink Bottle (Black),BROTHER,BROTHER BT-D60BK Ink Bottle (Black) BROTHER,/static/images/3194.jpg,1084,3
29,"Hammer Ace 3.0 Bluetooth Calling Smart Watch with Largest 1.85"" IPS Display, Dual Mode, Spo2, Heart Rate, Strong Metallic ...",Hammer,"Hammer Ace 3.0 Bluetooth Calling Smart Watch with Largest 1.85"" IPS Display, Dual Mode, Spo2, Heart Rate, Strong Metallic ... Hammer",/static/images/1050.jpg,121,2
1889,HP USB Wireless Spill Resistance Keyboard and Mouse Set with 10m Working Range 2.4G Wireless Technology / 3 Years Warranty...,HP,HP USB Wireless Spill Resistance Keyboard and Mouse Set with 10m Working Range 2.4G Wireless Technology / 3 Years Warranty... HP,/static/images/4399.jpg,4831,3
299,"Samsung Galaxy S20 FE 5G (Cloud Navy, 8GB RAM, 128GB Storage) with No Cost EMI & Additional Exchange Offers",Samsung,"Samsung Galaxy S20 FE 5G (Cloud Navy, 8GB RAM, 128GB Storage) with No Cost EMI & Additional Exchange Offers Samsung",/static/images/1549.jpg,2333,2
470,"Amazon Basics High-Speed HDMI Cable - 10 Feet (Latest Standard) - Supports Ethernet, 3D, 4K video,Black",Amazon,"Amazon Basics High-Speed HDMI Cable - 10 Feet (Latest Standard) - Supports Ethernet, 3D, 4K video,Black Amazon",/static/images/1813.jpg,181,5
425,"3M Post-it Sticky Note Cube, 200 Sheets (4 Colors x 50 Sheets) | 3"" x 3"" Size | For notes, reminders, study, school and or...",3M,"3M Post-it Sticky Note Cube, 200 Sheets (4 Colors x 50 Sheets) | 3"" x 3"" Size | For notes, reminders, study, school and or... 3M",/static/images/177.jpg,3581,3
999,"AmazonBasics Whiteboard Drywipe Magnetic with Pen Tray and Aluminium Trim,Includes 6 magnets, 1 eraser, and 2 dry-erase ma...",AmazonBasics,"AmazonBasics Whiteboard Drywipe Magnetic with Pen Tray and Aluminium Trim,Includes 6 magnets, 1 eraser, and 2 dry-erase ma... AmazonBasics",/static/images/271.jpg,2591,2
832,"Logitech M235 Wireless Mouse, 1000 DPI Optical Tracking, 12 Month Life Battery, Compatible with Windows, Mac, Chromebook/P...",Logitech,"Logitech M235 Wireless Mouse, 1000 DPI Optical Tracking, 12 Month Life Battery, Compatible with Windows, Mac, Chromebook/P... Logitech",/static/images/2387.jpg,2066,5
641,HP 32GB Class 10 MicroSD Memory Card (U1 TF Card 32GB),HP,HP 32GB Class 10 MicroSD Memory Card (U1 TF Card 32GB) HP,/static/images/2110.jpg,806,5
1651,"Gizga Essentials Laptop Bag Sleeve Case Cover Pouch for 15.6 Inch Laptop for Men & Women, Padded Laptop Compartment, Free ...",Gizga,"Gizga Essentials Laptop Bag Sleeve Case Cover Pouch for 15.6 Inch Laptop for Men & Women, Padded Laptop Compartment, Free ... Gizga",/static/images/4024.jpg,4096,5
686,"pTron Volta 12W USB Charger, Fast Charging, Made in India, BIS Certified Single Port USB Wall Adapter Without Cable for Al...",pTron,"pTron Volta 12W USB Charger, Fast Charging, Made in India, BIS Certified Single Port USB Wall Adapter Without Cable for Al... pTron",/static/images/2182.jpg,2228,5
760,"Zebronics Zeb-Pluto 2.0 Multimedia Speaker with Aux Connectivity,USB Powered and Volume Control",Zebronics,"Zebronics Zeb-Pluto 2.0 Multimedia Speaker with Aux Connectivity,USB Powered and Volume Control Zebronics",/static/images/2299.jpg,3720,5
745,ANCHOR by Panasonic 5219 6A Cherry Flecicord Socket 2 Pin 8M (White),ANCHOR,ANCHOR by Panasonic 5219 6A Cherry Flecicord Socket 2 Pin 8M (White) ANCHOR,/static/images/2284.jpg,3514,1
574,"Duracell 36W Fast Car Charger Adapter with Dual USB Port. Qualcomm Certified 3.0, Quick Charge. Compatible with iPhone, Al...",Duracell,"Duracell 36W Fast Car Charger Adapter with Dual USB Port. Qualcomm Certified 3.0, Quick Charge. Compatible with iPhone, Al... Duracell",/static/images/199.jpg,1511,3
901,Fur Jaden Anti Theft Backpack 15.6 Inch Laptop Bag with USB Charging Port,Fur,Fur Jaden Anti Theft Backpack 15.6 Inch Laptop Bag with USB Charging Port Fur,/static/images/2507.jpg,2245,2
333,HP 680 Ink Cartridges Combo Pack (1 Black Cartridge + 1 tri-Color Cartridge),HP,HP 680 Ink Cartridges Combo Pack (1 Black Cartridge + 1 tri-Color Cartridge) HP,/static/images/1612.jpg,2668,3
1995,INEFABLE Oneplus Band Strap and Oppo Band Strap Soft Silicone Adjustable Band Strap - Device Not Included - Black - Pack of 1,INEFABLE,INEFABLE Oneplus Band Strap and Oppo Band Strap Soft Silicone Adjustable Band Strap - Device Not Included - Black - Pack of 1 INEFABLE,/static/images/4687.jpg,2349,2
1007,"KINGONE Upgraded Stylus Pen, iPad Pencil, Ultra High Precision & Sensitivity, Palm Rejection, Prevents False ON/OFF Touch,...",KINGONE,"KINGONE Upgraded Stylus Pen, iPad Pencil, Ultra High Precision & Sensitivity, Palm Rejection, Prevents False ON/OFF Touch,... KINGONE",/static/images/2720.jpg,2127,1
1552,Wayona Type C To Type C Long Fast Charging Cable Type C Charger Cord Compatible With Samsung S22 S20 S20 Fe 2022 S22 Ultra...,Wayona,Wayona Type C To Type C Long Fast Charging Cable Type C Charger Cord Compatible With Samsung S22 S20 S20 Fe 2022 S22 Ultra... Wayona,/static/images/3888.jpg,4332,4
486,RESONATE RouterUPS CRU12V2A | Zero Drop | UPS for WiFi Router | Mini UPS | Up to 4 Hours PowerBackup | Battery Replacement...,RESONATE,RESONATE RouterUPS CRU12V2A | Zero Drop | UPS for WiFi Router | Mini UPS | Up to 4 Hours PowerBackup | Battery Replacement... RESONATE,/static/images/1829.jpg,2909,4
840,Zebronics Zeb-Alex Wired USB Optical Mouse with 3 Buttons,Zebronics,Zebronics Zeb-Alex Wired USB Optical Mouse with 3 Buttons Zebronics,/static/images/2394.jpg,1072,3
1477,TheGiftKart Ultra-Hybrid Crystal Clear Back Case Cover for Samsung Galaxy S23 Ultra 5G | Shockproof Design | Camera Protec...,TheGiftKart,TheGiftKart Ultra-Hybrid Crystal Clear Back Case Cover for Samsung Galaxy S23 Ultra 5G | Shockproof Design | Camera Protec... TheGiftKart,/static/images/3715.jpg,2671,3
2240,Genie Flamenco2 Casual Backpacks for Women,Genie,Genie Flamenco2 Casual Backpacks for Women Genie,/static/images/705.jpg,4678,5
1000,HUMBLE Phone Holder for Bike/Bicycle for Phones/Mobile (Up to 7 Inches) (Updated 2023),HUMBLE,HUMBLE Phone Holder for Bike/Bicycle for Phones/Mobile (Up to 7 Inches) (Updated 2023) HUMBLE,/static/images/2710.jpg,3534,4
580,"boAt Aavante Bar 1750 2.1 Channel Bluetooth Soundbar with 120W RMS Signature Sound, Wireless Subwoofer, Multi-Compatibilit...",boAt,"boAt Aavante Bar 1750 2.1 Channel Bluetooth Soundbar with 120W RMS Signature Sound, Wireless Subwoofer, Multi-Compatibilit... boAt",/static/images/1997.jpg,1422,3
167,"pTron Solero MB301 3A Micro USB Data & Charging Cable, Made in India, 480Mbps Data Sync, Strong & Durable 1.5-Meter Nylon ...",pTron,"pTron Solero MB301 3A Micro USB Data & Charging Cable, Made in India, 480Mbps Data Sync, Strong & Durable 1.5-Meter Nylon ... pTron",/static/images/1292.jpg,2767,4
1048,Cosmic Byte ARES Wireless Controller for PC (Black),Cosmic,Cosmic Byte ARES Wireless Controller for PC (Black) Cosmic,/static/images/2830.jpg,3811,2
474,"Nokia 105 Plus Single SIM, Keypad Mobile Phone with Wireless FM Radio, Memory Card Slot and MP3 Player | Red",Nokia,"Nokia 105 Plus Single SIM, Keypad Mobile Phone with Wireless FM Radio, Memory Card Slot and MP3 Player | Red Nokia",/static/images/1818.jpg,2476,2
1572,"Fire-Boltt 360 SpO2 Full Touch Large Display Round Smart Watch with in-Built Games, 8 Days Battery Life, IP67 Water Resist...",Fire-Boltt,"Fire-Boltt 360 SpO2 Full Touch Large Display Round Smart Watch with in-Built Games, 8 Days Battery Life, IP67 Water Resist... Fire-Boltt",/static/images/3907.jpg,103,5
1118,"Humble Stainless Steel 19mm Chain Strap with Magnetic Buckle Compatible with Noise Colorfit Pro 2 , Boat Storm Smart Watch...",Humble,"Humble Stainless Steel 19mm Chain Strap with Magnetic Buckle Compatible with Noise Colorfit Pro 2 , Boat Storm Smart Watch... Humble",/static/images/2993.jpg,4957,5
1425,"boAt Airdopes 113 TWS Wireless in Ear Earbuds with ENx Tech, Beast Mode, ASAP Charge, 24H Playtime, Immersive Audio, IPX4,...",boAt,"boAt Airdopes 113 TWS Wireless in Ear Earbuds with ENx Tech, Beast Mode, ASAP Charge, 24H Playtime, Immersive Audio, IPX4,... boAt",/static/images/3644.jpg,4452,5
872,"FATMUG Laptop Bag For Men - Convertible Backpack For Office And Travel (Dark Grey,Oxford Fabric)",FATMUG,"FATMUG Laptop Bag For Men - Convertible Backpack For Office And Travel (Dark Grey,Oxford Fabric) FATMUG",/static/images/2470.jpg,653,5
2193,Apsara Long Point Sharpeners - Pack of 20,Apsara,Apsara Long Point Sharpeners - Pack of 20 Apsara,/static/images/626.jpg,3218,2
240,"PTron Solero TB301 3A Type-C Data and Fast Charging Cable, Made in India, 480Mbps Data Sync, Strong and Durable 1.5-Meter ...",PTron,"PTron Solero TB301 3A Type-C Data and Fast Charging Cable, Made in India, 480Mbps Data Sync, Strong and Durable 1.5-Meter ... PTron",/static/images/1464.jpg,2804,2
556,"pTron Volta 12W Fast Charging USB Wall Charger with 1m Micro USB Cable, Made in India, BIS Certified Single Port USB Wall ...",pTron,"pTron Volta 12W Fast Charging USB Wall Charger with 1m Micro USB Cable, Made in India, BIS Certified Single Port USB Wall ... pTron",/static/images/1972.jpg,3420,1
841,"boAt Newly Launched Wave Style Call with Advanced Dedicated Bluetooth Calling Chip, 600+ Watch Faces, 1.69"" HD Display, He...",boAt,"boAt Newly Launched Wave Style Call with Advanced Dedicated Bluetooth Calling Chip, 600+ Watch Faces, 1.69"" HD Display, He... boAt",/static/images/2395.jpg,4755,3
826,"Noise Buds VS104 Pro Truly Wireless Earbuds with 40H of Playtime, Quad Mic with ENC, Instacharge(10 min=150 min), 14.2mm D...",Noise,"Noise Buds VS104 Pro Truly Wireless Earbuds with 40H of Playtime, Quad Mic with ENC, Instacharge(10 min=150 min), 14.2mm D... Noise",/static/images/2380.jpg,902,3
692,"Nokia 5310 Dual SIM Keypad Phone with MP3 Player, Wireless FM Radio and Rear Camera with Flash | White/Red",Nokia,"Nokia 5310 Dual SIM Keypad Phone with MP3 Player, Wireless FM Radio and Rear Camera with Flash | White/Red Nokia",/static/images/221.jpg,4336,3
1702,"Boya BY-M1 Pro Omnidirectional Lavalier Condenser Microphone with Gain control, Headphone-out, Noise cancellation for iPho...",Boya,"Boya BY-M1 Pro Omnidirectional Lavalier Condenser Microphone with Gain control, Headphone-out, Noise cancellation for iPho... Boya",/static/images/4078.jpg,1369,2
1324,"Safari Quill Laptop Backpack 26 Ltrs Water Resistant Fabric - Black, L (QUILL19CBBLK)",Safari,"Safari Quill Laptop Backpack 26 Ltrs Water Resistant Fabric - Black, L (QUILL19CBBLK) Safari",/static/images/3491.jpg,3954,4
501,"Zebronics ZEB-COUNTY 3W Wireless Bluetooth Portable Speaker With Supporting Carry Handle, USB, SD Card, AUX, FM & Call Fun...",Zebronics,"Zebronics ZEB-COUNTY 3W Wireless Bluetooth Portable Speaker With Supporting Carry Handle, USB, SD Card, AUX, FM & Call Fun... Zebronics",/static/images/1847.jpg,4765,2
1721,Portronics My Buddy Hexa 22 Adjustable Tabletop Laptop Stand with Mobile Holder Ventilated Portable Foldable Compatible fo...,Portronics,Portronics My Buddy Hexa 22 Adjustable Tabletop Laptop Stand with Mobile Holder Ventilated Portable Foldable Compatible fo... Portronics,/static/images/4097.jpg,1822,1
1353,Anthems Study Table/Bed Table/Foldable and Portable Wooden/Writing Desk for Office/Home/School (Black MAXX),Anthems,Anthems Study Table/Bed Table/Foldable and Portable Wooden/Writing Desk for Office/Home/School (Black MAXX) Anthems,/static/images/3552.jpg,1649,5
336,"iQOO Z6 Pro 5G by vivo (Phantom Dusk, 6GB RAM, 128GB Storage) | Snapdragon 778G 5G | 66W FlashCharge | 1300 nits Peak Brig...",iQOO,"iQOO Z6 Pro 5G by vivo (Phantom Dusk, 6GB RAM, 128GB Storage) | Snapdragon 778G 5G | 66W FlashCharge | 1300 nits Peak Brig... iQOO",/static/images/1615.jpg,2805,4
1154,"Boult Audio Z15 with 32Hrs Playtime, Pro+Calling HD Mic, Type-C Lightning Boult Fast Charging (10mins=100Mins), BoomX Tech...",Boult,"Boult Audio Z15 with 32Hrs Playtime, Pro+Calling HD Mic, Type-C Lightning Boult Fast Charging (10mins=100Mins), BoomX Tech... Boult",/static/images/3102.jpg,3750,2
508,"Fire-Boltt Ninja 3 1.83"" Display Smartwatch Full Touch with 100+ Sports Modes with IP68, Sp02 Tracking, Over 100 Cloud Bas...",Fire-Boltt,"Fire-Boltt Ninja 3 1.83"" Display Smartwatch Full Touch with 100+ Sports Modes with IP68, Sp02 Tracking, Over 100 Cloud Bas... Fire-Boltt",/static/images/1876.jpg,3814,1
2231,"ORAM Smart Multipurpose Foldable Laptop Table with Cup Holder, Study Table, Bed Table, Breakfast Table, Foldable and Porta...",ORAM,"ORAM Smart Multipurpose Foldable Laptop Table with Cup Holder, Study Table, Bed Table, Breakfast Table, Foldable and Porta... ORAM",/static/images/695.jpg,4379,3
1547,"Noise ColorFit Ultra 2 LE with 1.78"" Always On AMOLED Display, 368x448px (326 PPI) Best in Class Resolution, 100+ Watch Fa...",Noise,"Noise ColorFit Ultra 2 LE with 1.78"" Always On AMOLED Display, 368x448px (326 PPI) Best in Class Resolution, 100+ Watch Fa... Noise",/static/images/3881.jpg,1670,4
2290,Robustrion Smart Trifold Hard Back Flip Stand Case Cover for iPad 10th Generation Cover iPad Cover 10.9 inch - Navy,Robustrion,Robustrion Smart Trifold Hard Back Flip Stand Case Cover for iPad 10th Generation Cover iPad Cover 10.9 inch - Navy Robustrion,/static/images/827.jpg,2435,1
252,"LAPSTER 12pcs Spiral Cable Protectors for Charger, Wires, Data Charger Cable Protector for Computers, Cell Phones etc.(Grey)",LAPSTER,"LAPSTER 12pcs Spiral Cable Protectors for Charger, Wires, Data Charger Cable Protector for Computers, Cell Phones etc.(Grey) LAPSTER",/static/images/1477.jpg,2919,4
2018,HUMBLE Universal Monopod Holder Clip for Mobile Camera Holder and Tripod Mount Holder- Black (Pack of 1),HUMBLE,HUMBLE Universal Monopod Holder Clip for Mobile Camera Holder and Tripod Mount Holder- Black (Pack of 1) HUMBLE,/static/images/4733.jpg,4924,4
248,"tizum HDMI to VGA Adapter/ Connector/ Converter Cable 1080P (Male to Female) for Media Players, Xbox, Projector, Computer,...",tizum,"tizum HDMI to VGA Adapter/ Connector/ Converter Cable 1080P (Male to Female) for Media Players, Xbox, Projector, Computer,... tizum",/static/images/1473.jpg,3985,5
1135,SLOVIC® Tripod Mount Adapter| Tripod Mobile Holder|Tripod Phone Mount(Made in India)| Smartphone Clip Clipper 360 Degree f...,SLOVIC®,SLOVIC® Tripod Mount Adapter| Tripod Mobile Holder|Tripod Phone Mount(Made in India)| Smartphone Clip Clipper 360 Degree f... SLOVIC®,/static/images/3026.jpg,2925,4
1630,"boAt Newly Launched Airdopes 458 TWS Earbuds with Spatial Bionic Sound by THX,in Ear Detection, ENx™Tech,30H Playtime, Bea...",boAt,"boAt Newly Launched Airdopes 458 TWS Earbuds with Spatial Bionic Sound by THX,in Ear Detection, ENx™Tech,30H Playtime, Bea... boAt",/static/images/4005.jpg,3358,2
1906,"JBL Tune 510BT, On Ear Wireless Headphones with Mic, up to 40 Hours Playtime, Pure Bass, Quick Charging, Dual Pairing, Blu...",JBL,"JBL Tune 510BT, On Ear Wireless Headphones with Mic, up to 40 Hours Playtime, Pure Bass, Quick Charging, Dual Pairing, Blu... JBL",/static/images/4429.jpg,1092,5
1248,"OnePlus 11 5G (Eternal Green, 8GB RAM, 128GB Storage)",OnePlus,"OnePlus 11 5G (Eternal Green, 8GB RAM, 128GB Storage) OnePlus",/static/images/3367.jpg,3376,2
943,Redmi Note 12 5G Mystique Blue 4GB RAM 128GB ROM | 1st Phone with 120Hz Super AMOLED and Snapdragon® 4 Gen 1 | 48MP AI Tri...,Redmi,Redmi Note 12 5G Mystique Blue 4GB RAM 128GB ROM | 1st Phone with 120Hz Super AMOLED and Snapdragon® 4 Gen 1 | 48MP AI Tri... Redmi,/static/images/2580.jpg,4973,5
1873,"Gaiatop Small Desk Fan, Portable 3 Speeds Wind Desktop Table Cooling Fan in Single Button, Adjustment Mini Personal Fan fo...",Gaiatop,"Gaiatop Small Desk Fan, Portable 3 Speeds Wind Desktop Table Cooling Fan in Single Button, Adjustment Mini Personal Fan fo... Gaiatop",/static/images/4369.jpg,944,3
1156,"Vivo Y56 5G (Orange Shimmer, 8GB RAM, 128GB Storage) with No Cost EMI/Additional Exchange Offers",Vivo,"Vivo Y56 5G (Orange Shimmer, 8GB RAM, 128GB Storage) with No Cost EMI/Additional Exchange Offers Vivo",/static/images/3104.jpg,3710,5
456,Aroma NB140 Dhamaal 24 Hours* Playtime | Deep Bass | Made in India | TrueWireless Bluetooth Headset (Black),Aroma,Aroma NB140 Dhamaal 24 Hours* Playtime | Deep Bass | Made in India | TrueWireless Bluetooth Headset (Black) Aroma,/static/images/1800.jpg,1255,1
1328,"Redmi Note 11 (Horizon Blue, 4GB RAM, 64GB Storage) | 90Hz FHD+ AMOLED Display | Qualcomm® Snapdragon™ 680-6nm | 33W Charg...",Redmi,"Redmi Note 11 (Horizon Blue, 4GB RAM, 64GB Storage) | 90Hz FHD+ AMOLED Display | Qualcomm® Snapdragon™ 680-6nm | 33W Charg... Redmi",/static/images/3495.jpg,4095,3
389,"Fire-Boltt Ninja Call Pro Plus 1.83"" Smart Watch with Bluetooth Calling, AI Voice Assistance, 100 Sports Modes IP67 Ratin...",Fire-Boltt,"Fire-Boltt Ninja Call Pro Plus 1.83"" Smart Watch with Bluetooth Calling, AI Voice Assistance, 100 Sports Modes IP67 Ratin... Fire-Boltt",/static/images/1692.jpg,4377,1
1129,Wayona USB Type C 65W Fast Charging 2M/6Ft Long Flash Charge Cable 3A QC 3.0 Data Cable Compatible with Samsung Galaxy S21...,Wayona,Wayona USB Type C 65W Fast Charging 2M/6Ft Long Flash Charge Cable 3A QC 3.0 Data Cable Compatible with Samsung Galaxy S21... Wayona,/static/images/3013.jpg,4699,1
475,"OPPO A31 (Mystery Black, 6GB RAM, 128GB Storage) with No Cost EMI/Additional Exchange Offers",OPPO,"OPPO A31 (Mystery Black, 6GB RAM, 128GB Storage) with No Cost EMI/Additional Exchange Offers OPPO",/static/images/1819.jpg,1371,2
806,HP 678 2-Pack Black/Tri-Color Original Ink Advantage Cartridges,HP,HP 678 2-Pack Black/Tri-Color Original Ink Advantage Cartridges HP,/static/images/2362.jpg,4531,2
960,CLAVIER Neo Wired in Ear Earphone with Mic (Neo Grey),CLAVIER,CLAVIER Neo Wired in Ear Earphone with Mic (Neo Grey) CLAVIER,/static/images/265.jpg,3947,5
2070,"Nokia 2660 Flip 4G Volte keypad Phone with Dual SIM, Dual Screen, inbuilt MP3 Player & Wireless FM Radio | Red",Nokia,"Nokia 2660 Flip 4G Volte keypad Phone with Dual SIM, Dual Screen, inbuilt MP3 Player & Wireless FM Radio | Red Nokia",/static/images/482.jpg,1008,2
2142,"WeCool B2 One Click Button Controlled Mobile Holder for Bikes/Motorcycle/Mobile Holder for Scooty, Ideal for Maps and GPS ...",WeCool,"WeCool B2 One Click Button Controlled Mobile Holder for Bikes/Motorcycle/Mobile Holder for Scooty, Ideal for Maps and GPS ... WeCool",/static/images/500.jpg,2975,2
611,"boAt Newly Launched Wave Call Plus with 1.83"" HD Display, ENx™ Tech(Clear Calls),Advanced Bluetooth Calling,Hindi & Englis...",boAt,"boAt Newly Launched Wave Call Plus with 1.83"" HD Display, ENx™ Tech(Clear Calls),Advanced Bluetooth Calling,Hindi & Englis... boAt",/static/images/2056.jpg,4551,4
625,Robustrion Tempered Glass Screen Protector for iPad 10.2 inch 9th Gen Generation 2021 8th Gen 2020 7th Gen 2019,Robustrion,Robustrion Tempered Glass Screen Protector for iPad 10.2 inch 9th Gen Generation 2021 8th Gen 2020 7th Gen 2019 Robustrion,/static/images/2092.jpg,3657,2
1103,"OnePlus Nord Watch with 1.78” AMOLED Display, 60 Hz Refresh Rate, 105 Fitness Modes, 10 Days Battery, SPO2, Heart Rate, St...",OnePlus,"OnePlus Nord Watch with 1.78” AMOLED Display, 60 Hz Refresh Rate, 105 Fitness Modes, 10 Days Battery, SPO2, Heart Rate, St... OnePlus",/static/images/2949.jpg,654,1
192,"pTron Bassbuds Duo in Ear Earbuds with 32Hrs Total Playtime, Bluetooth 5.1 Wireless, Stereo Audio, Touch Control TWS, with...",pTron,"pTron Bassbuds Duo in Ear Earbuds with 32Hrs Total Playtime, Bluetooth 5.1 Wireless, Stereo Audio, Touch Control TWS, with... pTron",/static/images/1319.jpg,1835,1
437,"rts [2 Pack] Mini USB C Type C Adapter Plug, Type C Female to USB A Male Charger Charging Cable Adapter Converter compatib...",rts,"rts [2 Pack] Mini USB C Type C Adapter Plug, Type C Female to USB A Male Charger Charging Cable Adapter Converter compatib... rts",/static/images/1780.jpg,4143,1
1897,"Fevicryl Pidilite Acrylic Colour, Black Acrylic Paint, 500 ml, Art and Craft Paint, DIY Paint, Rich Pigment, Non-Craking P...",Fevicryl,"Fevicryl Pidilite Acrylic Colour, Black Acrylic Paint, 500 ml, Art and Craft Paint, DIY Paint, Rich Pigment, Non-Craking P... Fevicryl",/static/images/4408.jpg,4700,1
2311,Amigozz Pocket Size Spiral Sticky Note Pad,Amigozz,Amigozz Pocket Size Spiral Sticky Note Pad Amigozz,/static/images/851.jpg,2355,4
326,Amozo Ultra Hybrid Camera and Drop Protection Back Cover Case for iPhone 13 (TPU + Polycarbonate | Crystal Transparent),Amozo,Amozo Ultra Hybrid Camera and Drop Protection Back Cover Case for iPhone 13 (TPU + Polycarbonate | Crystal Transparent) Amozo,/static/images/1605.jpg,1286,2
464,"Beetel M59 Caller Id Corded Landline Phone With 16 Digit Lcd Display & Adjustable Contrast,10 One Touch Memory Buttons,2Wa...",Beetel,"Beetel M59 Caller Id Corded Landline Phone With 16 Digit Lcd Display & Adjustable Contrast,10 One Touch Memory Buttons,2Wa... Beetel",/static/images/1808.jpg,3941,4
747,"Logitech C270 Digital HD Webcam with Widescreen HD Video Calling, HD Light Correction, Noise-Reducing Mic, for Skype, Face...",Logitech,"Logitech C270 Digital HD Webcam with Widescreen HD Video Calling, HD Light Correction, Noise-Reducing Mic, for Skype, Face... Logitech",/static/images/2287.jpg,2697,3
1489,TP-Link UE300 USB 3.0 to RJ45 Gigabit Ethernet Network Adapter - Plug and Play,TP-Link,TP-Link UE300 USB 3.0 to RJ45 Gigabit Ethernet Network Adapter - Plug and Play TP-Link,/static/images/3749.jpg,2828,4
1239,SWAPKART Type C to 3.5mm Splitter Audio Jack Converter Adapter Headphones Jack Compatible with only OnePlus Devices 6 6T 7...,SWAPKART,SWAPKART Type C to 3.5mm Splitter Audio Jack Converter Adapter Headphones Jack Compatible with only OnePlus Devices 6 6T 7... SWAPKART,/static/images/3322.jpg,3164,4
981,"SupCares Edge to Edge Tempered Glass for Samsung Galaxy M33 5G, Galaxy M13, Galaxy M13 5G, Galaxy M23 5G, Galaxy A23, and ...",SupCares,"SupCares Edge to Edge Tempered Glass for Samsung Galaxy M33 5G, Galaxy M13, Galaxy M13 5G, Galaxy M23 5G, Galaxy A23, and ... SupCares",/static/images/2687.jpg,790,1
1045,Zerfa 5 in 1 Soft Brush Multi-Function Cleaning Tools Kit for Keyboard & Earphone Cleaner Soft High-Density Brush Set with...,Zerfa,Zerfa 5 in 1 Soft Brush Multi-Function Cleaning Tools Kit for Keyboard & Earphone Cleaner Soft High-Density Brush Set with... Zerfa,/static/images/2828.jpg,1399,1
483,"pTron Tangent Lite Bluetooth 5.0 Earphones with Mic, Hi-Fi Stereo Sound Neckband, 8Hrs Playtime, Lightweight Snug-fit in-E...",pTron,"pTron Tangent Lite Bluetooth 5.0 Earphones with Mic, Hi-Fi Stereo Sound Neckband, 8Hrs Playtime, Lightweight Snug-fit in-E... pTron",/static/images/1826.jpg,2382,5
767,"Motorola a10 Dual Sim keypad Mobile with 1750 mAh Battery, Expandable Storage Upto 32GB, Wireless FM with Recording - Dark...",Motorola,"Motorola a10 Dual Sim keypad Mobile with 1750 mAh Battery, Expandable Storage Upto 32GB, Wireless FM with Recording - Dark... Motorola",/static/images/2304.jpg,2419,3
1478,"Amazon Basics Magic Slate 15-inch LCD Writing Tablet with Stylus Pen, for Drawing, Playing, Noting by Kids & Adults, Black",Amazon,"Amazon Basics Magic Slate 15-inch LCD Writing Tablet with Stylus Pen, for Drawing, Playing, Noting by Kids & Adults, Black Amazon",/static/images/3716.jpg,1577,5
1485,Parker Vector Standard Blue Fountain Pen Chrome Trim Fine Nib with 3 Free Ink Cart (Ink - Blue),Parker,Parker Vector Standard Blue Fountain Pen Chrome Trim Fine Nib with 3 Free Ink Cart (Ink - Blue) Parker,/static/images/3744.jpg,1410,2
1941,CELLUTION Back Camera Lens Protector Tempered Glass For Oneplus 11R (5G) Case Friendly with Edge to Edge Coverage and Easy...,CELLUTION,CELLUTION Back Camera Lens Protector Tempered Glass For Oneplus 11R (5G) Case Friendly with Edge to Edge Coverage and Easy... CELLUTION,/static/images/451.jpg,2254,3
2157,"Boult Audio YCharge Wireless in Ear Bluetooth Earphones with 12H Playtime, Type-C Fast Charging (20Min=100% Playtime), Pr...",Boult,"Boult Audio YCharge Wireless in Ear Bluetooth Earphones with 12H Playtime, Type-C Fast Charging (20Min=100% Playtime), Pr... Boult",/static/images/532.jpg,881,4
226,Redgear Cloak Wired RGB Wired Over Ear Gaming Headphones with Mic for PC,Redgear,Redgear Cloak Wired RGB Wired Over Ear Gaming Headphones with Mic for PC Redgear,/static/images/1425.jpg,287,4
1605,"Amazfit GTS 2 (New Version) Smart Watch with Ultra HD AMOLED Display, Built-in Amazon Alexa, Built-in GPS, SpO2 & Stress M...",Amazfit,"Amazfit GTS 2 (New Version) Smart Watch with Ultra HD AMOLED Display, Built-in Amazon Alexa, Built-in GPS, SpO2 & Stress M... Amazfit",/static/images/3984.jpg,3269,3
783,PLATEFORCE Smart Watch for Men - ID116 Water Proof Touchscreen Smart Watch Bluetooth 1.44 HD Screen Smart Watch with Daily...,PLATEFORCE,PLATEFORCE Smart Watch for Men - ID116 Water Proof Touchscreen Smart Watch Bluetooth 1.44 HD Screen Smart Watch with Daily... PLATEFORCE,/static/images/2319.jpg,2145,1
709,Razer Viper Mini Ultralight Gaming USB Mouse- Classic Black|Fastest Gaming Switches-8500 DPI Optical Sensor - Chroma RGB U...,Razer,Razer Viper Mini Ultralight Gaming USB Mouse- Classic Black|Fastest Gaming Switches-8500 DPI Optical Sensor - Chroma RGB U... Razer,/static/images/2226.jpg,2774,5
1488,"DYAZO 10 Inches LED Ring Light for Camera, and Video Shooting , Makeup with 7 Feet Long Foldable and Lightweight Ring Ligh...",DYAZO,"DYAZO 10 Inches LED Ring Light for Camera, and Video Shooting , Makeup with 7 Feet Long Foldable and Lightweight Ring Ligh... DYAZO",/static/images/3748.jpg,3010,3
584,"Hp Wired On Ear Headphones With Mic With 3.5 Mm Drivers, In-Built Noise Cancelling, Foldable And Adjustable For Laptop/Pc/...",Hp,"Hp Wired On Ear Headphones With Mic With 3.5 Mm Drivers, In-Built Noise Cancelling, Foldable And Adjustable For Laptop/Pc/... Hp",/static/images/2001.jpg,1837,2
2294,"3M Post-it Sticky Notes Pad | Assorted colours | Pack of 3 (100 Sheets each) | 3"" x 3"" | For notes, reminders, study, scho...",3M,"3M Post-it Sticky Notes Pad | Assorted colours | Pack of 3 (100 Sheets each) | 3"" x 3"" | For notes, reminders, study, scho... 3M",/static/images/832.jpg,1644,3
2278,"Verilux® USB Hub 3.0 for PC, 4-Port High Speed USB Hub with Aluminium Shell, USB Port Hub 3.0 Compatible for PC, MacBook, ...",Verilux®,"Verilux® USB Hub 3.0 for PC, 4-Port High Speed USB Hub with Aluminium Shell, USB Port Hub 3.0 Compatible for PC, MacBook, ... Verilux®",/static/images/812.jpg,3556,2
529,"GIZGA Essentials Portable Tabletop Tablet Stand Mobile Holder, Desktop Stand, Cradle, Dock for iPad, Smartphone, Kindle, ...",GIZGA,"GIZGA Essentials Portable Tabletop Tablet Stand Mobile Holder, Desktop Stand, Cradle, Dock for iPad, Smartphone, Kindle, ... GIZGA",/static/images/190.jpg,1596,5
269,"Boult Audio Z20 True Wireless in Ear Earbuds with Zen ENC Mic, 40H Playtime, Type-C Fast Charging, Made in India, 10mm Ric...",Boult,"Boult Audio Z20 True Wireless in Ear Earbuds with Zen ENC Mic, 40H Playtime, Type-C Fast Charging, Made in India, 10mm Ric... Boult",/static/images/1495.jpg,1392,2
1383,"Logitech M90 Wired USB Mouse, 3 yr Warranty, 1000 DPI Optical Tracking, Ambidextrous PC/Mac/Laptop - Black",Logitech,"Logitech M90 Wired USB Mouse, 3 yr Warranty, 1000 DPI Optical Tracking, Ambidextrous PC/Mac/Laptop - Black Logitech",/static/images/3590.jpg,4750,4
2033,"ENVIE® (ECR 11 MC) SprintX Ultra Fast Charger for Rechargeable Batteries AA & AAA Ni-mh, with LCD Display, Smart Charge Co...",ENVIE®,"ENVIE® (ECR 11 MC) SprintX Ultra Fast Charger for Rechargeable Batteries AA & AAA Ni-mh, with LCD Display, Smart Charge Co... ENVIE®",/static/images/4759.jpg,2456,1
1745,"boAt Blaze Smart Watch with 1.75"" HD Display, Fast Charge, Apollo 3 Blue Plus Processor, 24x7 Heart Rate & SpO2 Monitor, M...",boAt,"boAt Blaze Smart Watch with 1.75"" HD Display, Fast Charge, Apollo 3 Blue Plus Processor, 24x7 Heart Rate & SpO2 Monitor, M... boAt",/static/images/4125.jpg,4321,5
146,Syska SSK-EBS-0402 ABS 4 Way Power Strip,Syska,Syska SSK-EBS-0402 ABS 4 Way Power Strip Syska,/static/images/1197.jpg,2908,3
1631,"Lapster Universal Silicone 14.0"" Keyboard Protector Skin||Keyboard Dust Cover| Keyboard Skin for 14.0"" Laptop |14.0"" Keygu...",Lapster,"Lapster Universal Silicone 14.0"" Keyboard Protector Skin||Keyboard Dust Cover| Keyboard Skin for 14.0"" Laptop |14.0"" Keygu... Lapster",/static/images/4006.jpg,2520,2
1955,"LIDBOX Foldable Wooden Mini Laptop Table for Bed, Study Table with Drawer, Tablet/Mobile Holder for Kids & Adults (DOREMON)",LIDBOX,"LIDBOX Foldable Wooden Mini Laptop Table for Bed, Study Table with Drawer, Tablet/Mobile Holder for Kids & Adults (DOREMON) LIDBOX",/static/images/4529.jpg,414,5
790,"AmazonBasics 24W Phone Charger for Cellular Phones | Fast Charging, Dual Output | Type C and A Adapter (White)",AmazonBasics,"AmazonBasics 24W Phone Charger for Cellular Phones | Fast Charging, Dual Output | Type C and A Adapter (White) AmazonBasics",/static/images/2326.jpg,3989,5
1501,"Safari Quill Laptop Backpack 26 Ltrs Water Resistant Fabric - Blue, L (QUILL19CBBLU)",Safari,"Safari Quill Laptop Backpack 26 Ltrs Water Resistant Fabric - Blue, L (QUILL19CBBLU) Safari",/static/images/3762.jpg,138,1
1640,"Sounce Realme 65W Super Vooc Charge, Data Sync Fast Charging Type-C Cable Compatible for Realme XT, Realme XT 730G, Realme...",Sounce,"Sounce Realme 65W Super Vooc Charge, Data Sync Fast Charging Type-C Cable Compatible for Realme XT, Realme XT 730G, Realme... Sounce",/static/images/4014.jpg,3803,1
828,"iQOO Z6 Pro 5G by vivo (Phantom Dusk, 8GB RAM, 128GB Storage) | Snapdragon 778G 5G | 66W FlashCharge | 1300 nits Peak Brig...",iQOO,"iQOO Z6 Pro 5G by vivo (Phantom Dusk, 8GB RAM, 128GB Storage) | Snapdragon 778G 5G | 66W FlashCharge | 1300 nits Peak Brig... iQOO",/static/images/2382.jpg,3090,3
1117,Tough Lee Tempered Glass Screen Guard Protector for Samsung Galaxy F04 / M04 / M13 / M13 5G / M33 5G / M42 5G / M12 / M02...,Tough,Tough Lee Tempered Glass Screen Guard Protector for Samsung Galaxy F04 / M04 / M13 / M13 5G / M33 5G / M42 5G / M12 / M02... Tough,/static/images/2989.jpg,403,2
1623,"SanDisk Ultra Dual Drive Go 64GB USB 3.0 Type C Pen Drive for Mobile (Mint Green, 5Y)",SanDisk,"SanDisk Ultra Dual Drive Go 64GB USB 3.0 Type C Pen Drive for Mobile (Mint Green, 5Y) SanDisk",/static/images/40.jpg,2943,5
1035,"Ambrane 20000 mAh Lithium Polymer Stylo-20k Power Bank with 20 Watt Fast Charging, 2 USB,Type C Port,Green",Ambrane,"Ambrane 20000 mAh Lithium Polymer Stylo-20k Power Bank with 20 Watt Fast Charging, 2 USB,Type C Port,Green Ambrane",/static/images/281.jpg,669,3
1357,CP PLUS 2MP Full HD Smart Wi-fi CCTV Home Security Camera | 360° with Pan Tilt | 2Way Talk | Cloud Monitor | Motion Detect...,CP,CP PLUS 2MP Full HD Smart Wi-fi CCTV Home Security Camera | 360° with Pan Tilt | 2Way Talk | Cloud Monitor | Motion Detect... CP,/static/images/3560.jpg,1312,4
573,"Boult Audio Z40 True Wireless in Ear Earbuds with 60H Playtime, Zen™ ENC Mic, Low Latency Gaming, Type-C Fast Charging, Ma...",Boult,"Boult Audio Z40 True Wireless in Ear Earbuds with 60H Playtime, Zen™ ENC Mic, Low Latency Gaming, Type-C Fast Charging, Ma... Boult",/static/images/1989.jpg,3997,2
877,"Cablet 2.5 Inch SATA USB 3.0 HDD/SSD Portable External Enclosure for 7mm and 9.5mm, Tool-Free Design, Supports UASP Max 6TB",Cablet,"Cablet 2.5 Inch SATA USB 3.0 HDD/SSD Portable External Enclosure for 7mm and 9.5mm, Tool-Free Design, Supports UASP Max 6TB Cablet",/static/images/2477.jpg,3519,3
2395,"Fire-Boltt Ring Pro Bluetooth Calling, 1.75” 320 * 385px High Res, IP68 & SpO2 Monitoring, Pin Code Locking Functionality...",Fire-Boltt,"Fire-Boltt Ring Pro Bluetooth Calling, 1.75” 320 * 385px High Res, IP68 & SpO2 Monitoring, Pin Code Locking Functionality... Fire-Boltt",/static/images/996.jpg,2219,5
2101,VU 108 cm (43 inches) The GloLED 84 Watt DJ Sound Series 4K Smart Google TV 43GloLED (Grey),VU,VU 108 cm (43 inches) The GloLED 84 Watt DJ Sound Series 4K Smart Google TV 43GloLED (Grey) VU,/static/images/4882.jpg,1878,1
716,STRIFF Laptop Stand Adjustable Laptop Computer Stand Multi-Angle Stand Phone Stand Portable Foldable Laptop Riser Notebook...,STRIFF,STRIFF Laptop Stand Adjustable Laptop Computer Stand Multi-Angle Stand Phone Stand Portable Foldable Laptop Riser Notebook... STRIFF,/static/images/224.jpg,2905,5
1679,boAt Dual Port Rapid 5V Car Charger (Qualcomm Certified) Smart Charging with Quick Charge 3.0 for Cellular Phones (Black)...,boAt,boAt Dual Port Rapid 5V Car Charger (Qualcomm Certified) Smart Charging with Quick Charge 3.0 for Cellular Phones (Black)... boAt,/static/images/4053.jpg,1676,3
1109,"SanDisk Ultra 64 GB USB Pen Drives (SDDDC2-064G-I35, Black, Silver)",SanDisk,"SanDisk Ultra 64 GB USB Pen Drives (SDDDC2-064G-I35, Black, Silver) SanDisk",/static/images/2980.jpg,3788,4
2012,Mi QC 3.0 Charger|18W Wall Charger|Fast Lightning Charging|Certified Qualcomm Quick Charge 3.0 + BIS Certified|Compatible ...,Mi,Mi QC 3.0 Charger|18W Wall Charger|Fast Lightning Charging|Certified Qualcomm Quick Charge 3.0 + BIS Certified|Compatible ... Mi,/static/images/4703.jpg,2866,5
274,HP 805 Black Original Ink Cartridge,HP,HP 805 Black Original Ink Cartridge HP,/static/images/15.jpg,2358,3
277,"Fire-Boltt Ninja Call Pro Smart Watch Dual Chip Bluetooth Calling, AI Voice Assistance with HD Display, 100 Sports Modes, ...",Fire-Boltt,"Fire-Boltt Ninja Call Pro Smart Watch Dual Chip Bluetooth Calling, AI Voice Assistance with HD Display, 100 Sports Modes, ... Fire-Boltt",/static/images/1502.jpg,1486,4
590,"HP v236w 32GB USB 2.0 Pen Drive, Grey",HP,"HP v236w 32GB USB 2.0 Pen Drive, Grey HP",/static/images/2007.jpg,2929,2
1724,"Eveready Alkaline Batteries - Red AA, 10 Battery Pack",Eveready,"Eveready Alkaline Batteries - Red AA, 10 Battery Pack Eveready",/static/images/4100.jpg,2281,3
1479,Spigen EZ Fit Tempered Glass Screen Protector Guard for iPhone 14 Plus / 13 Pro Max - 2 Pack,Spigen,Spigen EZ Fit Tempered Glass Screen Protector Guard for iPhone 14 Plus / 13 Pro Max - 2 Pack Spigen,/static/images/3717.jpg,2110,4
1670,CEDO Samsung M31 / F41 / M31 Prime Back Cover | Matte Soft Silicon Flexible | Camera Bump Protection | All Side Shock Proo...,CEDO,CEDO Samsung M31 / F41 / M31 Prime Back Cover | Matte Soft Silicon Flexible | Camera Bump Protection | All Side Shock Proo... CEDO,/static/images/4044.jpg,1549,5
1179,"Logitech K380 Wireless Multi-Device Keyboard For Windows, Apple Ios, Apple Tv Android Or Chrome, Bluetooth, Compact Space-...",Logitech,"Logitech K380 Wireless Multi-Device Keyboard For Windows, Apple Ios, Apple Tv Android Or Chrome, Bluetooth, Compact Space-... Logitech",/static/images/3160.jpg,4645,4
96,boAt BassHeads 220 Wired in Ear Earphones with Inline Mic(Black),boAt,boAt BassHeads 220 Wired in Ear Earphones with Inline Mic(Black) boAt,/static/images/1121.jpg,2826,4
944,OnePlus 108 cm (43 inches) Y Series 4K Ultra HD Smart Android LED TV 43Y1S Pro (Black),OnePlus,OnePlus 108 cm (43 inches) Y Series 4K Ultra HD Smart Android LED TV 43Y1S Pro (Black) OnePlus,/static/images/2581.jpg,4295,3
2283,"Rhymestore Replacement USB Charger for Noise ColorFit Pro 3 / Pro 2 / Pro 2 Oxy/Pulse/Ultra/Nav, Nav+ / Brio/NoiseFit Acti...",Rhymestore,"Rhymestore Replacement USB Charger for Noise ColorFit Pro 3 / Pro 2 / Pro 2 Oxy/Pulse/Ultra/Nav, Nav+ / Brio/NoiseFit Acti... Rhymestore",/static/images/819.jpg,1773,5
764,Parker Classic Gold Gold Trim Ball Pen,Parker,Parker Classic Gold Gold Trim Ball Pen Parker,/static/images/2301.jpg,3010,4
1373,"pTron Newly Launched Bassbuds Zen in-Ear Wireless TWS Earbuds with Quad ENC Mic & TruTalk 50Hrs Playtime, BT5.3 Headphone ...",pTron,"pTron Newly Launched Bassbuds Zen in-Ear Wireless TWS Earbuds with Quad ENC Mic & TruTalk 50Hrs Playtime, BT5.3 Headphone ... pTron",/static/images/3579.jpg,129,1
834,HP 678 Tri-Color Ink Cartridge,HP,HP 678 Tri-Color Ink Cartridge HP,/static/images/2389.jpg,3697,1
1263,"D-Link DIR-825/IIN/J1 MU-MIMO Gigabit Wireless Router, Dual Band, 1200 Mbps Wi-Fi Speed, 5 Gigabit Port, 4 External Antenn...",D-Link,"D-Link DIR-825/IIN/J1 MU-MIMO Gigabit Wireless Router, Dual Band, 1200 Mbps Wi-Fi Speed, 5 Gigabit Port, 4 External Antenn... D-Link",/static/images/3387.jpg,2879,4
419,"boAt Flash Edition Smart Watch with Activity Tracker, Multiple Sports Modes, 1.3"" Screen, 170+ Watch Faces, Sleep Monitor,...",boAt,"boAt Flash Edition Smart Watch with Activity Tracker, Multiple Sports Modes, 1.3"" Screen, 170+ Watch Faces, Sleep Monitor,... boAt",/static/images/1763.jpg,10,4
265,"Ambrane Mobile Holding Tabletop Stand, 180 Perfect View, Height Adjustment, Wide Compatibility, Multipurpose, Anti-Skid De...",Ambrane,"Ambrane Mobile Holding Tabletop Stand, 180 Perfect View, Height Adjustment, Wide Compatibility, Multipurpose, Anti-Skid De... Ambrane",/static/images/1491.jpg,4844,2
338,"Lenovo 300 Wireless Compact Mouse, 1000 DPI Optical sensor, 2.4GHz Wireless Nano USB, 10m range, 3-button(left,right,scrol...",Lenovo,"Lenovo 300 Wireless Compact Mouse, 1000 DPI Optical sensor, 2.4GHz Wireless Nano USB, 10m range, 3-button(left,right,scrol... Lenovo",/static/images/1617.jpg,2100,4
411,"pTron Pride Lite HBE (High Bass Earphones) in Ear Wired Earphones with Mic, 10mm Powerful Driver for Stereo Audio, Noise C...",pTron,"pTron Pride Lite HBE (High Bass Earphones) in Ear Wired Earphones with Mic, 10mm Powerful Driver for Stereo Audio, Noise C... pTron",/static/images/1756.jpg,2145,2
2268,"Boult Audio Airbass Fx1 Bluetooth Truly Wireless in Ear Earbuds with Mic with 32H Total Playtime, Type-C Fast Charging, To...",Boult,"Boult Audio Airbass Fx1 Bluetooth Truly Wireless in Ear Earbuds with Mic with 32H Total Playtime, Type-C Fast Charging, To... Boult",/static/images/801.jpg,4247,3
2365,Spigen Rugged Armor Cover Case Compatible with Airpods Pro 2 (2022) - Matte Black,Spigen,Spigen Rugged Armor Cover Case Compatible with Airpods Pro 2 (2022) - Matte Black Spigen,/static/images/958.jpg,216,1
162,"realme Buds Wireless 2 Neo Bluetooth in Ear Earphones with Mic, Fast Charging & Up to 17Hrs Playtime (Black)",realme,"realme Buds Wireless 2 Neo Bluetooth in Ear Earphones with Mic, Fast Charging & Up to 17Hrs Playtime (Black) realme",/static/images/1287.jpg,2947,2
2169,HP 46 Tri-Color Original Ink Advantage Cartridge,HP,HP 46 Tri-Color Original Ink Advantage Cartridge HP,/static/images/56.jpg,704,3
344,"Classmate Long Notebook - 140 Pages, Single Line, 297Mm X 210Mm (Pack Of 12)",Classmate,"Classmate Long Notebook - 140 Pages, Single Line, 297Mm X 210Mm (Pack Of 12) Classmate",/static/images/1623.jpg,2978,4
2333,KYOSEI Advanced Tempered Glass Compatible with Google Pixel 7 with Military-Grade Anti-Explosion Edge-to-Edge Coverage Scr...,KYOSEI,KYOSEI Advanced Tempered Glass Compatible with Google Pixel 7 with Military-Grade Anti-Explosion Edge-to-Edge Coverage Scr... KYOSEI,/static/images/881.jpg,1483,1
2077,HUION HS64 Graphics Drawing Tablet Battery-Free Stylus Android Windows macOS with 6.3 x 4in Working Area Pen Tablet for Li...,HUION,HUION HS64 Graphics Drawing Tablet Battery-Free Stylus Android Windows macOS with 6.3 x 4in Working Area Pen Tablet for Li... HUION,/static/images/483.jpg,2383,4
1576,"Doodle Initial A Premium Soft Bound Notebook Diary for Girls and Women (B6, 80 GSM, 192 Ruled Pages) Floral Design",Doodle,"Doodle Initial A Premium Soft Bound Notebook Diary for Girls and Women (B6, 80 GSM, 192 Ruled Pages) Floral Design Doodle",/static/images/393.jpg,661,5
369,Redmi Note 12 5G Matte Black 6GB RAM 128GB ROM | 1st Phone with 120Hz Super AMOLED and Snapdragon® 4 Gen 1 | 48MP AI Tripl...,Redmi,Redmi Note 12 5G Matte Black 6GB RAM 128GB ROM | 1st Phone with 120Hz Super AMOLED and Snapdragon® 4 Gen 1 | 48MP AI Tripl... Redmi,/static/images/1672.jpg,4884,2
1393,"All-New Echo Dot (5th Gen, 2023 release) | Smart speaker with Bigger sound, Motion Detection, Temperature Sensor and Alex...",All-New,"All-New Echo Dot (5th Gen, 2023 release) | Smart speaker with Bigger sound, Motion Detection, Temperature Sensor and Alex... All-New",/static/images/360.jpg,3086,4
1799,"Famous Quality® SD Card Reader, 3-in-1 USB 3.0, USB C, Micro USB Card Reader SD, Micro SDHC, Micro SDXC Memory Card Reader...",Famous,"Famous Quality® SD Card Reader, 3-in-1 USB 3.0, USB C, Micro USB Card Reader SD, Micro SDHC, Micro SDXC Memory Card Reader... Famous",/static/images/4212.jpg,1994,1
1854,TheGiftKart Shockproof Crystal Clear Back Cover Case for OnePlus Nord 2T 5G | 360 Degree Protection | Protective Design | ...,TheGiftKart,TheGiftKart Shockproof Crystal Clear Back Cover Case for OnePlus Nord 2T 5G | 360 Degree Protection | Protective Design | ... TheGiftKart,/static/images/4332.jpg,1020,3
1888,"Brustro Artists Sketch Book Wiro Bound A5 Size ( 14.8 CM x 21 CM ), 116 Pages,160 GSM (Acid Free)",Brustro,"Brustro Artists Sketch Book Wiro Bound A5 Size ( 14.8 CM x 21 CM ), 116 Pages,160 GSM (Acid Free) Brustro",/static/images/4398.jpg,2742,4
1232,Netgear WiFi Range Extender EX6110 - Extend your Internet Wi-Fi up to 1200 sq ft & 20 Devices with AC1200 Dual Band Wirele...,Netgear,Netgear WiFi Range Extender EX6110 - Extend your Internet Wi-Fi up to 1200 sq ft & 20 Devices with AC1200 Dual Band Wirele... Netgear,/static/images/3311.jpg,4251,4
396,"boAt Airdopes 172 True Wireless in Ear Earbuds with Enx Tech, Beast Mode, 35H Playtime, 11mm Drivers, ASAP Charge, IPX4, I...",boAt,"boAt Airdopes 172 True Wireless in Ear Earbuds with Enx Tech, Beast Mode, 35H Playtime, 11mm Drivers, ASAP Charge, IPX4, I... boAt",/static/images/17.jpg,2371,1
368,"boAt Rockerz 450 Pro Bluetooth On Ear Headphones with Mic with 70 Hours Battery, 40Mm Drivers, Bluetooth V5.0 Padded Ear C...",boAt,"boAt Rockerz 450 Pro Bluetooth On Ear Headphones with Mic with 70 Hours Battery, 40Mm Drivers, Bluetooth V5.0 Padded Ear C... boAt",/static/images/1671.jpg,4436,5
1180,"Nokia C12 Android 12 (Go Edition) Smartphone, All-Day Battery, 4GB RAM (2GB RAM + 2GB Virtual RAM) + 64GB Capacity | Charcoal",Nokia,"Nokia C12 Android 12 (Go Edition) Smartphone, All-Day Battery, 4GB RAM (2GB RAM + 2GB Virtual RAM) + 64GB Capacity | Charcoal Nokia",/static/images/3162.jpg,4970,3
115,HP 680 Original Ink Advantage Cartridge (Black),HP,HP 680 Original Ink Advantage Cartridge (Black) HP,/static/images/1145.jpg,1864,5
1202,"Noise Buds VS304 Truly Wireless in Ear Earbuds with 35H of Playtime, Instacharge(10 min=120 min), 13 mm Driver and BT v5.3...",Noise,"Noise Buds VS304 Truly Wireless in Ear Earbuds with 35H of Playtime, Instacharge(10 min=120 min), 13 mm Driver and BT v5.3... Noise",/static/images/3195.jpg,3451,3
1681,Nokia 105 Single SIM (Black),Nokia,Nokia 105 Single SIM (Black) Nokia,/static/images/4055.jpg,2345,5
1774,URBN 10000 mAh Li-Polymer Ultra Compact Power Bank | 12W Fast Charge | Dual USB Output | Type C & Micro Input | Pocket Siz...,URBN,URBN 10000 mAh Li-Polymer Ultra Compact Power Bank | 12W Fast Charge | Dual USB Output | Type C & Micro Input | Pocket Siz... URBN,/static/images/4182.jpg,1842,4
1481,"pTron Bassbuds Wave ENC Bluetooth 5.3 Wireless in Ear Earbuds, 40Hrs Total Playtime, Movie Mode & Deep Bass, Low Latency, ...",pTron,"pTron Bassbuds Wave ENC Bluetooth 5.3 Wireless in Ear Earbuds, 40Hrs Total Playtime, Movie Mode & Deep Bass, Low Latency, ... pTron",/static/images/3719.jpg,2827,5
676,"Duracell Ultra Alkaline AAA Battery, 4 Pcs",Duracell,"Duracell Ultra Alkaline AAA Battery, 4 Pcs Duracell",/static/images/217.jpg,4176,2
1346,"Amazfit GTS2 Mini (New Version) Smart Watch with Always-on AMOLED Display, Alexa Built-in, SpO2, 14 Days' Battery Life, 68...",Amazfit,"Amazfit GTS2 Mini (New Version) Smart Watch with Always-on AMOLED Display, Alexa Built-in, SpO2, 14 Days' Battery Life, 68... Amazfit",/static/images/3518.jpg,4613,3
789,"STRIFF 12 Pieces Highly Flexible Silicone Micro USB Protector, Mouse Cable Protector, Suit for All Cell Phones, Computers ...",STRIFF,"STRIFF 12 Pieces Highly Flexible Silicone Micro USB Protector, Mouse Cable Protector, Suit for All Cell Phones, Computers ... STRIFF",/static/images/2325.jpg,330,5
452,Tygot Lightweight & Portable Portable 7 Feet (84 Inch) Long Tripod Stand with Adjustable Mobile Clip Holder for All Mobile...,Tygot,Tygot Lightweight & Portable Portable 7 Feet (84 Inch) Long Tripod Stand with Adjustable Mobile Clip Holder for All Mobile... Tygot,/static/images/1795.jpg,401,1
238,"Portronics Power Plate 7 with 6 USB Port + 8 Power Sockets Smart Electric Universal Extension Board Multi Plug with 2500W,...",Portronics,"Portronics Power Plate 7 with 6 USB Port + 8 Power Sockets Smart Electric Universal Extension Board Multi Plug with 2500W,... Portronics",/static/images/1438.jpg,2293,5
530,Tizum High Speed HDMI Cable with Ethernet | Supports 3D 4K | for All HDMI Devices Laptop Computer Gaming Console TV Set To...,Tizum,Tizum High Speed HDMI Cable with Ethernet | Supports 3D 4K | for All HDMI Devices Laptop Computer Gaming Console TV Set To... Tizum,/static/images/1900.jpg,504,4
2088,"Ant Esports GP300 Pro V2 Wireless Gaming Controller, Compatible for PC & Laptop (Windows 10/8 /7 XP, Steam) / PS3",Ant,"Ant Esports GP300 Pro V2 Wireless Gaming Controller, Compatible for PC & Laptop (Windows 10/8 /7 XP, Steam) / PS3 Ant",/static/images/4842.jpg,3406,3
1002,"Palazzo Foldable Wooden Laptop Bed Tray Table, Multifunction Lap Tablet Desk with Cup Holder, Perfect for Eating Breakfas...",Palazzo,"Palazzo Foldable Wooden Laptop Bed Tray Table, Multifunction Lap Tablet Desk with Cup Holder, Perfect for Eating Breakfas... Palazzo",/static/images/2713.jpg,4243,4
857,Cello Aqua Blue Gel Pen Jar of 25 Units || Gel Pens Blue | Jar of 25 Units | Gel Pens Set for Students | Pens for Office U...,Cello,Cello Aqua Blue Gel Pen Jar of 25 Units || Gel Pens Blue | Jar of 25 Units | Gel Pens Set for Students | Pens for Office U... Cello,/static/images/2454.jpg,3087,5
1279,"Amazon Basics 10000mAH Lithium Polymer Power Bank | 3 Charging Cables Included | Four Way Output (Micro USB, Type C, iPhon...",Amazon,"Amazon Basics 10000mAH Lithium Polymer Power Bank | 3 Charging Cables Included | Four Way Output (Micro USB, Type C, iPhon... Amazon",/static/images/3434.jpg,3347,1
835,BROTHER TN-B021 Toner Cartridge,BROTHER,BROTHER TN-B021 Toner Cartridge BROTHER,/static/images/239.jpg,1326,5
498,"Gizga Essentials Earphone Carrying Case, Multi-Purpose Pocket Storage Travel Organizer for Earphones, Headset, Pen Drives,...",Gizga,"Gizga Essentials Earphone Carrying Case, Multi-Purpose Pocket Storage Travel Organizer for Earphones, Headset, Pen Drives,... Gizga",/static/images/1844.jpg,2874,5
1196,Robustrion [Anti-Scratch] & [Smudge Proof] [Bubble Free] Premium Tempered Glass Screen Protector Guard for Samsung Galaxy ...,Robustrion,Robustrion [Anti-Scratch] & [Smudge Proof] [Bubble Free] Premium Tempered Glass Screen Protector Guard for Samsung Galaxy ... Robustrion,/static/images/3188.jpg,4517,4
1475,"EGOTUDE Soft Slim Flexible Silicone Back Cover Case for iPhone 13 (Matte Black, TPU)",EGOTUDE,"EGOTUDE Soft Slim Flexible Silicone Back Cover Case for iPhone 13 (Matte Black, TPU) EGOTUDE",/static/images/3712.jpg,1185,4
2021,Robustrion Anti-Scratch & Smudge Proof Premium Tempered Glass Screen Protector for Samsung Galaxy Tab S8 Plus / S7 Plus / ...,Robustrion,Robustrion Anti-Scratch & Smudge Proof Premium Tempered Glass Screen Protector for Samsung Galaxy Tab S8 Plus / S7 Plus / ... Robustrion,/static/images/4736.jpg,206,1
677,"ZEBRONICS Zeb-Buds 30 3.5mm Stereo Wired in Ear Earphone with Microphone for Calling, Volume Control, 14mm Drivers, Stylis...",ZEBRONICS,"ZEBRONICS Zeb-Buds 30 3.5mm Stereo Wired in Ear Earphone with Microphone for Calling, Volume Control, 14mm Drivers, Stylis... ZEBRONICS",/static/images/2171.jpg,3648,5
696,Apple iPhone 13 (128GB) - Starlight,Apple,Apple iPhone 13 (128GB) - Starlight Apple,/static/images/2214.jpg,2485,1
1683,boAt Rockerz 261 in Ear Wireless Earphones with mic(Jazzy Blue),boAt,boAt Rockerz 261 in Ear Wireless Earphones with mic(Jazzy Blue) boAt,/static/images/4057.jpg,2285,4
1887,"SanDisk Ultra Dual Drive Go usb3.0 Type C Pen Drive for Mobile (Green, 128 GB, 5Y)",SanDisk,"SanDisk Ultra Dual Drive Go usb3.0 Type C Pen Drive for Mobile (Green, 128 GB, 5Y) SanDisk",/static/images/4397.jpg,1133,3
1161,"HP Wired Mouse 100 with 1600 DPI Optical Sensor, USB Plug-and -Play,ambidextrous Design, Built-in Scrolling and 3 Handy Bu...",HP,"HP Wired Mouse 100 with 1600 DPI Optical Sensor, USB Plug-and -Play,ambidextrous Design, Built-in Scrolling and 3 Handy Bu... HP",/static/images/3109.jpg,2448,3
408,"Zebronics Zeb-Transformer Gaming Keyboard and Mouse Combo (USB, Braided Cable)",Zebronics,"Zebronics Zeb-Transformer Gaming Keyboard and Mouse Combo (USB, Braided Cable) Zebronics",/static/images/1753.jpg,3271,5
864,"keskriva Foldable Wooden Mini Laptop Table for Bed, Study Table with Drawer, Tablet/Mobile Holder for Kids And Adults",keskriva,"keskriva Foldable Wooden Mini Laptop Table for Bed, Study Table with Drawer, Tablet/Mobile Holder for Kids And Adults keskriva",/static/images/2461.jpg,2013,1
993,"AmazonBasics Whiteboard Drywipe Magnetic with Pen Tray and Aluminium Trim,Includes 6 magnets, 1 eraser, and 2 dry-erase ma...",AmazonBasics,"AmazonBasics Whiteboard Drywipe Magnetic with Pen Tray and Aluminium Trim,Includes 6 magnets, 1 eraser, and 2 dry-erase ma... AmazonBasics",/static/images/2702.jpg,2173,3
1152,"boAt Newly Launched Rockerz 378 Bluetooth in Ear Neckband with Spatial Bionic Sound Tuned by THX, Beast™ Mode, ASAP™ Charg...",boAt,"boAt Newly Launched Rockerz 378 Bluetooth in Ear Neckband with Spatial Bionic Sound Tuned by THX, Beast™ Mode, ASAP™ Charg... boAt",/static/images/31.jpg,1379,4
1893,Half Moon Strike 35L Unisex Spacious School/Laptop/College/Office Travel Backpack Bag for Men Women Boys & Girls with 15.6...,Half,Half Moon Strike 35L Unisex Spacious School/Laptop/College/Office Travel Backpack Bag for Men Women Boys & Girls with 15.6... Half,/static/images/4402.jpg,1524,4
1123,"Mi USB 18W Dual Port Charger|Dual USB Port|Certified Qualcomm Quick Charge 3.0| Compatible for Mobile, Headphones, TWS, Ga...",Mi,"Mi USB 18W Dual Port Charger|Dual USB Port|Certified Qualcomm Quick Charge 3.0| Compatible for Mobile, Headphones, TWS, Ga... Mi",/static/images/3002.jpg,1899,2
1734,Samsung Level U2 (Black)- Original Bluetooth in Ear Wireless Stereo Headset with Mic,Samsung,Samsung Level U2 (Black)- Original Bluetooth in Ear Wireless Stereo Headset with Mic Samsung,/static/images/4113.jpg,1594,5
2312,"Celly BHSTEREO Magnetic in-Ear Bluetooth 5.0 Wireless Headset, Ergonomic Design, Tangle-Free Cord, Immersive Sound Experie...",Celly,"Celly BHSTEREO Magnetic in-Ear Bluetooth 5.0 Wireless Headset, Ergonomic Design, Tangle-Free Cord, Immersive Sound Experie... Celly",/static/images/852.jpg,4259,5
1139,"Samsung Galaxy S21 FE 5G (Olive, 8GB, 128GB Storage)",Samsung,"Samsung Galaxy S21 FE 5G (Olive, 8GB, 128GB Storage) Samsung",/static/images/3033.jpg,4559,1
798,LAPSTER Accessories Power Cable Cord 2 Pin Laptop Adapter and Tape Recorder 1.5M,LAPSTER,LAPSTER Accessories Power Cable Cord 2 Pin Laptop Adapter and Tape Recorder 1.5M LAPSTER,/static/images/2355.jpg,4015,4
1908,Omega Tape Dispenser - Cello,Omega,Omega Tape Dispenser - Cello Omega,/static/images/4430.jpg,3804,4
2102,"Ambrane Wired in Ear Earphones with in-line Mic for Clear Calling, 12mm Dynamic Drivers for BoostedBass™, 3.5mm Jack, Mult...",Ambrane,"Ambrane Wired in Ear Earphones with in-line Mic for Clear Calling, 12mm Dynamic Drivers for BoostedBass™, 3.5mm Jack, Mult... Ambrane",/static/images/4883.jpg,4275,2
1195,"Duracell Type C To Type C 5A (100W) Braided Sync & Fast Charging Cable, 3.9 Feet (1.2M). USB C to C Cable, Supports PD & Q...",Duracell,"Duracell Type C To Type C 5A (100W) Braided Sync & Fast Charging Cable, 3.9 Feet (1.2M). USB C to C Cable, Supports PD & Q... Duracell",/static/images/3186.jpg,2563,5
541,Quantum QHM6633 4-Port Hi-Speed USB Hub with 480 Mbps Speed (Multicolor),Quantum,Quantum QHM6633 4-Port Hi-Speed USB Hub with 480 Mbps Speed (Multicolor) Quantum,/static/images/1911.jpg,4611,2
1919,CEDO Back Cover Redmi Note 9 Pro/Note 9 Pro Max/Note 10 Lite | Matte Soft Silicon Flexible | Camera Bump Protection | All ...,CEDO,CEDO Back Cover Redmi Note 9 Pro/Note 9 Pro Max/Note 10 Lite | Matte Soft Silicon Flexible | Camera Bump Protection | All ... CEDO,/static/images/4450.jpg,3142,3
566,"WeCool S2 Bluetooth Extendable Selfie Stick with Wireless Remote, 103 Cms Long Selfie Stick , Adjustable and Rotatable Des...",WeCool,"WeCool S2 Bluetooth Extendable Selfie Stick with Wireless Remote, 103 Cms Long Selfie Stick , Adjustable and Rotatable Des... WeCool",/static/images/1982.jpg,3284,2
1924,Sony Bravia 108 cm (43 inches) 4K Ultra HD Smart LED Google TV KD-43X74K (Black),Sony,Sony Bravia 108 cm (43 inches) 4K Ultra HD Smart LED Google TV KD-43X74K (Black) Sony,/static/images/4462.jpg,2863,4
1306,ALCRAFT Real Leather Green Stone Brown Embossed Handmade Diary with Metal Lock -Size of (H) 6*(L) 4.5 Brown,ALCRAFT,ALCRAFT Real Leather Green Stone Brown Embossed Handmade Diary with Metal Lock -Size of (H) 6*(L) 4.5 Brown ALCRAFT,/static/images/3471.jpg,939,1
2330,Sounce Silicone Soft Shock Proof Protective AirPods Case 5-in-1 Set Sleeve Skin Cover with Anti Lost Strap + Keychain + Ea...,Sounce,Sounce Silicone Soft Shock Proof Protective AirPods Case 5-in-1 Set Sleeve Skin Cover with Anti Lost Strap + Keychain + Ea... Sounce,/static/images/879.jpg,4122,5
780,i12 Bluetooth Ear Buds Bluetooth Headset in Ear Earbuds with Mic Touch Sensor with and High Bass Level Supporting All Smar...,i12,i12 Bluetooth Ear Buds Bluetooth Headset in Ear Earbuds with Mic Touch Sensor with and High Bass Level Supporting All Smar... i12,/static/images/2316.jpg,599,5
1867,boAt Bassheads 220 Wired in Ear Earphones with Inline Mic(Blue),boAt,boAt Bassheads 220 Wired in Ear Earphones with Inline Mic(Blue) boAt,/static/images/4357.jpg,4603,5
2221,"ZEBRONICS Zeb-Vita Plus Mini 16 w Soundbar Supporting LED Display, USB, SD Card, AUX, FM, TWS & Call Function (Black)",ZEBRONICS,"ZEBRONICS Zeb-Vita Plus Mini 16 w Soundbar Supporting LED Display, USB, SD Card, AUX, FM, TWS & Call Function (Black) ZEBRONICS",/static/images/683.jpg,3266,2
1606,ENVIE® (ECR11MC + 2800 4PL) SprintX Ultra Fast Rechargeable Batteries Charger for AA & AAA Ni-MH with 4xAA2800mah Recharge...,ENVIE®,ENVIE® (ECR11MC + 2800 4PL) SprintX Ultra Fast Rechargeable Batteries Charger for AA & AAA Ni-MH with 4xAA2800mah Recharge... ENVIE®,/static/images/3985.jpg,2752,2
914,"Wings Phantom Truly Wireless in Ear Earbuds with LED Battery Indiacator 50ms Low Latency 40Hrs Playtime, MEMS with Mic, Bl...",Wings,"Wings Phantom Truly Wireless in Ear Earbuds with LED Battery Indiacator 50ms Low Latency 40Hrs Playtime, MEMS with Mic, Bl... Wings",/static/images/2527.jpg,2795,2
2147,"TVARA LCD Writing Tablet, 8.5"" Inch Colorful Toddler Doodle Board Drawing Tablet, Erasable Reusable Electronic Drawing Pad...",TVARA,"TVARA LCD Writing Tablet, 8.5"" Inch Colorful Toddler Doodle Board Drawing Tablet, Erasable Reusable Electronic Drawing Pad... TVARA",/static/images/5005.jpg,924,4
2347,Sinal Premium Heavy Duty Wall Mount Stand for 17-32 inches LCD LED TV Moving TV,Sinal,Sinal Premium Heavy Duty Wall Mount Stand for 17-32 inches LCD LED TV Moving TV Sinal,/static/images/939.jpg,4026,4
352,Sounce USB 3.0 to Type-C OTG Cable Male-Female Adapter Compatible with All C Type Supported Mobile Smartphone and Other De...,Sounce,Sounce USB 3.0 to Type-C OTG Cable Male-Female Adapter Compatible with All C Type Supported Mobile Smartphone and Other De... Sounce,/static/images/1631.jpg,1888,3
242,"OnePlus 10R 5G (Forest Green, 8GB RAM, 128GB Storage, 80W SuperVOOC)",OnePlus,"OnePlus 10R 5G (Forest Green, 8GB RAM, 128GB Storage, 80W SuperVOOC) OnePlus",/static/images/1466.jpg,911,5
1349,pTron Volta FC17 25W Type-C to Type-C PD Superfast Charger for Samsung S21/S21+/S21 Ultra/S20/S20+/S20 Ultra/Note 20/Note ...,pTron,pTron Volta FC17 25W Type-C to Type-C PD Superfast Charger for Samsung S21/S21+/S21 Ultra/S20/S20+/S20 Ultra/Note 20/Note ... pTron,/static/images/3523.jpg,2912,4
1285,"Pentonic Ball Pen Blister Pack | 0.7 mm Tip Size | Smooth Writing, Sleek Matte Finish | Use For School, office | Black Bod...",Pentonic,"Pentonic Ball Pen Blister Pack | 0.7 mm Tip Size | Smooth Writing, Sleek Matte Finish | Use For School, office | Black Bod... Pentonic",/static/images/3444.jpg,3797,2
1874,"Zebronics Companion 200 Wireless Combo with Silent Operation Mouse, Full Size Keyboard, 1600 DPI, Integrated Multimedia, O...",Zebronics,"Zebronics Companion 200 Wireless Combo with Silent Operation Mouse, Full Size Keyboard, 1600 DPI, Integrated Multimedia, O... Zebronics",/static/images/437.jpg,716,2
2341,AEIDESS Tempered Glass/Screen Guard Compatible for Oneplus 11 / OnePlus 9 Pro with Edge to Edge Full Screen Coverage (Tran...,AEIDESS,AEIDESS Tempered Glass/Screen Guard Compatible for Oneplus 11 / OnePlus 9 Pro with Edge to Edge Full Screen Coverage (Tran... AEIDESS,/static/images/91.jpg,1678,2
695,OneAssist 1 Year Extended Warranty Plan for Headphones 500 to 1000 - Email Delivery Within 2 Hours,OneAssist,OneAssist 1 Year Extended Warranty Plan for Headphones 500 to 1000 - Email Delivery Within 2 Hours OneAssist,/static/images/2212.jpg,3119,3
1839,"Party Propz Baby Shower Props for Photoshoot, Photo Booth, Decorations 29Pcs, Sticks Attached for Mom to Be Shoot, Materni...",Party,"Party Propz Baby Shower Props for Photoshoot, Photo Booth, Decorations 29Pcs, Sticks Attached for Mom to Be Shoot, Materni... Party",/static/images/4300.jpg,3797,5
665,Panasonic LR44 Alkaline Coin Battery - Pack of 10,Panasonic,Panasonic LR44 Alkaline Coin Battery - Pack of 10 Panasonic,/static/images/2135.jpg,4747,3
682,"OnePlus Nord Watch with 1.78” AMOLED Display, 60 Hz Refresh Rate, 105 Fitness Modes, 10 Days Battery, SPO2, Heart Rate, St...",OnePlus,"OnePlus Nord Watch with 1.78” AMOLED Display, 60 Hz Refresh Rate, 105 Fitness Modes, 10 Days Battery, SPO2, Heart Rate, St... OnePlus",/static/images/2177.jpg,1474,5
476,"PTron Boom Ultima V2 Dual Driver, in Ear Gaming Wired Earphones with Mic, Volume Control, Passive Noise Cancelling Boom 3 ...",PTron,"PTron Boom Ultima V2 Dual Driver, in Ear Gaming Wired Earphones with Mic, Volume Control, Passive Noise Cancelling Boom 3 ... PTron",/static/images/182.jpg,882,2
1561,"Offbeat® - DASH 2.4GHz Wireless + Bluetooth 5.1 Mouse, Multi-Device Dual Mode Slim Rechargeable Silent Click Buttons Wirel...",Offbeat®,"Offbeat® - DASH 2.4GHz Wireless + Bluetooth 5.1 Mouse, Multi-Device Dual Mode Slim Rechargeable Silent Click Buttons Wirel... Offbeat®",/static/images/3896.jpg,3040,4
900,Smart Watch id-116 Men Women Fitness Tracker Blood Pressure Heart Rate Monitor for Girls & Boys with HT1 Wireless Bluetoot...,Smart,Smart Watch id-116 Men Women Fitness Tracker Blood Pressure Heart Rate Monitor for Girls & Boys with HT1 Wireless Bluetoot... Smart,/static/images/2506.jpg,525,5
1034,boAt Bassheads 242 in Ear Wired Earphones with Mic(Blue),boAt,boAt Bassheads 242 in Ear Wired Earphones with Mic(Blue) boAt,/static/images/2809.jpg,287,4
1844,"truke Buds S1 Bluetooth 5.1 Truly Wireless in Ear Earbuds with Mic for Clear Calls, Environmental Noise Cancellation(ENC),...",truke,"truke Buds S1 Bluetooth 5.1 Truly Wireless in Ear Earbuds with Mic for Clear Calls, Environmental Noise Cancellation(ENC),... truke",/static/images/4311.jpg,908,2
412,"Ambrane Wired in Ear Earphones with in-line Mic for Clear Calling, 14mm Dynamic Drivers for BoostedBass, 3.5mm Jack, Mult...",Ambrane,"Ambrane Wired in Ear Earphones with in-line Mic for Clear Calling, 14mm Dynamic Drivers for BoostedBass, 3.5mm Jack, Mult... Ambrane",/static/images/1757.jpg,4300,2
1528,"Belkin Fast Charging,Universally Compatible Dual USB-C 40W Pd Wall Charger-Power Delivery 3.0 Certified,Each Port Delivers...",Belkin,"Belkin Fast Charging,Universally Compatible Dual USB-C 40W Pd Wall Charger-Power Delivery 3.0 Certified,Each Port Delivers... Belkin",/static/images/3839.jpg,831,2
1662,"FUR JADEN Anti Theft Number Lock Backpack Bag with 15.6 Inch Laptop Compartment, USB Charging Port & Organizer Pocket for ...",FUR,"FUR JADEN Anti Theft Number Lock Backpack Bag with 15.6 Inch Laptop Compartment, USB Charging Port & Organizer Pocket for ... FUR",/static/images/4035.jpg,465,5
1548,TP-Link Tapo 2MP 1080p Full HD Home Security Wi-Fi Smart Camera| Alexa Enabled| 2-Way Audio| Night Vision| Motion Detectio...,TP-Link,TP-Link Tapo 2MP 1080p Full HD Home Security Wi-Fi Smart Camera| Alexa Enabled| 2-Way Audio| Night Vision| Motion Detectio... TP-Link,/static/images/3882.jpg,3170,1
397,COI Note Pad/Memo Book with Sticky Notes & Clip Holder with Pen for Gifting,COI,COI Note Pad/Memo Book with Sticky Notes & Clip Holder with Pen for Gifting COI,/static/images/170.jpg,4082,5
2388,"TP-Link TL-MR100 300Mbps 2.4GHz Wireless N 4G LTE, Wi-Fi N300, Plug and Play, Parental Controls, Guest Network, with Micro...",TP-Link,"TP-Link TL-MR100 300Mbps 2.4GHz Wireless N 4G LTE, Wi-Fi N300, Plug and Play, Parental Controls, Guest Network, with Micro... TP-Link",/static/images/988.jpg,1005,3
965,"PTron Newly Launched Musicbot Lite 5W Mini Bluetooth Speaker with 6Hrs Playtime, Immersive Sound, 40mm Driver, BT5.1 with ...",PTron,"PTron Newly Launched Musicbot Lite 5W Mini Bluetooth Speaker with 6Hrs Playtime, Immersive Sound, 40mm Driver, BT5.1 with ... PTron",/static/images/267.jpg,2460,1
2198,"Lenovo 100 Wireless Keyboard & Mouse Combo, Ambidextrous 1000 DPI Mouse Optical Sensor, upto 3M clicks, Ultra slim water r...",Lenovo,"Lenovo 100 Wireless Keyboard & Mouse Combo, Ambidextrous 1000 DPI Mouse Optical Sensor, upto 3M clicks, Ultra slim water r... Lenovo",/static/images/632.jpg,3400,4
1832,"Gizga Essentials Earphone Earpod Cleaning Pen for AirPod, Earbuds, Headphones, Wireless Earphones, 5-in-1 Multifunctional ...",Gizga,"Gizga Essentials Earphone Earpod Cleaning Pen for AirPod, Earbuds, Headphones, Wireless Earphones, 5-in-1 Multifunctional ... Gizga",/static/images/4290.jpg,3804,2
1761,"Lenovo Tab M10 FHD Plus (3rd Gen) (10.61 inch (26.94 cm), 6 GB, 128 GB, Wi-Fi+LTE, Calling), Storm Grey with Qualcomm Snap...",Lenovo,"Lenovo Tab M10 FHD Plus (3rd Gen) (10.61 inch (26.94 cm), 6 GB, 128 GB, Wi-Fi+LTE, Calling), Storm Grey with Qualcomm Snap... Lenovo",/static/images/4166.jpg,1889,3
2224,Amozo Ultra Slim Soft Silicone Flexible Camera Protection Back Cover for iPhone 12/12 Pro (Blue),Amozo,Amozo Ultra Slim Soft Silicone Flexible Camera Protection Back Cover for iPhone 12/12 Pro (Blue) Amozo,/static/images/689.jpg,3897,2
94,"Noise ColorFit Pulse Grand Smart Watch with 1.69""(4.29cm) HD Display, 60 Sports Modes, 150 Watch Faces, Fast Charge, Spo2,...",Noise,"Noise ColorFit Pulse Grand Smart Watch with 1.69""(4.29cm) HD Display, 60 Sports Modes, 150 Watch Faces, Fast Charge, Spo2,... Noise",/static/images/1118.jpg,645,5
929,"Noise ColorFit Ultra Buzz Bluetooth Calling Smart Watch with 1.75"" HD Display, 320x385 px Resolution, 100 Sports Modes, St...",Noise,"Noise ColorFit Ultra Buzz Bluetooth Calling Smart Watch with 1.75"" HD Display, 320x385 px Resolution, 100 Sports Modes, St... Noise",/static/images/256.jpg,4002,3
1864,GLUN 11 mm Transparent HOT MELT 14 Glue Sticks for DIY and Craft Work,GLUN,GLUN 11 mm Transparent HOT MELT 14 Glue Sticks for DIY and Craft Work GLUN,/static/images/4351.jpg,3688,5
792,SHREENOVA ID116 Plus Bluetooth Fitness Smart Watch for Men Women and Kids Activity Tracker (Black),SHREENOVA,SHREENOVA ID116 Plus Bluetooth Fitness Smart Watch for Men Women and Kids Activity Tracker (Black) SHREENOVA,/static/images/233.jpg,4933,4
591,Redgear MP35 Speed-Type Gaming Mousepad (Black/Red),Redgear,Redgear MP35 Speed-Type Gaming Mousepad (Black/Red) Redgear,/static/images/2008.jpg,2554,2
1182,"pTron Volta Dual Port 12W Smart USB Charger Adapter, Multi-Layer Protection, Made in India, BIS Certified, Fast Charging P...",pTron,"pTron Volta Dual Port 12W Smart USB Charger Adapter, Multi-Layer Protection, Made in India, BIS Certified, Fast Charging P... pTron",/static/images/3164.jpg,4090,1
103,"HP w100 480P 30 FPS Digital Webcam with Built-in Mic, Plug and Play Setup, Wide-Angle View for Video Calling on Skype, Zoo...",HP,"HP w100 480P 30 FPS Digital Webcam with Built-in Mic, Plug and Play Setup, Wide-Angle View for Video Calling on Skype, Zoo... HP",/static/images/1131.jpg,1887,3
1409,Acer 127 cm (50 inches) I Series 4K Ultra HD Android Smart LED TV AR50AR2851UDFL (Black),Acer,Acer 127 cm (50 inches) I Series 4K Ultra HD Android Smart LED TV AR50AR2851UDFL (Black) Acer,/static/images/362.jpg,1847,1
442,"Redmi Note 11T 5G (Stardust White, 8GB RAM, 128GB ROM) | Dimensity 810 5G | 33W Pro Fast Charging | Charger Included | Add...",Redmi,"Redmi Note 11T 5G (Stardust White, 8GB RAM, 128GB ROM) | Dimensity 810 5G | 33W Pro Fast Charging | Charger Included | Add... Redmi",/static/images/1785.jpg,4636,4
2226,"Samsung 345L 3 Star Inverter Frost Free Double Door Refrigerator (RT37T4513S8/HL, Elegant Inox, Convertible 5In 1)",Samsung,"Samsung 345L 3 Star Inverter Frost Free Double Door Refrigerator (RT37T4513S8/HL, Elegant Inox, Convertible 5In 1) Samsung",/static/images/690.jpg,2423,1
2288,"ZEBRONICS Zeb-Thunder PRO On-Ear Wireless Headphone with BTv5.0, Up to 21 Hours Playback, 40mm Drivers with Deep Bass, Wir...",ZEBRONICS,"ZEBRONICS Zeb-Thunder PRO On-Ear Wireless Headphone with BTv5.0, Up to 21 Hours Playback, 40mm Drivers with Deep Bass, Wir... ZEBRONICS",/static/images/824.jpg,1820,3
2270,"Cosmic Byte C3070W Nebula 2.4G Wireless Gamepad for PC/PS3 supports Windows XP/7/8/10, Rubberized Texture",Cosmic,"Cosmic Byte C3070W Nebula 2.4G Wireless Gamepad for PC/PS3 supports Windows XP/7/8/10, Rubberized Texture Cosmic",/static/images/803.jpg,2386,3
282,"Xiaomi Wired in-Ear Earphones with Mic, Ultra Deep Bass & Metal Sound Chamber (Black)",Xiaomi,"Xiaomi Wired in-Ear Earphones with Mic, Ultra Deep Bass & Metal Sound Chamber (Black) Xiaomi",/static/images/1507.jpg,1229,4
360,"OnePlus 10R 5G (Sierra Black, 8GB RAM, 128GB Storage, 80W SuperVOOC)",OnePlus,"OnePlus 10R 5G (Sierra Black, 8GB RAM, 128GB Storage, 80W SuperVOOC) OnePlus",/static/images/1663.jpg,2896,2
1463,"ELV Direct Book Holder Stand, Portable Handsfree Reading,Book Holding Tray, Sturdy, Lightweight, A4 Size (28cmX21cm)/(11 i...",ELV,"ELV Direct Book Holder Stand, Portable Handsfree Reading,Book Holding Tray, Sturdy, Lightweight, A4 Size (28cmX21cm)/(11 i... ELV",/static/images/3693.jpg,1995,1
1912,ORUM Standard Multi-Purpose Laptop Table with Dock Stand/Study Table/Bed Table/Foldable and Portable/Ergonomic & Rounded E...,ORUM,ORUM Standard Multi-Purpose Laptop Table with Dock Stand/Study Table/Bed Table/Foldable and Portable/Ergonomic & Rounded E... ORUM,/static/images/4438.jpg,1910,1
2035,INEFABLE® Mi Band 3 & 4 Strap Original Compatible with Mi M3 & M4 with One Year Warranty - Device Not Included - Black - P...,INEFABLE®,INEFABLE® Mi Band 3 & 4 Strap Original Compatible with Mi M3 & M4 with One Year Warranty - Device Not Included - Black - P... INEFABLE®,/static/images/4762.jpg,4806,4
421,realme narzo 50i Prime (Mint Green 3GB RAM+32GB Storage) Octa-core Processor | 5000 mAh Battery,realme,realme narzo 50i Prime (Mint Green 3GB RAM+32GB Storage) Octa-core Processor | 5000 mAh Battery realme,/static/images/1766.jpg,1929,5
1790,"WILDHORN 31L Laptop Backpack for Men / Women I Fits upto 15.6"" Laptop I Waterproof I Travel / Business / College Bookbags",WILDHORN,"WILDHORN 31L Laptop Backpack for Men / Women I Fits upto 15.6"" Laptop I Waterproof I Travel / Business / College Bookbags WILDHORN",/static/images/4203.jpg,1646,2
945,"GoRogue Foldable Wooden Mini Laptop Table for Bed, Study Table with Drawer, Tablet/Mobile Holder for Kids & Adults (Black)",GoRogue,"GoRogue Foldable Wooden Mini Laptop Table for Bed, Study Table with Drawer, Tablet/Mobile Holder for Kids & Adults (Black) GoRogue",/static/images/2582.jpg,1254,5
1060,"JBL Endurance Run 2, Sports in Ear Wired Earphones with Mic, Pure Bass, Sweatproof, Flexsoft eartips, Magnetic Earbuds, Fl...",JBL,"JBL Endurance Run 2, Sports in Ear Wired Earphones with Mic, Pure Bass, Sweatproof, Flexsoft eartips, Magnetic Earbuds, Fl... JBL",/static/images/2868.jpg,2725,3
1097,"boAt Stone 620 Bluetooth Speaker with 12W RMS Stereo Sound, 10HRS Playtime, TWS Feature, IPX4, Multi-Compatibility Mode(Blue)",boAt,"boAt Stone 620 Bluetooth Speaker with 12W RMS Stereo Sound, 10HRS Playtime, TWS Feature, IPX4, Multi-Compatibility Mode(Blue) boAt",/static/images/2942.jpg,4149,4
450,"PHILIPS Audio TAE1126 Wired in Ear Earphones with mic, 10 mm Driver, Powerful bass and Clear Sound, Black",PHILIPS,"PHILIPS Audio TAE1126 Wired in Ear Earphones with mic, 10 mm Driver, Powerful bass and Clear Sound, Black PHILIPS",/static/images/1793.jpg,3392,3
1176,"TheGiftKart Shockproof Crystal Clear Back Cover Case for Nothing Phone 1 | 360 Degree Protection | Protective Design | PC,...",TheGiftKart,"TheGiftKart Shockproof Crystal Clear Back Cover Case for Nothing Phone 1 | 360 Degree Protection | Protective Design | PC,... TheGiftKart",/static/images/3156.jpg,1627,5
24,"OnePlus Nord 2T 5G (Jade Fog, 8GB RAM, 128GB Storage)",OnePlus,"OnePlus Nord 2T 5G (Jade Fog, 8GB RAM, 128GB Storage) OnePlus",/static/images/1045.jpg,3919,3
2204,Blaupunkt Newly Launched BTW300 BASS Buds Truly Wireless Bluetooth in-Ear Earbuds I Bass Demon Tech I ENC CRISPR TECH I 40...,Blaupunkt,Blaupunkt Newly Launched BTW300 BASS Buds Truly Wireless Bluetooth in-Ear Earbuds I Bass Demon Tech I ENC CRISPR TECH I 40... Blaupunkt,/static/images/642.jpg,1128,5
2025,"Redmi Note 11S (Horizon Blue, 6GB RAM, 128GB Storage)|108MP AI Quad Camera | 90 Hz FHD+ AMOLED Display | 33W Charger Inclu...",Redmi,"Redmi Note 11S (Horizon Blue, 6GB RAM, 128GB Storage)|108MP AI Quad Camera | 90 Hz FHD+ AMOLED Display | 33W Charger Inclu... Redmi",/static/images/4741.jpg,2070,2
1229,"E-COSMOS Plug in LED Night Light Mini USB LED Light Flexible USB LED Ambient Light Mini USB LED Light, LED Portable car Bu...",E-COSMOS,"E-COSMOS Plug in LED Night Light Mini USB LED Light Flexible USB LED Ambient Light Mini USB LED Light, LED Portable car Bu... E-COSMOS",/static/images/3308.jpg,2227,5
2244,Rapidotzz Band Straps Compatible for Mi Band 4 and Mi Band 3 (Black and Blue),Rapidotzz,Rapidotzz Band Straps Compatible for Mi Band 4 and Mi Band 3 (Black and Blue) Rapidotzz,/static/images/71.jpg,601,2
2269,Onsitego 1 Year Extended Warranty for Small Household Appliances from Rs. 5001-6000 (Email Delivery - No Physical Kit),Onsitego,Onsitego 1 Year Extended Warranty for Small Household Appliances from Rs. 5001-6000 (Email Delivery - No Physical Kit) Onsitego,/static/images/802.jpg,292,4
1405,"Xiaomi Pad 5| Qualcomm Snapdragon 860| 120Hz Refresh Rate| 6GB, 256GB| 2.5K+ Display (10.95-inch/27.81cm)|1 Billion Colour...",Xiaomi,"Xiaomi Pad 5| Qualcomm Snapdragon 860| 120Hz Refresh Rate| 6GB, 256GB| 2.5K+ Display (10.95-inch/27.81cm)|1 Billion Colour... Xiaomi",/static/images/3616.jpg,3369,5
842,"Redgear Shadow Blade Mechanical Keyboard with Drive Customization, Spectrum LED Lights, Media Control Knob and Wrist Suppo...",Redgear,"Redgear Shadow Blade Mechanical Keyboard with Drive Customization, Spectrum LED Lights, Media Control Knob and Wrist Suppo... Redgear",/static/images/2396.jpg,4081,3
599,Zinq Five Fan Cooling Pad and Laptop Stand with Dual Height Adjustment and Dual USB Port Extension (Black),Zinq,Zinq Five Fan Cooling Pad and Laptop Stand with Dual Height Adjustment and Dual USB Port Extension (Black) Zinq,/static/images/202.jpg,238,3
2393,Qubo Smart Cam 360 Ultra from Hero Group | Made in India | Ethernet Port | 2MP 1080p Full HD Wi-Fi Camera | 360 Coverage w...,Qubo,Qubo Smart Cam 360 Ultra from Hero Group | Made in India | Ethernet Port | 2MP 1080p Full HD Wi-Fi Camera | 360 Coverage w... Qubo,/static/images/994.jpg,3389,3
1649,"Amazfit GTS 4 Mini Smart Watch, Alexa Built-in Fitness Tracker with 24H Heart Rate Blood Oxygen Monitor, 5 Satellite Posit...",Amazfit,"Amazfit GTS 4 Mini Smart Watch, Alexa Built-in Fitness Tracker with 24H Heart Rate Blood Oxygen Monitor, 5 Satellite Posit... Amazfit",/static/images/4022.jpg,3749,2
293,"boAt Xtend/Xtend RTL Smartwatch with Alexa Built-in, 1.69” HD Display, Multiple Watch Faces, Stress Monitor, Heart & SpO2 ...",boAt,"boAt Xtend/Xtend RTL Smartwatch with Alexa Built-in, 1.69” HD Display, Multiple Watch Faces, Stress Monitor, Heart & SpO2 ... boAt",/static/images/1543.jpg,52,5
1861,"Samsung Galaxy Buds2 Pro, Bluetooth Truly Wireless in Ear Earbuds with Noise Cancellation (Graphite, with Mic)",Samsung,"Samsung Galaxy Buds2 Pro, Bluetooth Truly Wireless in Ear Earbuds with Noise Cancellation (Graphite, with Mic) Samsung",/static/images/4349.jpg,409,4
65,"boAt Type C A325 Tangle-free, Sturdy Type C Cable with 3A Rapid Charging & 480mbps Data Transmission(Black)",boAt,"boAt Type C A325 Tangle-free, Sturdy Type C Cable with 3A Rapid Charging & 480mbps Data Transmission(Black) boAt",/static/images/109.jpg,3054,4
588,"boAt Stone 180 5W Bluetooth Speaker with Upto 10 Hours Playback, 1.75"" Driver, IPX7 & TWS Feature(Blue)",boAt,"boAt Stone 180 5W Bluetooth Speaker with Upto 10 Hours Playback, 1.75"" Driver, IPX7 & TWS Feature(Blue) boAt",/static/images/2005.jpg,3120,4
1563,"Sony WI-XB400 Wireless Extra Bass in-Ear Headphones with 15 hrs Battery, Quick Charge, Magnetic Earbuds, Tangle Free Cord,...",Sony,"Sony WI-XB400 Wireless Extra Bass in-Ear Headphones with 15 hrs Battery, Quick Charge, Magnetic Earbuds, Tangle Free Cord,... Sony",/static/images/3899.jpg,2610,5
535,"Fire-Boltt Invincible Plus 1.43"" AMOLED Display Smartwatch with Bluetooth Calling, TWS Connection, 300+ Sports Modes, 110 ...",Fire-Boltt,"Fire-Boltt Invincible Plus 1.43"" AMOLED Display Smartwatch with Bluetooth Calling, TWS Connection, 300+ Sports Modes, 110 ... Fire-Boltt",/static/images/1906.jpg,2611,2
309,Apple Lightning to 3.5 mm Headphone Jack Adapter,Apple,Apple Lightning to 3.5 mm Headphone Jack Adapter Apple,/static/images/1586.jpg,2320,3
1989,"Ceptics UK Adapter for Indian Pins, India to UAE, Hong Kong, Dubai, UK Adapter Plug - Type G Adapter - Perfect for Laptop,...",Ceptics,"Ceptics UK Adapter for Indian Pins, India to UAE, Hong Kong, Dubai, UK Adapter Plug - Type G Adapter - Perfect for Laptop,... Ceptics",/static/images/4681.jpg,4269,1
2300,Laptop Cover 13.3 inch for MacBook Air M1 Case Cover Laptop Case Compatible with 2020/2019/2018 MacBook Air M1 A2337 A2179...,Laptop,Laptop Cover 13.3 inch for MacBook Air M1 Case Cover Laptop Case Compatible with 2020/2019/2018 MacBook Air M1 A2337 A2179... Laptop,/static/images/84.jpg,2815,2
1141,"Amazon Basics USB 2.0 - A-Male to A-Female Extension Cable for Personal Computer, Printer (Black, 9.8 Feet/3 Meters)",Amazon,"Amazon Basics USB 2.0 - A-Male to A-Female Extension Cable for Personal Computer, Printer (Black, 9.8 Feet/3 Meters) Amazon",/static/images/3036.jpg,3871,5
1005,"ARISTO Multipurpose Plastic Storage Container Box with Wheels 25 LTR (Clear, Transparent), (45.8 x 34 x 26) cm",ARISTO,"ARISTO Multipurpose Plastic Storage Container Box with Wheels 25 LTR (Clear, Transparent), (45.8 x 34 x 26) cm ARISTO",/static/images/2719.jpg,836,5
1218,"Ambrane Wired in Ear Earphones with in-line Mic for Clear Calling, 14mm Dynamic Drivers for BoostedBass™, 3.5mm Jack, Mult...",Ambrane,"Ambrane Wired in Ear Earphones with in-line Mic for Clear Calling, 14mm Dynamic Drivers for BoostedBass™, 3.5mm Jack, Mult... Ambrane",/static/images/3290.jpg,669,3
143,"Tygot Bluetooth Extendable Selfie Sticks with Wireless Remote and Tripod Stand, 3-in-1 Multifunctional Selfie Stick with T...",Tygot,"Tygot Bluetooth Extendable Selfie Sticks with Wireless Remote and Tripod Stand, 3-in-1 Multifunctional Selfie Stick with T... Tygot",/static/images/1194.jpg,4610,4
1193,"boAt Rockerz 205 Pro in Ear Bluetooth Neckband with Beast Mode™(Low Latency Upto 65ms), ENx™ Tech for Clear Voice Calls,30...",boAt,"boAt Rockerz 205 Pro in Ear Bluetooth Neckband with Beast Mode™(Low Latency Upto 65ms), ENx™ Tech for Clear Voice Calls,30... boAt",/static/images/3181.jpg,3514,5
873,"Lenovo 300 FHD Webcam with Full Stereo Dual Built-in mics | FHD 1080P 2.1 Megapixel CMOS Camera |Ultra-Wide 95 Lens, Digit...",Lenovo,"Lenovo 300 FHD Webcam with Full Stereo Dual Built-in mics | FHD 1080P 2.1 Megapixel CMOS Camera |Ultra-Wide 95 Lens, Digit... Lenovo",/static/images/2472.jpg,3605,5
1999,DIGITEK® (DSG 007F) 3 Axis Handheld Steady Gimbal PTZ Camera Mount for All Smart Phones with Face & Object Tracking Motio...,DIGITEK®,DIGITEK® (DSG 007F) 3 Axis Handheld Steady Gimbal PTZ Camera Mount for All Smart Phones with Face & Object Tracking Motio... DIGITEK®,/static/images/4691.jpg,1305,5
1031,Redmi Note 12 5G Matte Black 4GB RAM 128GB ROM | 1st Phone with 120Hz Super AMOLED and Snapdragon® 4 Gen 1 | 48MP AI Tripl...,Redmi,Redmi Note 12 5G Matte Black 4GB RAM 128GB ROM | 1st Phone with 120Hz Super AMOLED and Snapdragon® 4 Gen 1 | 48MP AI Tripl... Redmi,/static/images/279.jpg,706,5
598,"HP 200 USB Wireless Mouse with 1000 DPI optical sensor, 2.4 GHz wireless connectivity, built-in scrolling and ambidextrous...",HP,"HP 200 USB Wireless Mouse with 1000 DPI optical sensor, 2.4 GHz wireless connectivity, built-in scrolling and ambidextrous... HP",/static/images/2015.jpg,292,5
2175,"DEVCOMM Phone Bluetooth Stereo System Audio Aux Receiver USB Adapter 3.5mm for Car Speakers Under 200 (1 Pack, Black)",DEVCOMM,"DEVCOMM Phone Bluetooth Stereo System Audio Aux Receiver USB Adapter 3.5mm for Car Speakers Under 200 (1 Pack, Black) DEVCOMM",/static/images/601.jpg,1662,3
2254,"TP-Link TL-WR820N 300 Mbps Single_Band Speed Wireless WiFi Router, Easy Setup, IPv6 Compatible, Supports Parent Control, G...",TP-Link,"TP-Link TL-WR820N 300 Mbps Single_Band Speed Wireless WiFi Router, Easy Setup, IPv6 Compatible, Supports Parent Control, G... TP-Link",/static/images/73.jpg,2211,2
1754,SanDisk ® Ultra Curve USB 3.2 64GB 100MB/s R Navy Blue,SanDisk,SanDisk ® Ultra Curve USB 3.2 64GB 100MB/s R Navy Blue SanDisk,/static/images/4159.jpg,4293,2
1089,"ZEBRONICS Zeb-JUKEBAR 3900, 80W Multimedia soundbar with subwoofer Supporting Bluetooth, HDMI(ARC), Coaxial Input, AUX, US...",ZEBRONICS,"ZEBRONICS Zeb-JUKEBAR 3900, 80W Multimedia soundbar with subwoofer Supporting Bluetooth, HDMI(ARC), Coaxial Input, AUX, US... ZEBRONICS",/static/images/2932.jpg,760,4
1581,"ZEBRONICS Zeb- Haze 2.4GHz Wireless Mouse with up to 1200 DPI, Power Saving Mode, Nano Receiver and Plug & Play Usage - Black",ZEBRONICS,"ZEBRONICS Zeb- Haze 2.4GHz Wireless Mouse with up to 1200 DPI, Power Saving Mode, Nano Receiver and Plug & Play Usage - Black ZEBRONICS",/static/images/3962.jpg,3490,4
1678,"FUR JADEN Anti Theft Number Lock Backpack Bag with 15.6 Inch Laptop Compartment, USB Charging Port & Organizer Pocket for ...",FUR,"FUR JADEN Anti Theft Number Lock Backpack Bag with 15.6 Inch Laptop Compartment, USB Charging Port & Organizer Pocket for ... FUR",/static/images/4052.jpg,529,2
954,"Noise Buds VS104 Pro Truly Wireless Earbuds with 40H of Playtime, Quad Mic with ENC, Instacharge(10 min=150 min), 14.2mm D...",Noise,"Noise Buds VS104 Pro Truly Wireless Earbuds with 40H of Playtime, Quad Mic with ENC, Instacharge(10 min=150 min), 14.2mm D... Noise",/static/images/26.jpg,4693,5
2058,"boAt Airdopes 393ANC True Wireless in Ear Earbuds with 32dB Hybrid ANC, Quad Mics with ENx™ Tech, 30 Hours Playback, Beas...",boAt,"boAt Airdopes 393ANC True Wireless in Ear Earbuds with 32dB Hybrid ANC, Quad Mics with ENx™ Tech, 30 Hours Playback, Beas... boAt",/static/images/4808.jpg,1001,2
2398,"Tenda N301 RJ45 Wireless-N300 Mbps Single_Band Easy Setup Router (White, Not a Modem)",Tenda,"Tenda N301 RJ45 Wireless-N300 Mbps Single_Band Easy Setup Router (White, Not a Modem) Tenda",/static/images/999.jpg,1171,2
2372,Navneet Youva | Spiral Long Book for students and executives | Spiral Bound with Safety lock | A4 size - 21 x 29.7 cm | Si...,Navneet,Navneet Youva | Spiral Long Book for students and executives | Spiral Bound with Safety lock | A4 size - 21 x 29.7 cm | Si... Navneet,/static/images/969.jpg,4413,5
1946,Amozo Designed for iPhone 14 Cover | Ultra Hybrid Camera Protection Back Cover Case for iPhone 14 (Polycarbonate|Transpare...,Amozo,Amozo Designed for iPhone 14 Cover | Ultra Hybrid Camera Protection Back Cover Case for iPhone 14 (Polycarbonate|Transpare... Amozo,/static/images/4519.jpg,2480,1
2349,Merayo Metal Mesh Pen and Pencil Stationary Storage Tidy Desk Organizer Box with 6 Compartment for Home and Office Accesso...,Merayo,Merayo Metal Mesh Pen and Pencil Stationary Storage Tidy Desk Organizer Box with 6 Compartment for Home and Office Accesso... Merayo,/static/images/940.jpg,519,1
2225,"Eridanus WiFi USB Adapter for Computer, Wi-Fi Receiver 950Mbps, 2.4GHz, 802.11b/g/n USB 2.0 Wireless Mini Wi-Fi Network Ad...",Eridanus,"Eridanus WiFi USB Adapter for Computer, Wi-Fi Receiver 950Mbps, 2.4GHz, 802.11b/g/n USB 2.0 Wireless Mini Wi-Fi Network Ad... Eridanus",/static/images/69.jpg,319,3
2377,"Sony WI-C200 Wireless Headphones with 15 Hrs Battery Life, Quick Charge, Magnetic Earbuds for Tangle Free Carrying, BT ver...",Sony,"Sony WI-C200 Wireless Headphones with 15 Hrs Battery Life, Quick Charge, Magnetic Earbuds for Tangle Free Carrying, BT ver... Sony",/static/images/975.jpg,1335,5
2121,"Luxor 6 Subject Spiral Premium Exercise Notebook, Single Ruled - (18cm X 24cm), 300 Pages, Pack of 3",Luxor,"Luxor 6 Subject Spiral Premium Exercise Notebook, Single Ruled - (18cm X 24cm), 300 Pages, Pack of 3 Luxor",/static/images/4973.jpg,251,2
1898,Hisense 126 cm (50 inches) Bezelless Series 4K Ultra HD Smart LED Google TV 50A6H (Black),Hisense,Hisense 126 cm (50 inches) Bezelless Series 4K Ultra HD Smart LED Google TV 50A6H (Black) Hisense,/static/images/4409.jpg,314,2
2273,19MM Vintage Watch Belt Compatible for BOAT STORM/NOISE COLORFIT PRO 2/ NOISE COLORFIT PULSE,19MM,19MM Vintage Watch Belt Compatible for BOAT STORM/NOISE COLORFIT PRO 2/ NOISE COLORFIT PULSE 19MM,/static/images/806.jpg,1165,4
268,"Ambrane 60W / 3A Type C Fast Charging Unbreakable 1.5m L Shaped Braided Cable, PD Technology, 480Mbps Data Transfer for Sm...",Ambrane,"Ambrane 60W / 3A Type C Fast Charging Unbreakable 1.5m L Shaped Braided Cable, PD Technology, 480Mbps Data Transfer for Sm... Ambrane",/static/images/1494.jpg,205,4
649,"Boult Audio X30 True Wireless in Ear Earbuds with 40H Playtime, Quad Mic ENC, 45ms Xtreme Low Latency, Made in India, Typ...",Boult,"Boult Audio X30 True Wireless in Ear Earbuds with 40H Playtime, Quad Mic ENC, 45ms Xtreme Low Latency, Made in India, Typ... Boult",/static/images/2118.jpg,1460,4
569,Wesley Milestone 2.0 Casual Waterproof Laptop Backpack/Office Bag/School Bag/College Bag/Business Bag/Travel Backpack (Dim...,Wesley,Wesley Milestone 2.0 Casual Waterproof Laptop Backpack/Office Bag/School Bag/College Bag/Business Bag/Travel Backpack (Dim... Wesley,/static/images/1985.jpg,3234,4
2050,"Pinzo Sticky Note Memo Pad With 8 Index Tabs, Bright Neon Colors",Pinzo,"Pinzo Sticky Note Memo Pad With 8 Index Tabs, Bright Neon Colors Pinzo",/static/images/4800.jpg,4145,3
547,Luxor Finewriter Assorted color (Pack of 10 Pen),Luxor,Luxor Finewriter Assorted color (Pack of 10 Pen) Luxor,/static/images/1917.jpg,1732,1
9,"Samsung Galaxy M33 5G (Emerald Brown, 6GB, 128GB Storage) | 6000mAh Battery | Upto 12GB RAM with RAM Plus | Travel Adapter...",Samsung,"Samsung Galaxy M33 5G (Emerald Brown, 6GB, 128GB Storage) | 6000mAh Battery | Upto 12GB RAM with RAM Plus | Travel Adapter... Samsung",/static/images/1007.jpg,4466,1
2203,Reliance Smart Point - E-Gift Card - Flat 1% Off - Redeemable in Stores,Reliance,Reliance Smart Point - E-Gift Card - Flat 1% Off - Redeemable in Stores Reliance,/static/images/64.jpg,2862,3
2066,"TP-Link Archer C80 AC1900 Dual Band Wireless, Wi-Fi Speed Up to 1300 Mbps/5 GHz + 600 Mbps/2.4 GHz, Full Gigabit, High-Per...",TP-Link,"TP-Link Archer C80 AC1900 Dual Band Wireless, Wi-Fi Speed Up to 1300 Mbps/5 GHz + 600 Mbps/2.4 GHz, Full Gigabit, High-Per... TP-Link",/static/images/4816.jpg,1666,4
2252,"MKY Tripod 3110 Stand with 3-Way Head Tripod 3110 with Mobile Phone Holder Mount Tripod Kit, (Silver, Supports Up to 1100 g)",MKY,"MKY Tripod 3110 Stand with 3-Way Head Tripod 3110 with Mobile Phone Holder Mount Tripod Kit, (Silver, Supports Up to 1100 g) MKY",/static/images/719.jpg,4104,3
1297,Cello ColourUP Celebration Kit Mega Gift Pack | Kids Colouring Set | 1 Gel Pen | 12 Crayons | 15 Oil Pastels Colouring Set...,Cello,Cello ColourUP Celebration Kit Mega Gift Pack | Kids Colouring Set | 1 Gel Pen | 12 Crayons | 15 Oil Pastels Colouring Set... Cello,/static/images/3459.jpg,2332,4
2110,Casio DJ-240D Plus 300 Steps Check and Correct Premium Desktop Calculator with Metallic faceplate & Bigger Screen/Keys (14...,Casio,Casio DJ-240D Plus 300 Steps Check and Correct Premium Desktop Calculator with Metallic faceplate & Bigger Screen/Keys (14... Casio,/static/images/4892.jpg,4418,1
2034,"Kadence Heavy-Duty, Double-X, Adjustable Piano Keyboard Stand with Locking Straps (NK13-3kg Dual Braced)",Kadence,"Kadence Heavy-Duty, Double-X, Adjustable Piano Keyboard Stand with Locking Straps (NK13-3kg Dual Braced) Kadence",/static/images/4760.jpg,1698,1
2184,VRPRIME Universal Travel Adapter International Charger Multiple Plug Socket Converter | 4 USB + 1 Type C Output Smart Char...,VRPRIME,VRPRIME Universal Travel Adapter International Charger Multiple Plug Socket Converter | 4 USB + 1 Type C Output Smart Char... VRPRIME,/static/images/614.jpg,4277,4
1029,"Inefable® Earphone Headphone Case Pouch Cover Carrying Case for Earphones , Headset , Pen Drives , SD Cards , All Mobile A...",Inefable®,"Inefable® Earphone Headphone Case Pouch Cover Carrying Case for Earphones , Headset , Pen Drives , SD Cards , All Mobile A... Inefable®",/static/images/2781.jpg,4557,2
1310,"Smart watch New Launch Smart Watches ID116 Bluetooth Smartwatch Wireless Fitness Band for Boys, Girls, Men, Women & Kids |...",Smart,"Smart watch New Launch Smart Watches ID116 Bluetooth Smartwatch Wireless Fitness Band for Boys, Girls, Men, Women & Kids |... Smart",/static/images/3475.jpg,3407,1
804,"Fire TV Stick 4K Max streaming device, Wi-Fi 6, Alexa Voice Remote (includes TV controls)",Fire,"Fire TV Stick 4K Max streaming device, Wi-Fi 6, Alexa Voice Remote (includes TV controls) Fire",/static/images/2360.jpg,2227,1
370,"Noise Newly Launched Twist Bluetooth Calling Smart Watch with 1.38"" TFT Biggest Display, Up-to 7 Days Battery, 100+ Watch ...",Noise,"Noise Newly Launched Twist Bluetooth Calling Smart Watch with 1.38"" TFT Biggest Display, Up-to 7 Days Battery, 100+ Watch ... Noise",/static/images/1673.jpg,4634,5
1054,"Portronics Modesk 101 Wall Hanging Mobile Holder Wall Mount with Adhesive Strips, Charging Holder Compatible with iPhone, ...",Portronics,"Portronics Modesk 101 Wall Hanging Mobile Holder Wall Mount with Adhesive Strips, Charging Holder Compatible with iPhone, ... Portronics",/static/images/2860.jpg,4366,2
1938,"pTron Bassbuds Tango ENC Bluetooth Truly Wireless in Ear Earbuds with mic, Movie Mode, 40Hrs Total Playtime, BT 5.1, Deep ...",pTron,"pTron Bassbuds Tango ENC Bluetooth Truly Wireless in Ear Earbuds with mic, Movie Mode, 40Hrs Total Playtime, BT 5.1, Deep ... pTron",/static/images/4487.jpg,4754,3
1785,"Pilot V7 Roller Ball Pen Pack of 5 (4 Blue , 1 Black )",Pilot,"Pilot V7 Roller Ball Pen Pack of 5 (4 Blue , 1 Black ) Pilot",/static/images/4196.jpg,3135,2
1084,"Noise ColorFit Pulse Smartwatch with 3.56 cm (1.4"") Full Touch HD Display, SpO2, Heart Rate, Sleep Monitors & 10-Day Batte...",Noise,"Noise ColorFit Pulse Smartwatch with 3.56 cm (1.4"") Full Touch HD Display, SpO2, Heart Rate, Sleep Monitors & 10-Day Batte... Noise",/static/images/2901.jpg,678,4
356,boAt Dual Port Rapid Car Charger (Qualcomm Certified) with Quick Charge 3.0 + Free Micro USB Cable - (Black),boAt,boAt Dual Port Rapid Car Charger (Qualcomm Certified) with Quick Charge 3.0 + Free Micro USB Cable - (Black) boAt,/static/images/1659.jpg,1451,4
856,"STRIFF Foldable Portable Laptop/Tablet Tabletop Stand with 6 Level Height & Angle Adjustment & Air Ventilation, Anti-Slip ...",STRIFF,"STRIFF Foldable Portable Laptop/Tablet Tabletop Stand with 6 Level Height & Angle Adjustment & Air Ventilation, Anti-Slip ... STRIFF",/static/images/2453.jpg,3692,1
1788,"Western Digital WD 1TB Elements Portable Hard Disk Drive, USB 3.0, Compatible with PC, PS4 and Xbox, External HDD (WDBHHG0...",Western,"Western Digital WD 1TB Elements Portable Hard Disk Drive, USB 3.0, Compatible with PC, PS4 and Xbox, External HDD (WDBHHG0... Western",/static/images/4201.jpg,2456,1
1259,"Fire-Boltt India's No 1 Smartwatch Brand Talk 2 Bluetooth Calling Smartwatch with Dual Button, Hands On Voice Assistance, ...",Fire-Boltt,"Fire-Boltt India's No 1 Smartwatch Brand Talk 2 Bluetooth Calling Smartwatch with Dual Button, Hands On Voice Assistance, ... Fire-Boltt",/static/images/3382.jpg,53,3
308,"Noise Pulse Go Buzz Smart Watch with Latest Bluetooth Calling tech, 1.69"" Clear Display, 550Nits,150+ Watch face, Comfort ...",Noise,"Noise Pulse Go Buzz Smart Watch with Latest Bluetooth Calling tech, 1.69"" Clear Display, 550Nits,150+ Watch face, Comfort ... Noise",/static/images/1584.jpg,4100,3
1550,EGOTUDE Shockproof Transparent Hard Back Scratch Resistant Cover Case for iPhone 14 / iPhone 13 (Clear),EGOTUDE,EGOTUDE Shockproof Transparent Hard Back Scratch Resistant Cover Case for iPhone 14 / iPhone 13 (Clear) EGOTUDE,/static/images/3885.jpg,4922,2
1401,"Alboss Wall Mounted Storage Box Remote Storage Organizer Case for TV Mobile Phone Plug Air Conditioner Holder Stand Rack, ...",Alboss,"Alboss Wall Mounted Storage Box Remote Storage Organizer Case for TV Mobile Phone Plug Air Conditioner Holder Stand Rack, ... Alboss",/static/images/3612.jpg,3165,4
1454,Amazon Basics L6LUC022-CS-R USB USB Type C to USB 3.1 Gen1 Female Adapter - White,Amazon,Amazon Basics L6LUC022-CS-R USB USB Type C to USB 3.1 Gen1 Female Adapter - White Amazon,/static/images/3679.jpg,1595,4
1582,"Fire-Boltt Ninja 3 Smartwatch Full Touch 1.69 "" & 60 Sports Modes with IP68, Sp02 Tracking, Over 100 Cloud based watch fac...",Fire-Boltt,"Fire-Boltt Ninja 3 Smartwatch Full Touch 1.69 "" & 60 Sports Modes with IP68, Sp02 Tracking, Over 100 Cloud based watch fac... Fire-Boltt",/static/images/3963.jpg,3954,2
1865,FUR JADEN 15.6 Anti Theft Laptop Backpack with USB Charging Port Unisex Bag for College Office Suitable for Men Women,FUR,FUR JADEN 15.6 Anti Theft Laptop Backpack with USB Charging Port Unisex Bag for College Office Suitable for Men Women FUR,/static/images/4355.jpg,1995,1
2272,"Samsung Original 45W Power Adapter with Type C to C Cable, Compatible with Smarthphone, Black",Samsung,"Samsung Original 45W Power Adapter with Type C to C Cable, Compatible with Smarthphone, Black Samsung",/static/images/805.jpg,2469,4
2189,Tata Sky Universal Remote,Tata,Tata Sky Universal Remote Tata,/static/images/62.jpg,2191,3
803,Portronics Power Plate 5 1500W Power Converter with USB Charger & Mobile Holder 3AC Socket + 3USB Ports I 1.5 m Cord Lengt...,Portronics,Portronics Power Plate 5 1500W Power Converter with USB Charger & Mobile Holder 3AC Socket + 3USB Ports I 1.5 m Cord Lengt... Portronics,/static/images/236.jpg,1534,3
1852,"realme narzo 50i (Mint Green, 2GB RAM+32GB Storage) Octa Core Processor | 6.5"" inch Large Display",realme,"realme narzo 50i (Mint Green, 2GB RAM+32GB Storage) Octa Core Processor | 6.5"" inch Large Display realme",/static/images/4328.jpg,630,4
426,"boAt Wave Style with 1.69"" Square HD Display, HR & SpO2 Monitoring, 7 Days Battery Life, Multiple Watch Faces, Crest App H...",boAt,"boAt Wave Style with 1.69"" Square HD Display, HR & SpO2 Monitoring, 7 Days Battery Life, Multiple Watch Faces, Crest App H... boAt",/static/images/1770.jpg,2630,1
27,"boAt Rockerz 255 Pro+ in-Ear Bluetooth Neckband with Upto 40 Hours Playback, ASAP Charge, IPX7, Dual Pairing, BT v5.0, wi...",boAt,"boAt Rockerz 255 Pro+ in-Ear Bluetooth Neckband with Upto 40 Hours Playback, ASAP Charge, IPX7, Dual Pairing, BT v5.0, wi... boAt",/static/images/1049.jpg,852,3
1506,MYVN Soft Silicone Case Compatible with Samsung Galaxy Buds 2 Case (2021) / Galaxy Buds Pro Case (2021) / Galaxy Buds Live...,MYVN,MYVN Soft Silicone Case Compatible with Samsung Galaxy Buds 2 Case (2021) / Galaxy Buds Pro Case (2021) / Galaxy Buds Live... MYVN,/static/images/379.jpg,3647,1
485,Canon Compatible for Canon GI-790 Ink Bottle (Black),Canon,Canon Compatible for Canon GI-790 Ink Bottle (Black) Canon,/static/images/1828.jpg,2577,1
1282,boAt Bassheads 220 in Ear Wired Earphones(Fiery Orange Indi),boAt,boAt Bassheads 220 in Ear Wired Earphones(Fiery Orange Indi) boAt,/static/images/3438.jpg,2895,3
2183,"pTron Tangent Duo Made in India Bluetooth 5.2 Wireless in-Ear Earphones with Mic, 24Hrs Playback, 13mm Drivers, Punchy Bas...",pTron,"pTron Tangent Duo Made in India Bluetooth 5.2 Wireless in-Ear Earphones with Mic, 24Hrs Playback, 13mm Drivers, Punchy Bas... pTron",/static/images/613.jpg,4138,5
1320,"ZEBRONICS Zeb-Sound Bomb N1 True Wireless in Ear Earbuds with Mic ENC, Gaming Mode (up to 50ms), up to 18H Playback, BT V...",ZEBRONICS,"ZEBRONICS Zeb-Sound Bomb N1 True Wireless in Ear Earbuds with Mic ENC, Gaming Mode (up to 50ms), up to 18H Playback, BT V... ZEBRONICS",/static/images/3487.jpg,2694,2
687,"pTron Bassbuds Sports V2 Bluetooth 5.3 Wireless Over Ear Headphone with Mic, Earhooks, 48Hrs Playtime, Snug-fit Design, EN...",pTron,"pTron Bassbuds Sports V2 Bluetooth 5.3 Wireless Over Ear Headphone with Mic, Earhooks, 48Hrs Playtime, Snug-fit Design, EN... pTron",/static/images/219.jpg,111,1
1390,"3M Scotch Magic Tape Roll (2N) with Refillable Dispenser | 1.9cm x 25.4 Meter | Invisible, writable and Hand tearable | fo...",3M,"3M Scotch Magic Tape Roll (2N) with Refillable Dispenser | 1.9cm x 25.4 Meter | Invisible, writable and Hand tearable | fo... 3M",/static/images/3598.jpg,2044,5
1700,"Lava Yuva 2 Pro (Glass Green, 4GB RAM, 64GB Storage)| 2.3 Ghz Octa Core Helio G37| 13 MP AI Triple Camera |Fingerprint Sen...",Lava,"Lava Yuva 2 Pro (Glass Green, 4GB RAM, 64GB Storage)| 2.3 Ghz Octa Core Helio G37| 13 MP AI Triple Camera |Fingerprint Sen... Lava",/static/images/4076.jpg,721,3
568,"SanDisk Ultra Flair 128GB USB 3.0 Pen Drive, Silver Black",SanDisk,"SanDisk Ultra Flair 128GB USB 3.0 Pen Drive, Silver Black SanDisk",/static/images/1984.jpg,3860,4
1894,Amozo Ultra Hybrid Camera and Drop Protection Back Case Cover for iPhone 11 (Poly Carbonate|Back Transparent-Sides Black),Amozo,Amozo Ultra Hybrid Camera and Drop Protection Back Case Cover for iPhone 11 (Poly Carbonate|Back Transparent-Sides Black) Amozo,/static/images/4403.jpg,3487,1
499,"Nokia 105 Plus Single SIM, Keypad Mobile Phone with Wireless FM Radio, Memory Card Slot and MP3 Player | Charcoal",Nokia,"Nokia 105 Plus Single SIM, Keypad Mobile Phone with Wireless FM Radio, Memory Card Slot and MP3 Player | Charcoal Nokia",/static/images/1845.jpg,3870,5
2246,RSC POWER+ Compatible Dash/Warp Data Sync Fast Charging Cable Supported for all C Type Devices (Red and White),RSC,RSC POWER+ Compatible Dash/Warp Data Sync Fast Charging Cable Supported for all C Type Devices (Red and White) RSC,/static/images/712.jpg,1764,5
1507,"boAt Airdopes 181 in-Ear True Wireless Earbuds with ENx Tech, Beast Mode(Low Latency Upto 60ms) for Gaming, with Mic, AS...",boAt,"boAt Airdopes 181 in-Ear True Wireless Earbuds with ENx Tech, Beast Mode(Low Latency Upto 60ms) for Gaming, with Mic, AS... boAt",/static/images/38.jpg,633,5
850,Electvision Remote Control Compatible with Amazon Fire tv Stick (Pairing Manual Will be Back Side Remote Control)(PP),Electvision,Electvision Remote Control Compatible with Amazon Fire tv Stick (Pairing Manual Will be Back Side Remote Control)(PP) Electvision,/static/images/243.jpg,1974,2
1620,"Beetel B11 Corded Landline Phone, Ringer Volume Control, LED for Ring Indication, Wall/Desk Mountable, Classic Design,Clea...",Beetel,"Beetel B11 Corded Landline Phone, Ringer Volume Control, LED for Ring Indication, Wall/Desk Mountable, Classic Design,Clea... Beetel",/static/images/3998.jpg,1432,2
655,"boAt Xtend Talk with Advanced Dedicated Bluetooth Calling Chip, Built-in Alexa, 1.69"" HD Display, Premium Design, 60+ Spor...",boAt,"boAt Xtend Talk with Advanced Dedicated Bluetooth Calling Chip, Built-in Alexa, 1.69"" HD Display, Premium Design, 60+ Spor... boAt",/static/images/2123.jpg,4196,2
813,"POSH Male to Male VGA Cable 1.5 Meter, Support PC/Monitor/LCD/LED, Plasma, Projector, TFT. VGA to VGA Converter Adapter Cable",POSH,"POSH Male to Male VGA Cable 1.5 Meter, Support PC/Monitor/LCD/LED, Plasma, Projector, TFT. VGA to VGA Converter Adapter Cable POSH",/static/images/2369.jpg,3867,2
1618,"Belkin Apple Certified Lightning to USB Charge and Sync Cable for iPhone, iPad, Air Pods, 3.3 feet (1 meters) – White",Belkin,"Belkin Apple Certified Lightning to USB Charge and Sync Cable for iPhone, iPad, Air Pods, 3.3 feet (1 meters) – White Belkin",/static/images/3996.jpg,2115,1
2164,Camlin Champ Flast Brush Set - Pack of 7 (Multicolor),Camlin,Camlin Champ Flast Brush Set - Pack of 7 (Multicolor) Camlin,/static/images/548.jpg,2420,2
2127,"Sounce HDMI Cable 4K High-Speed HDMI Cord 18Gbps with Ethernet Support 4K 60Hz Compatible with UHD TV, Monitor, Computer, ...",Sounce,"Sounce HDMI Cable 4K High-Speed HDMI Cord 18Gbps with Ethernet Support 4K 60Hz Compatible with UHD TV, Monitor, Computer, ... Sounce",/static/images/4983.jpg,3367,5
1379,"Lenovo Legion M200 RGB Gaming Wired USB Mouse, Ambidextrous, 5-Buttons, Upto 2400 DPI with 4 Levels DPI Switch, 7-Colour R...",Lenovo,"Lenovo Legion M200 RGB Gaming Wired USB Mouse, Ambidextrous, 5-Buttons, Upto 2400 DPI with 4 Levels DPI Switch, 7-Colour R... Lenovo",/static/images/3586.jpg,3133,3
563,HP 682 Black Original Ink Cartridge,HP,HP 682 Black Original Ink Cartridge HP,/static/images/198.jpg,4815,2
1296,"AmazonBasics Wireless Mouse, 2.4 GHz with USB Nano Receiver, Optical Tracking, for PC/Mac/Laptop/Tablet (Black)",AmazonBasics,"AmazonBasics Wireless Mouse, 2.4 GHz with USB Nano Receiver, Optical Tracking, for PC/Mac/Laptop/Tablet (Black) AmazonBasics",/static/images/3458.jpg,528,3
1602,Consistent SSD 256GB (CTSSD256S6),Consistent,Consistent SSD 256GB (CTSSD256S6) Consistent,/static/images/3981.jpg,186,5
1993,"Samsung Galaxy F23 5G (Forest Green, 6GB, 128GB Storage) | Travel Adapter to be Purchased Separately",Samsung,"Samsung Galaxy F23 5G (Forest Green, 6GB, 128GB Storage) | Travel Adapter to be Purchased Separately Samsung",/static/images/4685.jpg,1584,2
1942,"iQOO Neo 6 5G (Dark Nova, 12GB RAM, 256GB Storage) | Only Snapdragon 870 in The Segment | 50% Charge in Just 12 Mins | 90 ...",iQOO,"iQOO Neo 6 5G (Dark Nova, 12GB RAM, 256GB Storage) | Only Snapdragon 870 in The Segment | 50% Charge in Just 12 Mins | 90 ... iQOO",/static/images/4513.jpg,2859,2
548,MAONO AU-400 Lavalier Auxiliary Omnidirectional Microphone (Black),MAONO,MAONO AU-400 Lavalier Auxiliary Omnidirectional Microphone (Black) MAONO,/static/images/1918.jpg,4218,3
68,"Samsung Galaxy M04 Dark Blue, 4GB RAM, 64GB Storage | Upto 8GB RAM with RAM Plus | MediaTek Helio P35 | 5000 mAh Battery",Samsung,"Samsung Galaxy M04 Dark Blue, 4GB RAM, 64GB Storage | Upto 8GB RAM with RAM Plus | MediaTek Helio P35 | 5000 mAh Battery Samsung",/static/images/1093.jpg,3803,2
1442,KLAM LCD Writing Tablet Screenwriting Toys Board Smart Digital E-Note Pad 8.5 Inch Light Weight Magic Slate for Drawing Pl...,KLAM,KLAM LCD Writing Tablet Screenwriting Toys Board Smart Digital E-Note Pad 8.5 Inch Light Weight Magic Slate for Drawing Pl... KLAM,/static/images/3665.jpg,3915,4
1190,"Lenovo 130 Wireless Compact Mouse, 1K DPI Optical sensor, 2.4GHz Wireless NanoUSB, 10m range, 3button(left,right,scroll) u...",Lenovo,"Lenovo 130 Wireless Compact Mouse, 1K DPI Optical sensor, 2.4GHz Wireless NanoUSB, 10m range, 3button(left,right,scroll) u... Lenovo",/static/images/3177.jpg,327,5
1863,"Wecool Unbreakable 3 in 1 Charging Cable with 3A Speed, Fast Charging Multi Purpose Cable 1.25 Mtr Long, Type C cable, Mic...",Wecool,"Wecool Unbreakable 3 in 1 Charging Cable with 3A Speed, Fast Charging Multi Purpose Cable 1.25 Mtr Long, Type C cable, Mic... Wecool",/static/images/4350.jpg,4133,2
1980,Cello Aspro Mavro Ball Pen | Black Ball Pen | Pack of 50 | Lightweight and Stylish Ball Pens | Ball Pen Set | Ideal for St...,Cello,Cello Aspro Mavro Ball Pen | Black Ball Pen | Pack of 50 | Lightweight and Stylish Ball Pens | Ball Pen Set | Ideal for St... Cello,/static/images/4643.jpg,1703,4
1351,"pTron Studio Pixel Over-Ear Wireless Gaming Headphones with 30ms Low Latency, 40Hrs Playtime, 40mm Drivers, Punchy Bass, B...",pTron,"pTron Studio Pixel Over-Ear Wireless Gaming Headphones with 30ms Low Latency, 40Hrs Playtime, 40mm Drivers, Punchy Bass, B... pTron",/static/images/3525.jpg,657,1
278,Acer 80 cm (32 inches) I Series HD Ready Android Smart LED TV AR32AR2841HDFL (Black),Acer,Acer 80 cm (32 inches) I Series HD Ready Android Smart LED TV AR32AR2841HDFL (Black) Acer,/static/images/1503.jpg,3211,5
885,"Nokia 8210 4G Volte keypad Phone with Dual SIM, Big Display, inbuilt MP3 Player & Wireless FM Radio | Blue",Nokia,"Nokia 8210 4G Volte keypad Phone with Dual SIM, Big Display, inbuilt MP3 Player & Wireless FM Radio | Blue Nokia",/static/images/2488.jpg,3386,5
1394,VMT Stock Xundd Back Cover Case Compatible with OnePlus 11R 5G (Armor | Clear PC and TPU),VMT,VMT Stock Xundd Back Cover Case Compatible with OnePlus 11R 5G (Armor | Clear PC and TPU) VMT,/static/images/3602.jpg,1575,5
554,"TAGG Verve Sense Smartwatch with 1.70'' Large Display, Real SPO2, and Real-Time Heart Rate Tracking, 7 Days Battery Backu...",TAGG,"TAGG Verve Sense Smartwatch with 1.70'' Large Display, Real SPO2, and Real-Time Heart Rate Tracking, 7 Days Battery Backu... TAGG",/static/images/1969.jpg,2558,5
2265,"Hussell Car Charger Adapter - 30W, Qualcomm 3.0 Portable USB Quick Charge Technology & Dual Ports - Compatible with All Sm...",Hussell,"Hussell Car Charger Adapter - 30W, Qualcomm 3.0 Portable USB Quick Charge Technology & Dual Ports - Compatible with All Sm... Hussell",/static/images/8.jpg,4688,5
1843,"Redragon K617 Fizz 60% Wired RGB Gaming Keyboard, 61 Keys Compact Mechanical Keyboard w/White and Grey Color Keycaps, Line...",Redragon,"Redragon K617 Fizz 60% Wired RGB Gaming Keyboard, 61 Keys Compact Mechanical Keyboard w/White and Grey Color Keycaps, Line... Redragon",/static/images/4307.jpg,2441,5
2360,Spigen Liquid Air Back Cover Case for Samsung Galaxy S23 Ultra (TPU | Matte Black),Spigen,Spigen Liquid Air Back Cover Case for Samsung Galaxy S23 Ultra (TPU | Matte Black) Spigen,/static/images/951.jpg,4546,1
2276,"Panasonic Evolta AA Alkaline 1.5V Battery, 20 Times Longer Lasting Than Standard zinc Carbon Batteries,Anti-Leak Seal,Prot...",Panasonic,"Panasonic Evolta AA Alkaline 1.5V Battery, 20 Times Longer Lasting Than Standard zinc Carbon Batteries,Anti-Leak Seal,Prot... Panasonic",/static/images/810.jpg,3236,5
1323,"iQOO 9 SE 5G (Space Fusion, 8GB RAM, 128GB Storage) | Qualcomm Snapdragon 888 | 66W Flash Charge",iQOO,"iQOO 9 SE 5G (Space Fusion, 8GB RAM, 128GB Storage) | Qualcomm Snapdragon 888 | 66W Flash Charge iQOO",/static/images/3490.jpg,1043,2
2049,"realme narzo 50A (Oxygen Blue , 4GB RAM + 64 GB Storage) Helio G85 Processor | 6000 mAh Battery",realme,"realme narzo 50A (Oxygen Blue , 4GB RAM + 64 GB Storage) Helio G85 Processor | 6000 mAh Battery realme",/static/images/480.jpg,3445,2
1044,Firebolt 360 SpO2 Smart Watch Charger 2 Pin USB Fast Charger Magnetic Charging Cable Adapter (Smart Watch Charger 2 pin),Firebolt,Firebolt 360 SpO2 Smart Watch Charger 2 Pin USB Fast Charger Magnetic Charging Cable Adapter (Smart Watch Charger 2 pin) Firebolt,/static/images/2827.jpg,317,5
1375,Amozo Designed for iPhone 14 Pro Max Cover | Ultra Hybrid Drop and Camera Protection Back Cover Case for iPhone 14 PRO MAX...,Amozo,Amozo Designed for iPhone 14 Pro Max Cover | Ultra Hybrid Drop and Camera Protection Back Cover Case for iPhone 14 PRO MAX... Amozo,/static/images/3581.jpg,409,3
654,TP-Link Tapo 360° 2MP 1080p Full HD Pan/Tilt Home Security Wi-Fi Smart Camera| Alexa Enabled| 2-Way Audio| Night Vision| M...,TP-Link,TP-Link Tapo 360° 2MP 1080p Full HD Pan/Tilt Home Security Wi-Fi Smart Camera| Alexa Enabled| 2-Way Audio| Night Vision| M... TP-Link,/static/images/2122.jpg,3498,4
1817,HP USB 3.1 Flash Drive 128GB 796L,HP,HP USB 3.1 Flash Drive 128GB 796L HP,/static/images/4244.jpg,4921,1
1982,POPIO Tempered Glass Screen Protector Compatible for OnePlus Nord with Edge to Edge Coverage and Easy Installation Kit,POPIO,POPIO Tempered Glass Screen Protector Compatible for OnePlus Nord with Edge to Edge Coverage and Easy Installation Kit POPIO,/static/images/4647.jpg,4314,5
384,"Boult Audio FXCharge Wireless in Ear Bluetooth Neckband with ENC Mic, 32H Playtime, Type-C Fast Charging (5Mins=7.5Hrs Pla...",Boult,"Boult Audio FXCharge Wireless in Ear Bluetooth Neckband with ENC Mic, 32H Playtime, Type-C Fast Charging (5Mins=7.5Hrs Pla... Boult",/static/images/1688.jpg,466,2
791,"CROSSVOLT Tough Rugged Cover for Airpods Pro GEN-2 (2022) Black, Polycarbonate",CROSSVOLT,"CROSSVOLT Tough Rugged Cover for Airpods Pro GEN-2 (2022) Black, Polycarbonate CROSSVOLT",/static/images/2327.jpg,1467,2
1133,"Imou 360° 1080P Full HD Security Camera, Human Detection, Motion Tracking, 2-Way Audio, Night Vision, Dome Camera with WiF...",Imou,"Imou 360° 1080P Full HD Security Camera, Human Detection, Motion Tracking, 2-Way Audio, Night Vision, Dome Camera with WiF... Imou",/static/images/3023.jpg,2014,5
617,"Samsung Galaxy M53 5G (Deep Ocean Blue, 8GB, 128GB Storage) | 108MP | sAmoled+ 120Hz | 16GB RAM with RAM Plus | Travel Ada...",Samsung,"Samsung Galaxy M53 5G (Deep Ocean Blue, 8GB, 128GB Storage) | 108MP | sAmoled+ 120Hz | 16GB RAM with RAM Plus | Travel Ada... Samsung",/static/images/2062.jpg,579,5
1148,"realme C35 (Glowing Green, 4GB RAM, 64GB Storage)",realme,"realme C35 (Glowing Green, 4GB RAM, 64GB Storage) realme",/static/images/3046.jpg,47,3
1538,"Noise Pulse Buzz 1.69"" Bluetooth Calling Smart Watch with Call Function, 150 Watch Faces, 60 Sports Modes, Spo2 & Heart Ra...",Noise,"Noise Pulse Buzz 1.69"" Bluetooth Calling Smart Watch with Call Function, 150 Watch Faces, 60 Sports Modes, Spo2 & Heart Ra... Noise",/static/images/3872.jpg,3988,4
1011,"gaiatop Small Table Fan, 6.5 Inch Ultra-quiet, 90° Adjustment for Better Cooling, 3 Speeds Portable Mini Powerful Desktop ...",gaiatop,"gaiatop Small Table Fan, 6.5 Inch Ultra-quiet, 90° Adjustment for Better Cooling, 3 Speeds Portable Mini Powerful Desktop ... gaiatop",/static/images/2727.jpg,2738,2
1655,Half Moon Large 37L Laptop Bag Backpack for menं Women Boys and Girls Luggage Travel Bags with 17.3 inches Laptop Compartm...,Half,Half Moon Large 37L Laptop Bag Backpack for menं Women Boys and Girls Luggage Travel Bags with 17.3 inches Laptop Compartm... Half,/static/images/4029.jpg,1708,5
292,SanDisk Ultra Dual 64 GB USB 3.0 OTG Pen Drive (Black),SanDisk,SanDisk Ultra Dual 64 GB USB 3.0 OTG Pen Drive (Black) SanDisk,/static/images/1542.jpg,853,2
2329,"Noise Newly Launched Buds X Truly Wireless in-Ear Earbuds with ANC(Upto 25dB), 35H Playtime, Quad Mic with ENC, Instacharg...",Noise,"Noise Newly Launched Buds X Truly Wireless in-Ear Earbuds with ANC(Upto 25dB), 35H Playtime, Quad Mic with ENC, Instacharg... Noise",/static/images/875.jpg,1340,3
1009,"Seagate One Touch 2TB External HDD with Password Protection – Light Blue, for Windows and Mac, with 3 yr Data Recovery Ser...",Seagate,"Seagate One Touch 2TB External HDD with Password Protection – Light Blue, for Windows and Mac, with 3 yr Data Recovery Ser... Seagate",/static/images/2725.jpg,577,4
69,"JBL C100SI Wired In Ear Headphones with Mic, JBL Pure Bass Sound, One Button Multi-function Remote, Angled Buds for Comfor...",JBL,"JBL C100SI Wired In Ear Headphones with Mic, JBL Pure Bass Sound, One Button Multi-function Remote, Angled Buds for Comfor... JBL",/static/images/1094.jpg,3362,4
120,MI Xiaomi Wireless Home Security Camera 2i 2022 Edition | Full HD Picture | 360 View | 2MP | AI Powered Motion Detection |...,MI,MI Xiaomi Wireless Home Security Camera 2i 2022 Edition | Full HD Picture | 360 View | 2MP | AI Powered Motion Detection |... MI,/static/images/115.jpg,1370,1
1949,"Logitech MK345 Wireless Keyboard and Mouse Set Full-Sized Keyboard with Palm Rest and Comfortable Right-Handed Mouse, 2.4 ...",Logitech,"Logitech MK345 Wireless Keyboard and Mouse Set Full-Sized Keyboard with Palm Rest and Comfortable Right-Handed Mouse, 2.4 ... Logitech",/static/images/4521.jpg,335,3
60,"Oppo A78 5G (Glowing Blue, 8GB RAM, 128 Storage) | 5000 mAh Battery with 33W SUPERVOOC Charger| 50MP AI Camera | 90Hz Refr...",Oppo,"Oppo A78 5G (Glowing Blue, 8GB RAM, 128 Storage) | 5000 mAh Battery with 33W SUPERVOOC Charger| 50MP AI Camera | 90Hz Refr... Oppo",/static/images/1082.jpg,4678,4
518,"Redgear A-15 Wired Gaming Mouse with Upto 6400 DPI, RGB & Driver Customization for PC(Black)",Redgear,"Redgear A-15 Wired Gaming Mouse with Upto 6400 DPI, RGB & Driver Customization for PC(Black) Redgear",/static/images/1888.jpg,2013,2
1107,"ZEBRONICS Zeb-U725 600VA UPS for Desktop/PC/Computers (not for Routers) with Automatic Voltage Regulation, Black",ZEBRONICS,"ZEBRONICS Zeb-U725 600VA UPS for Desktop/PC/Computers (not for Routers) with Automatic Voltage Regulation, Black ZEBRONICS",/static/images/2977.jpg,4135,1
1598,"Gizga Essentials Cable Organiser, Cord Management System for PC, TV, Home Theater, Speaker & Cables, Reusable Cable Organi...",Gizga,"Gizga Essentials Cable Organiser, Cord Management System for PC, TV, Home Theater, Speaker & Cables, Reusable Cable Organi... Gizga",/static/images/3978.jpg,3816,3
184,"Noise ColorFit Pulse Smartwatch with 1.4"" Full Touch HD Display, SpO2, Heart Rate, Sleep Monitors & 10-Day Battery - Royal...",Noise,"Noise ColorFit Pulse Smartwatch with 1.4"" Full Touch HD Display, SpO2, Heart Rate, Sleep Monitors & 10-Day Battery - Royal... Noise",/static/images/1309.jpg,3132,2
1374,"Infinity (JBL Fuze 100, Wireless Portable Bluetooth Speaker with Mic, Deep Bass, Dual Equalizer, IPX7 Waterproof, Rugged F...",Infinity,"Infinity (JBL Fuze 100, Wireless Portable Bluetooth Speaker with Mic, Deep Bass, Dual Equalizer, IPX7 Waterproof, Rugged F... Infinity",/static/images/3580.jpg,4353,1
230,"Gizga Essentials Professional 3-in-1 Cleaning Kit for Camera, Lens, Binocular, Laptop, TV, Monitor, Smartphone, Tablet (In...",Gizga,"Gizga Essentials Professional 3-in-1 Cleaning Kit for Camera, Lens, Binocular, Laptop, TV, Monitor, Smartphone, Tablet (In... Gizga",/static/images/1429.jpg,1791,2
258,Tizum Mouse Pad - Computer Mouse Mat with Anti-Slip Rubber Base & Smooth Mouse Control with Spill-Resistant Surface for La...,Tizum,Tizum Mouse Pad - Computer Mouse Mat with Anti-Slip Rubber Base & Smooth Mouse Control with Spill-Resistant Surface for La... Tizum,/static/images/1484.jpg,130,2
216,"TP-Link AC750 Wifi Range Extender | Up to 750Mbps | Dual Band WiFi Extender, Repeater, Wifi Signal Booster, Access Point| ...",TP-Link,"TP-Link AC750 Wifi Range Extender | Up to 750Mbps | Dual Band WiFi Extender, Repeater, Wifi Signal Booster, Access Point| ... TP-Link",/static/images/14.jpg,1520,5
391,boAt Bassheads 102 in Ear Wired Earphones with Mic(Jazzy Blue),boAt,boAt Bassheads 102 in Ear Wired Earphones with Mic(Jazzy Blue) boAt,/static/images/1694.jpg,2949,5
453,"Ant Esports MP290 Gaming Mouse Pad-L- Large with Stitched Edges, Waterproof Non-Slip Base for Gaming & Office – Black",Ant,"Ant Esports MP290 Gaming Mouse Pad-L- Large with Stitched Edges, Waterproof Non-Slip Base for Gaming & Office – Black Ant",/static/images/1796.jpg,4078,4
989,TP-Link AC600 600 Mbps WiFi Wireless Network USB Adapter for Desktop PC with 2.4GHz/5GHz High Gain Dual Band 5dBi Antenna ...,TP-Link,TP-Link AC600 600 Mbps WiFi Wireless Network USB Adapter for Desktop PC with 2.4GHz/5GHz High Gain Dual Band 5dBi Antenna ... TP-Link,/static/images/2699.jpg,432,2
1986,Redgear MP44 Speed-Type Gaming Mousepad (Black and Red),Redgear,Redgear MP44 Speed-Type Gaming Mousepad (Black and Red) Redgear,/static/images/4652.jpg,1983,3
1318,Sony MDR-XB55AP Premium in-Ear Extra Bass Wired Headphones with Mic (Black),Sony,Sony MDR-XB55AP Premium in-Ear Extra Bass Wired Headphones with Mic (Black) Sony,/static/images/3485.jpg,311,3
266,"Samsung Galaxy M13 (Aqua Green, 4GB, 64GB Storage) | 6000mAh Battery | Upto 8GB RAM with RAM Plus",Samsung,"Samsung Galaxy M13 (Aqua Green, 4GB, 64GB Storage) | 6000mAh Battery | Upto 8GB RAM with RAM Plus Samsung",/static/images/1492.jpg,4968,1
1870,"Reynolds JETTER CLASSIC, 4 CT, BLUE| Smooth Ball Pens | Long-lasting ball pens | Professional Ball pens with superior writ...",Reynolds,"Reynolds JETTER CLASSIC, 4 CT, BLUE| Smooth Ball Pens | Long-lasting ball pens | Professional Ball pens with superior writ... Reynolds",/static/images/4360.jpg,185,3
185,"Boult Audio Maverick Truly Wireless in Ear Earbuds with 35H Playtime, Quad Mic ENC, 45ms Xtreme Low Latency, Gaming LEDs, ...",Boult,"Boult Audio Maverick Truly Wireless in Ear Earbuds with 35H Playtime, Quad Mic ENC, 45ms Xtreme Low Latency, Gaming LEDs, ... Boult",/static/images/1310.jpg,4083,2
638,"Oppo F21s Pro 5G (Dawnlight Gold, 8GB RAM, 128 Storage) with No Cost EMI/Additional Exchange Offers",Oppo,"Oppo F21s Pro 5G (Dawnlight Gold, 8GB RAM, 128 Storage) with No Cost EMI/Additional Exchange Offers Oppo",/static/images/2108.jpg,2747,2
733,"American Tourister VALEX BLUE LAPTOP BACKPACK 28 Ltrs,Volume, LAPTOP COMPARTMENT, BOTTLE POCKET, FRONT ORGANIZER",American,"American Tourister VALEX BLUE LAPTOP BACKPACK 28 Ltrs,Volume, LAPTOP COMPARTMENT, BOTTLE POCKET, FRONT ORGANIZER American",/static/images/2272.jpg,4021,5
762,VW 80 cm (32 inches) Frameless Series HD Ready LED TV VW32A (Black),VW,VW 80 cm (32 inches) Frameless Series HD Ready LED TV VW32A (Black) VW,/static/images/230.jpg,4199,5
788,"Samsung Galaxy M13 (Stardust Brown, 6GB, 128GB Storage) | 6000mAh Battery | Upto 12GB RAM with RAM Plus",Samsung,"Samsung Galaxy M13 (Stardust Brown, 6GB, 128GB Storage) | 6000mAh Battery | Upto 12GB RAM with RAM Plus Samsung",/static/images/2324.jpg,3537,3
1884,"SanDisk Ultra Dual Drive Luxe USB 3.0, USB 2.0 Type-C 256GB, Metal Pendrive for Mobile, Silver",SanDisk,"SanDisk Ultra Dual Drive Luxe USB 3.0, USB 2.0 Type-C 256GB, Metal Pendrive for Mobile, Silver SanDisk",/static/images/439.jpg,2606,1
866,"Panasonic eneloop CC61N Portable with USB Input Charger for AA & AAA Rechargeable Batteries, Input AC100‐240V 50‐60HzWhit...",Panasonic,"Panasonic eneloop CC61N Portable with USB Input Charger for AA & AAA Rechargeable Batteries, Input AC100‐240V 50‐60HzWhit... Panasonic",/static/images/2463.jpg,4626,3
505,"Sounce Case Silicone Cover, Compatible with Keychain for Oneplus Nord Buds Full Protection Shockproof Case Cover Anti Fall...",Sounce,"Sounce Case Silicone Cover, Compatible with Keychain for Oneplus Nord Buds Full Protection Shockproof Case Cover Anti Fall... Sounce",/static/images/1873.jpg,4301,4
1389,"CARECASE® Optical Bay 2nd Hard Drive Caddy, 9.5 mm CD/DVD Drive Slot for SSD and HDD",CARECASE®,"CARECASE® Optical Bay 2nd Hard Drive Caddy, 9.5 mm CD/DVD Drive Slot for SSD and HDD CARECASE®",/static/images/3597.jpg,1081,5
1321,Philips Audio SHE1505 Wired in Ear Earphones with Mic (Black),Philips,Philips Audio SHE1505 Wired in Ear Earphones with Mic (Black) Philips,/static/images/3488.jpg,1213,2
1977,OpenTech® Tempered Glass Screen Protector Compatible for Oneplus Nord CE 2 Lite 5G (2022) with Edge to Edge Coverage and E...,OpenTech®,OpenTech® Tempered Glass Screen Protector Compatible for Oneplus Nord CE 2 Lite 5G (2022) with Edge to Edge Coverage and E... OpenTech®,/static/images/4637.jpg,4204,5
1311,iFFALCON 80 cm (32 inches) HD Ready Smart LED TV 32F53 (Black),iFFALCON,iFFALCON 80 cm (32 inches) HD Ready Smart LED TV 32F53 (Black) iFFALCON,/static/images/3477.jpg,4997,2
1633,"ZEBRONICS Zeb-Jaguar Wireless Mouse, 2.4GHz with USB Nano Receiver, High Precision Optical Tracking, 4 Buttons, Plug & Pla...",ZEBRONICS,"ZEBRONICS Zeb-Jaguar Wireless Mouse, 2.4GHz with USB Nano Receiver, High Precision Optical Tracking, 4 Buttons, Plug & Pla... ZEBRONICS",/static/images/4008.jpg,3327,2
534,Doubledicestore Tempered Glass Screen Protector Compatible for iPhone XR / 11 with Edge to Edge Coverage and Easy Installa...,Doubledicestore,Doubledicestore Tempered Glass Screen Protector Compatible for iPhone XR / 11 with Edge to Edge Coverage and Easy Installa... Doubledicestore,/static/images/1905.jpg,819,4
432,MemeHo® Smart Standard Multi-Purpose Laptop Table with Dock Stand/Study Table/Bed Table/Foldable and Portable/Ergonomic & ...,MemeHo®,MemeHo® Smart Standard Multi-Purpose Laptop Table with Dock Stand/Study Table/Bed Table/Foldable and Portable/Ergonomic & ... MemeHo®,/static/images/1776.jpg,3291,3
447,"MI Type B/Micro USB 120cm fast Charging cable|480mbps support|Suitable for all Smartphones,tablet and accessories with typ...",MI,"MI Type B/Micro USB 120cm fast Charging cable|480mbps support|Suitable for all Smartphones,tablet and accessories with typ... MI",/static/images/1790.jpg,4379,1
910,"Zinq UPS for Router Mini UPS for 12V WiFi Router, Fiber Routers and Broadband Modem with Upto 4 Hours Power Backup, Upto 2...",Zinq,"Zinq UPS for Router Mini UPS for 12V WiFi Router, Fiber Routers and Broadband Modem with Upto 4 Hours Power Backup, Upto 2... Zinq",/static/images/2520.jpg,2237,3
1940,AmazonBasics 3 Feet High Speed HDMI Male to Female 2.0 Extension Cable,AmazonBasics,AmazonBasics 3 Feet High Speed HDMI Male to Female 2.0 Extension Cable AmazonBasics,/static/images/450.jpg,4287,3
2298,eSYSTEMS Multi Plug Point 3+3 Universal Socket Adaptor with Led Indicator & Individual Switches & Fuse Protection (Cordles...,eSYSTEMS,eSYSTEMS Multi Plug Point 3+3 Universal Socket Adaptor with Led Indicator & Individual Switches & Fuse Protection (Cordles... eSYSTEMS,/static/images/838.jpg,4034,5
1308,"Portronics Adapto 45 20W Mobile Charger Adapter with Dual Port (USB A + PD Type C), Fast Charging, Short Circuit Protectio...",Portronics,"Portronics Adapto 45 20W Mobile Charger Adapter with Dual Port (USB A + PD Type C), Fast Charging, Short Circuit Protectio... Portronics",/static/images/3473.jpg,3165,1
752,"HUMBLE Dynamic Lapel Collar Mic Voice Recording Filter Microphone for Singing Youtube SmartPhones, Black",HUMBLE,"HUMBLE Dynamic Lapel Collar Mic Voice Recording Filter Microphone for Singing Youtube SmartPhones, Black HUMBLE",/static/images/2291.jpg,3270,4
1019,ZEBRONICS Zeb-Bang Wireless Bluetooth Over The Ear Headphone with Mic and and Playback time 16 hrs (Blue),ZEBRONICS,ZEBRONICS Zeb-Bang Wireless Bluetooth Over The Ear Headphone with Mic and and Playback time 16 hrs (Blue) ZEBRONICS,/static/images/2764.jpg,2774,1
378,"pTron Solero M241 2.4A Micro USB Data & Charging Cable, Made in India, 480Mbps Data Sync, Durable 1-Meter Long USB Cable f...",pTron,"pTron Solero M241 2.4A Micro USB Data & Charging Cable, Made in India, 480Mbps Data Sync, Durable 1-Meter Long USB Cable f... pTron",/static/images/1682.jpg,2633,1
801,"AmazonBasics 20W Phone Charger | Type C Adapter, Fast Charging for Cellular Phones (White)",AmazonBasics,"AmazonBasics 20W Phone Charger | Type C Adapter, Fast Charging for Cellular Phones (White) AmazonBasics",/static/images/2358.jpg,4497,2
1516,"Gizga Essentials Laptop Bag Sleeve Case Cover Pouch with Handle for 14.1 Inch Laptop for Men & Women, Padded Laptop Compar...",Gizga,"Gizga Essentials Laptop Bag Sleeve Case Cover Pouch with Handle for 14.1 Inch Laptop for Men & Women, Padded Laptop Compar... Gizga",/static/images/3826.jpg,418,3
1994,"DIGITEK (DTR-320 FT) Flexible Gorillapod Tripod for All Cameras and Mobile Phones with 360° Ball Head and Phone Holder, Ma...",DIGITEK,"DIGITEK (DTR-320 FT) Flexible Gorillapod Tripod for All Cameras and Mobile Phones with 360° Ball Head and Phone Holder, Ma... DIGITEK",/static/images/4686.jpg,508,1
2320,"FEDUS 5 Meter 16.4 Feet Long Switch Board Extension, Pack 1 Extension Boards with Switch,Extension Board with Long Wire, E...",FEDUS,"FEDUS 5 Meter 16.4 Feet Long Switch Board Extension, Pack 1 Extension Boards with Switch,Extension Board with Long Wire, E... FEDUS",/static/images/862.jpg,4333,4
642,"TP-Link Archer C50 AC1200 Dual Band Wireless Cable Router, Wi-Fi Speed Up to 867 Mbps/5 GHz + 300 Mbps/2.4 GHz, Supports P...",TP-Link,"TP-Link Archer C50 AC1200 Dual Band Wireless Cable Router, Wi-Fi Speed Up to 867 Mbps/5 GHz + 300 Mbps/2.4 GHz, Supports P... TP-Link",/static/images/2111.jpg,2827,4
1300,Action Pro™ Helmet Chin Mount Strap Set Compatible with All Smartphones GoPro Hero 11 10 9 8 7 6 5 4 SJCAM DJI Osmo and Al...,Action,Action Pro™ Helmet Chin Mount Strap Set Compatible with All Smartphones GoPro Hero 11 10 9 8 7 6 5 4 SJCAM DJI Osmo and Al... Action,/static/images/3462.jpg,2128,1
2188,"Zebronics Zeb-Transformer USB Gaming Keyboard and Mouse Set (USB, Braided Cable) White with Silver",Zebronics,"Zebronics Zeb-Transformer USB Gaming Keyboard and Mouse Set (USB, Braided Cable) White with Silver Zebronics",/static/images/619.jpg,4470,1
2237,"DigiTek (DTR-210SS) Portable Selfie Stick with Wireless Remote and 3 Legs Tripod Base, Compatible for iPhone/OnePlus/Samsu...",DigiTek,"DigiTek (DTR-210SS) Portable Selfie Stick with Wireless Remote and 3 Legs Tripod Base, Compatible for iPhone/OnePlus/Samsu... DigiTek",/static/images/700.jpg,407,5
1170,"boAt A 350 Type C Cable for Smartphone, Charging Adapter (1.5m, Carbon Black)",boAt,"boAt A 350 Type C Cable for Smartphone, Charging Adapter (1.5m, Carbon Black) boAt",/static/images/3148.jpg,4175,3
1450,"WeCool 5 in 1 Multi Function Earbud Cleaning Pen for Airpods Pro, Camera Lense, Smartwatch, Cleaning Tool kit, Electronics...",WeCool,"WeCool 5 in 1 Multi Function Earbud Cleaning Pen for Airpods Pro, Camera Lense, Smartwatch, Cleaning Tool kit, Electronics... WeCool",/static/images/3674.jpg,301,4
1543,"SanDisk Ultra microSD UHS-I Card 64GB, 120MB/s R",SanDisk,"SanDisk Ultra microSD UHS-I Card 64GB, 120MB/s R SanDisk",/static/images/3877.jpg,4748,1
1534,"DURACELL 36 Watts Fast Wall Charger Adapter, Type C Power Delivery & QC 3.0 USB Charger Fast Charging Compatible with iPho...",DURACELL,"DURACELL 36 Watts Fast Wall Charger Adapter, Type C Power Delivery & QC 3.0 USB Charger Fast Charging Compatible with iPho... DURACELL",/static/images/3866.jpg,4481,3
2108,"ZEBRONICS ZEB-BT6590RUCF Wireless Bluetooth Multimedia Speaker with Supporting SD Card, USB, AUX, FM & Remote Control. (65...",ZEBRONICS,"ZEBRONICS ZEB-BT6590RUCF Wireless Bluetooth Multimedia Speaker with Supporting SD Card, USB, AUX, FM & Remote Control. (65... ZEBRONICS",/static/images/489.jpg,1515,1
1811,CROSSVOLT Tough Rugged Cover Case Compatible with Airpods 1/2 - Black,CROSSVOLT,CROSSVOLT Tough Rugged Cover Case Compatible with Airpods 1/2 - Black CROSSVOLT,/static/images/4231.jpg,4680,3
1064,"Amazon Basics Laptop Stand, Height-Adjustable, Foldable, Portable, Ventilated, Fits Up to 15.6-Inch Laptops (Aluminium All...",Amazon,"Amazon Basics Laptop Stand, Height-Adjustable, Foldable, Portable, Ventilated, Fits Up to 15.6-Inch Laptops (Aluminium All... Amazon",/static/images/2873.jpg,1063,2
940,"SWAPKART 5-in-1 Cleaning Soft Brush Keyboard Cleaner, Multi-Function Computer Tools Kit Corner Gap Duster Key-Cap Puller f...",SWAPKART,"SWAPKART 5-in-1 Cleaning Soft Brush Keyboard Cleaner, Multi-Function Computer Tools Kit Corner Gap Duster Key-Cap Puller f... SWAPKART",/static/images/2578.jpg,4589,2
1204,"Wecool Mr.Bass Snug Fit Metallic C Type Earphones with Mic and Volume Controller, High Bass Headphoens for Mobile, Wired E...",Wecool,"Wecool Mr.Bass Snug Fit Metallic C Type Earphones with Mic and Volume Controller, High Bass Headphoens for Mobile, Wired E... Wecool",/static/images/3199.jpg,3799,3
1732,"boAt Airdopes 191G True Wireless in Ear Earbuds with ENx Tech Equipped Quad Mics, Beast Mode(Low Latency- 65ms) for Gamin...",boAt,"boAt Airdopes 191G True Wireless in Ear Earbuds with ENx Tech Equipped Quad Mics, Beast Mode(Low Latency- 65ms) for Gamin... boAt",/static/images/4111.jpg,2699,3
982,"ZEBRONICS Zeb- Haze 2.4GHz Wireless Mouse with up to 1200 DPI, Power Saving Mode, Nano Receiver and Plug & Play Usage - Grey",ZEBRONICS,"ZEBRONICS Zeb- Haze 2.4GHz Wireless Mouse with up to 1200 DPI, Power Saving Mode, Nano Receiver and Plug & Play Usage - Grey ZEBRONICS",/static/images/2689.jpg,1547,2
2041,Callas Laptop Tablet Stand Notebook Computer Stand Tablet Computer Stand Universal Lightweight Adjustable Laptop Computer ...,Callas,Callas Laptop Tablet Stand Notebook Computer Stand Tablet Computer Stand Universal Lightweight Adjustable Laptop Computer ... Callas,/static/images/4768.jpg,3524,2
462,"Ambrane Unbreakable 3 in 1 Fast Charging Braided Multipurpose Cable for Speaker with 2.1 A Speed - 1.25 meter, Black",Ambrane,"Ambrane Unbreakable 3 in 1 Fast Charging Braided Multipurpose Cable for Speaker with 2.1 A Speed - 1.25 meter, Black Ambrane",/static/images/1806.jpg,1439,5
246,"Seagate Expansion 1TB External HDD - USB 3.0 for Windows and Mac with 3 yr Data Recovery Services, Portable Hard Drive (ST...",Seagate,"Seagate Expansion 1TB External HDD - USB 3.0 for Windows and Mac with 3 yr Data Recovery Services, Portable Hard Drive (ST... Seagate",/static/images/1470.jpg,1518,2
1643,Texas Instruments BA II Plus Financial Calculator | Prompt 10-Digit Display | with Cash Flow Analysis & Advanced List Base...,Texas,Texas Instruments BA II Plus Financial Calculator | Prompt 10-Digit Display | with Cash Flow Analysis & Advanced List Base... Texas,/static/images/4017.jpg,3062,2
1768,Amkette Ergo View Laptop Stand with 7 Adjustment Levels for laptops up to 15.6 inches (12 inch /13 inch /14.1 inch /15.6 i...,Amkette,Amkette Ergo View Laptop Stand with 7 Adjustment Levels for laptops up to 15.6 inches (12 inch /13 inch /14.1 inch /15.6 i... Amkette,/static/images/4174.jpg,2407,4
405,"SanDisk Ultra Dual Drive Luxe USB Type C Flash Drive (Silver, 128 GB, 5Y - SDDDC4-128G-I35)",SanDisk,"SanDisk Ultra Dual Drive Luxe USB Type C Flash Drive (Silver, 128 GB, 5Y - SDDDC4-128G-I35) SanDisk",/static/images/174.jpg,920,2
2322,"ZEBRONICS Zeb-Fun 3 W Karaoke Mic Comes with Bluetooth Supporting Speaker, mSD Card, AUX and Media Control(Blue)",ZEBRONICS,"ZEBRONICS Zeb-Fun 3 W Karaoke Mic Comes with Bluetooth Supporting Speaker, mSD Card, AUX and Media Control(Blue) ZEBRONICS",/static/images/866.jpg,3333,5
883,"SanDisk Ultra Luxe USB 3.1 Flash Drive 128GB, Upto 150MB/s, All Metal, Metallic Silver",SanDisk,"SanDisk Ultra Luxe USB 3.1 Flash Drive 128GB, Upto 150MB/s, All Metal, Metallic Silver SanDisk",/static/images/2484.jpg,778,5
1638,URBN 20000 mAh Li-Polymer Ultra Compact Power Bank | 12W Fast Charge | Dual USB Output | Type C & Micro Input (Blue),URBN,URBN 20000 mAh Li-Polymer Ultra Compact Power Bank | 12W Fast Charge | Dual USB Output | Type C & Micro Input (Blue) URBN,/static/images/4012.jpg,1086,5
1770,"HomeMate® Wi-Fi Smart IR Control Hub (Pack of 1) | Smart Air Conditioner Remote | Compatible with Alexa, Google Home | All...",HomeMate®,"HomeMate® Wi-Fi Smart IR Control Hub (Pack of 1) | Smart Air Conditioner Remote | Compatible with Alexa, Google Home | All... HomeMate®",/static/images/4176.jpg,2527,2
1542,"Tokdis MX-1 Pro Bluetooth Calling Smartwatch - 1.69” LCD Display, Multiple Watch Faces, Sleep Monitor, Heart & SpO2 Monito...",Tokdis,"Tokdis MX-1 Pro Bluetooth Calling Smartwatch - 1.69” LCD Display, Multiple Watch Faces, Sleep Monitor, Heart & SpO2 Monito... Tokdis",/static/images/3876.jpg,3134,4
88,"Dell USB Wireless Keyboard and Mouse Set- KM3322W, Anti-Fade & Spill-Resistant Keys, up to 36 Month Battery Life, 3Y Advan...",Dell,"Dell USB Wireless Keyboard and Mouse Set- KM3322W, Anti-Fade & Spill-Resistant Keys, up to 36 Month Battery Life, 3Y Advan... Dell",/static/images/1112.jpg,4822,4
1805,IFITech IFIADPTCAM 1080p USB Charger Type Hidden Camera | Home security spy camera | Support Maximum 256 Gb Memory Cards |...,IFITech,IFITech IFIADPTCAM 1080p USB Charger Type Hidden Camera | Home security spy camera | Support Maximum 256 Gb Memory Cards |... IFITech,/static/images/4222.jpg,4862,4
700,"Samsung Galaxy Tab A8 10.5 inches Display, RAM 3 GB, ROM 32 GB Expandable, Wi-Fi Tablets, Gray, (SM-X200NZAAINU)",Samsung,"Samsung Galaxy Tab A8 10.5 inches Display, RAM 3 GB, ROM 32 GB Expandable, Wi-Fi Tablets, Gray, (SM-X200NZAAINU) Samsung",/static/images/2218.jpg,2802,4
1261,Robustrion Anti-Scratch & Smudge Proof Tempered Glass Screen Protector for Xiaomi Mi Pad 5 11 inch,Robustrion,Robustrion Anti-Scratch & Smudge Proof Tempered Glass Screen Protector for Xiaomi Mi Pad 5 11 inch Robustrion,/static/images/3384.jpg,4532,5
1771,"Noise Newly Launched Bravo Bluetooth in Ear Neckband with Upto 35 Hours of Playtime, Instacharge (10-min Charge=10-hrs Pla...",Noise,"Noise Newly Launched Bravo Bluetooth in Ear Neckband with Upto 35 Hours of Playtime, Instacharge (10-min Charge=10-hrs Pla... Noise",/static/images/4177.jpg,1818,3
1990,"GIZGA essentials (25cm x 21cm Gaming Mouse Pad, Laptop Desk Mat, Computer Mouse Pad with Smooth Mouse Control, Mercerized ...",GIZGA,"GIZGA essentials (25cm x 21cm Gaming Mouse Pad, Laptop Desk Mat, Computer Mouse Pad with Smooth Mouse Control, Mercerized ... GIZGA",/static/images/4682.jpg,3500,3
865,"Samsung Galaxy M32 Prime Edition (Light Blue, 6GB RAM, 128GB)",Samsung,"Samsung Galaxy M32 Prime Edition (Light Blue, 6GB RAM, 128GB) Samsung",/static/images/2462.jpg,900,1
2213,"Tokdis MX-1 Pro Bluetooth Calling Smartwatch - 1.69” LCD Display, Multiple Watch Faces, Sleep Monitor, Heart & SpO2 Monito...",Tokdis,"Tokdis MX-1 Pro Bluetooth Calling Smartwatch - 1.69” LCD Display, Multiple Watch Faces, Sleep Monitor, Heart & SpO2 Monito... Tokdis",/static/images/673.jpg,354,3
1343,Prolet Classic Bumper Case Cover for Samsung Galaxy Watch 4 44mm TPU Plated Full Screen Protector (Black),Prolet,Prolet Classic Bumper Case Cover for Samsung Galaxy Watch 4 44mm TPU Plated Full Screen Protector (Black) Prolet,/static/images/3514.jpg,3208,5
860,JBL Tune 130NC True Wireless in Ear Earbuds Active Noise Cancellation (Upto 40dB) Adjust EQ for Extra Bass Massive 40Hrs P...,JBL,JBL Tune 130NC True Wireless in Ear Earbuds Active Noise Cancellation (Upto 40dB) Adjust EQ for Extra Bass Massive 40Hrs P... JBL,/static/images/2458.jpg,1649,1
922,"pTron Volta 12W USB Charger, Fast Charging, Made in India, BIS Certified Single Port USB Wall Adapter Without Cable for Al...",pTron,"pTron Volta 12W USB Charger, Fast Charging, Made in India, BIS Certified Single Port USB Wall Adapter Without Cable for Al... pTron",/static/images/2537.jpg,2349,3
208,Lapster USB all types smartwatch charger cable for boat watch charger & boat xtend watch charger & boat storm watch charge...,Lapster,Lapster USB all types smartwatch charger cable for boat watch charger & boat xtend watch charger & boat storm watch charge... Lapster,/static/images/1384.jpg,1658,5
1243,"Prolet 20MM Silicone Strap Compatible with Amazfit GTS 2 Mini, Amazfit Bip/Bip U/Pro/Lite, Bip S, Amazfit GTS/ 2/2e, Amazf...",Prolet,"Prolet 20MM Silicone Strap Compatible with Amazfit GTS 2 Mini, Amazfit Bip/Bip U/Pro/Lite, Bip S, Amazfit GTS/ 2/2e, Amazf... Prolet",/static/images/3329.jpg,3982,3
984,"ZEBRONICS Zeb- Haze 2.4GHz Wireless Mouse with up to 1200 DPI, Power Saving Mode, Nano Receiver and Plug & Play Usage - Grey",ZEBRONICS,"ZEBRONICS Zeb- Haze 2.4GHz Wireless Mouse with up to 1200 DPI, Power Saving Mode, Nano Receiver and Plug & Play Usage - Grey ZEBRONICS",/static/images/2690.jpg,104,2
2124,"XERGY USB 5V 5050 RGB LED Flexible Strip Light Multi-Color Changing Lighting Kit , TV Background Lighting with Mini Contro...",XERGY,"XERGY USB 5V 5050 RGB LED Flexible Strip Light Multi-Color Changing Lighting Kit , TV Background Lighting with Mini Contro... XERGY",/static/images/4979.jpg,1843,2
375,"pTron Tangent Duo Bluetooth 5.2 Wireless Earphones with Mic, 24Hrs Playback, 13mm Driver, Deep Bass, Fast Charging Type-C ...",pTron,"pTron Tangent Duo Bluetooth 5.2 Wireless Earphones with Mic, 24Hrs Playback, 13mm Driver, Deep Bass, Fast Charging Type-C ... pTron",/static/images/1679.jpg,1035,4
1114,"Fire-Boltt Ninja Call Pro Smart Watch Dual Chip Bluetooth Calling, AI Voice Assistance with HD Display, 100 Sports Modes, ...",Fire-Boltt,"Fire-Boltt Ninja Call Pro Smart Watch Dual Chip Bluetooth Calling, AI Voice Assistance with HD Display, 100 Sports Modes, ... Fire-Boltt",/static/images/2985.jpg,1226,4
2245,"AmazonBasics Bluetooth Speaker 5.0 Soundbar with 16W RMS, 2000mAh Battery, Upto 19 Hrs Playtime Aux/USB Port (Black)",AmazonBasics,"AmazonBasics Bluetooth Speaker 5.0 Soundbar with 16W RMS, 2000mAh Battery, Upto 19 Hrs Playtime Aux/USB Port (Black) AmazonBasics",/static/images/710.jpg,1310,3
1415,Smart Watch for Men Women ID116 Plus Smart Bracelet Fitness Tracker Color Screen Smartwatch Heart Rate Blood Pressure Pedo...,Smart,Smart Watch for Men Women ID116 Plus Smart Bracelet Fitness Tracker Color Screen Smartwatch Heart Rate Blood Pressure Pedo... Smart,/static/images/3626.jpg,4111,2
1230,"EGOTUDE Soft Slim Flexible Silicone Back Cover Case for iPhone 13 (Navy Blue, TPU)",EGOTUDE,"EGOTUDE Soft Slim Flexible Silicone Back Cover Case for iPhone 13 (Navy Blue, TPU) EGOTUDE",/static/images/3309.jpg,4368,5
455,"SanDisk Extreme microSD UHS I Card 128GB for 4K Video on Smartphones,Action Cams 190MB/s Read,90MB/s Write",SanDisk,"SanDisk Extreme microSD UHS I Card 128GB for 4K Video on Smartphones,Action Cams 190MB/s Read,90MB/s Write SanDisk",/static/images/180.jpg,916,2
51,Fire TV Stick with Alexa Voice Remote (includes TV and app controls) | HD streaming device,Fire,Fire TV Stick with Alexa Voice Remote (includes TV and app controls) | HD streaming device Fire,/static/images/1073.jpg,477,5
1877,"70mai Pro Plus+ A500S Dual Channel Car Dash Cam, 3K, ADAS, Built-in GPS Logger, Route Recorder, App Playback & Share, Opti...",70mai,"70mai Pro Plus+ A500S Dual Channel Car Dash Cam, 3K, ADAS, Built-in GPS Logger, Route Recorder, App Playback & Share, Opti... 70mai",/static/images/438.jpg,2508,1
1750,One Plus USB Type C to 3.5mm Adapter for OnePlus 7T 8T 9 Pro Headphone Jack Adapter - USB Type C to 3.5mm Aux Audio Earpho...,One,One Plus USB Type C to 3.5mm Adapter for OnePlus 7T 8T 9 Pro Headphone Jack Adapter - USB Type C to 3.5mm Aux Audio Earpho... One,/static/images/4154.jpg,1476,3
538,"Fire-Boltt Invincible Plus 1.43"" AMOLED Display Smartwatch with Bluetooth Calling, TWS Connection, 300+ Sports Modes, 110 ...",Fire-Boltt,"Fire-Boltt Invincible Plus 1.43"" AMOLED Display Smartwatch with Bluetooth Calling, TWS Connection, 300+ Sports Modes, 110 ... Fire-Boltt",/static/images/1909.jpg,4334,5
1280,"JBL Cinema SB271, Dolby Digital Soundbar with Wireless Subwoofer for Extra Deep Bass, 2.1 Channel Home Theatre with Remot...",JBL,"JBL Cinema SB271, Dolby Digital Soundbar with Wireless Subwoofer for Extra Deep Bass, 2.1 Channel Home Theatre with Remot... JBL",/static/images/3436.jpg,4338,2
72,"Fire-Boltt Invincible Plus 1.43"" AMOLED Display Smartwatch with Bluetooth Calling, TWS Connection, 300+ Sports Modes, 110 ...",Fire-Boltt,"Fire-Boltt Invincible Plus 1.43"" AMOLED Display Smartwatch with Bluetooth Calling, TWS Connection, 300+ Sports Modes, 110 ... Fire-Boltt",/static/images/1097.jpg,4279,3
301,"Logitech B100 Wired USB Mouse, 3 yr Warranty, 800 DPI Optical Tracking, Ambidextrous PC/Mac/Laptop - Black",Logitech,"Logitech B100 Wired USB Mouse, 3 yr Warranty, 800 DPI Optical Tracking, Ambidextrous PC/Mac/Laptop - Black Logitech",/static/images/1551.jpg,4946,5
1004,"Dyazo 6 Angle Foldable & Portable Laptop Riser Stand Made with Aluminum Alloy |Compatible for Dell, Mac Book Air/Pro, Leno...",Dyazo,"Dyazo 6 Angle Foldable & Portable Laptop Riser Stand Made with Aluminum Alloy |Compatible for Dell, Mac Book Air/Pro, Leno... Dyazo",/static/images/2718.jpg,187,4
755,"pTron Bassbuds Fute 5.1 Bluetooth Truly Wireless Featherlite TWS in Ear Earbuds with Mic 25Hrs Playtime, 13Mm Dynamic Driv...",pTron,"pTron Bassbuds Fute 5.1 Bluetooth Truly Wireless Featherlite TWS in Ear Earbuds with Mic 25Hrs Playtime, 13Mm Dynamic Driv... pTron",/static/images/2294.jpg,3881,1
111,"OnePlus Nord Wired Earphones with mic, 3.5mm Audio Jack, Enhanced bass with 9.2mm Dynamic Drivers, in-Ear Wired Earphone -...",OnePlus,"OnePlus Nord Wired Earphones with mic, 3.5mm Audio Jack, Enhanced bass with 9.2mm Dynamic Drivers, in-Ear Wired Earphone -... OnePlus",/static/images/1141.jpg,1806,1
2097,LOHAYA Television Remote Compatible with Samsung Smart LED/LCD/HD TV Remote Control [ Compatible for All Samsung Tv Remote...,LOHAYA,LOHAYA Television Remote Compatible with Samsung Smart LED/LCD/HD TV Remote Control [ Compatible for All Samsung Tv Remote... LOHAYA,/static/images/4876.jpg,2367,5
380,"Echo Dot (4th Gen, 2020 release)| Smart speaker with Alexa (Black)",Echo,"Echo Dot (4th Gen, 2020 release)| Smart speaker with Alexa (Black) Echo",/static/images/1684.jpg,1837,5
1126,Bestor Portable LCD Writing Tablet 10 inches Paperless Memo Digital Tablet Pad for Writing/Drawing/Scribble Board/Erasable...,Bestor,Bestor Portable LCD Writing Tablet 10 inches Paperless Memo Digital Tablet Pad for Writing/Drawing/Scribble Board/Erasable... Bestor,/static/images/3008.jpg,2262,3
1268,"ZEBRONICS Zeb-Buds 30 3.5Mm Stereo Wired in Ear Earphones with Mic for Calling, Volume Control, Multifunction Button, 14Mm...",ZEBRONICS,"ZEBRONICS Zeb-Buds 30 3.5Mm Stereo Wired in Ear Earphones with Mic for Calling, Volume Control, Multifunction Button, 14Mm... ZEBRONICS",/static/images/3396.jpg,3589,2
1891,Strauss Bicycle Bottle Holder (Black),Strauss,Strauss Bicycle Bottle Holder (Black) Strauss,/static/images/440.jpg,2417,3
1430,F Gear Luxur Brown 25 liter Laptop Backpack (2404),F,F Gear Luxur Brown 25 liter Laptop Backpack (2404) F,/static/images/3649.jpg,3707,3
1789,"boAt LTG 500 Apple MFI Certified for iPhone, iPad and iPod 2Mtr Data Cable(Metallic Silver)",boAt,"boAt LTG 500 Apple MFI Certified for iPhone, iPad and iPod 2Mtr Data Cable(Metallic Silver) boAt",/static/images/4202.jpg,1787,3
1607,"Wayona Nylon Braided (2 Pack) Lightning Fast Usb Data Cable Fast Charger Cord For Iphone, Ipad Tablet (3 Ft Pack Of 2, Grey)",Wayona,"Wayona Nylon Braided (2 Pack) Lightning Fast Usb Data Cable Fast Charger Cord For Iphone, Ipad Tablet (3 Ft Pack Of 2, Grey) Wayona",/static/images/3986.jpg,2787,5
492,"iQOO Neo 7 5G (Interstellar Black, 8GB RAM, 128GB Storage) | Dimensity 8200, only 4nm Processor in The Segment| 50% Charge...",iQOO,"iQOO Neo 7 5G (Interstellar Black, 8GB RAM, 128GB Storage) | Dimensity 8200, only 4nm Processor in The Segment| 50% Charge... iQOO",/static/images/1839.jpg,3161,4
382,boAt BassHeads 100 in-Ear Wired Headphones with Mic (White),boAt,boAt BassHeads 100 in-Ear Wired Headphones with Mic (White) boAt,/static/images/1686.jpg,3882,5
209,boAt Bassheads 105 Wired in Ear Earphones with Mic (Black),boAt,boAt Bassheads 105 Wired in Ear Earphones with Mic (Black) boAt,/static/images/1385.jpg,3259,5
1776,"Nokia 105 Single SIM, Keypad Mobile Phone with Wireless FM Radio | Blue",Nokia,"Nokia 105 Single SIM, Keypad Mobile Phone with Wireless FM Radio | Blue Nokia",/static/images/4184.jpg,2049,1
2001,"MYVN 65W Super Vooc Charge, Data Sync Fast Charging Type-C Cable Compatible for Realme XT, Realme XT 730G, Realme X2, Real...",MYVN,"MYVN 65W Super Vooc Charge, Data Sync Fast Charging Type-C Cable Compatible for Realme XT, Realme XT 730G, Realme X2, Real... MYVN",/static/images/4693.jpg,4012,2
1013,CASE PLUS 3.5 mm Headphone Jack Lightning Adapter Connector Only Supported Music Control Audio Adapter for iPhone-New - 20...,CASE,CASE PLUS 3.5 mm Headphone Jack Lightning Adapter Connector Only Supported Music Control Audio Adapter for iPhone-New - 20... CASE,/static/images/273.jpg,368,2
620,INEFABLE Mi Band 5 and 6 Strap Original Band Strap M5/M6 - Pack of 1 - Black - (Device Not Included - Not Compatible with ...,INEFABLE,INEFABLE Mi Band 5 and 6 Strap Original Band Strap M5/M6 - Pack of 1 - Black - (Device Not Included - Not Compatible with ... INEFABLE,/static/images/2088.jpg,2736,3
2318,"pTron Glam Extendable Selfie Stick with Bluetooth Remote & Tripod Stand, 75cm Extended Length, for 6.5 to 9.5cm Width Phon...",pTron,"pTron Glam Extendable Selfie Stick with Bluetooth Remote & Tripod Stand, 75cm Extended Length, for 6.5 to 9.5cm Width Phon... pTron",/static/images/860.jpg,492,3
586,Ant Esports GM320 RGB Optical Wired Gaming Mouse | 8 Programmable Buttons | 12800 DPI,Ant,Ant Esports GM320 RGB Optical Wired Gaming Mouse | 8 Programmable Buttons | 12800 DPI Ant,/static/images/2003.jpg,4534,5
1319,Osaka OS 550 Tripod 55 Inches (140 cm) with Mobile Holder and Carry Case for Smartphone & DSLR Camera Portable Lightweight...,Osaka,Osaka OS 550 Tripod 55 Inches (140 cm) with Mobile Holder and Carry Case for Smartphone & DSLR Camera Portable Lightweight... Osaka,/static/images/3486.jpg,2957,1
2098,7SEVEN® Compatible Lg Smart Tv Remote Suitable for Any LG LED OLED LCD UHD Plasma Android Television and AKB75095303 repla...,7SEVEN®,7SEVEN® Compatible Lg Smart Tv Remote Suitable for Any LG LED OLED LCD UHD Plasma Android Television and AKB75095303 repla... 7SEVEN®,/static/images/4877.jpg,2782,1
749,"Mobilife Selfie Stick,Long Selfie Stick with Tripod Stand upto 37.8 inch,4 in 1 Extendable Selfie Stick for Mobile Phone B...",Mobilife,"Mobilife Selfie Stick,Long Selfie Stick with Tripod Stand upto 37.8 inch,4 in 1 Extendable Selfie Stick for Mobile Phone B... Mobilife",/static/images/2289.jpg,4890,5
603,"Noise Buds VS104 in-Ear Truly Wireless Earbuds with 30H of Playtime, Instacharge(10 min=150 min), 13mm Driver, Mic, Hyper ...",Noise,"Noise Buds VS104 in-Ear Truly Wireless Earbuds with 30H of Playtime, Instacharge(10 min=150 min), 13mm Driver, Mic, Hyper ... Noise",/static/images/2042.jpg,1434,4
1220,Faber-Castell 48 Triangular Colour Pencils,Faber-Castell,Faber-Castell 48 Triangular Colour Pencils Faber-Castell,/static/images/3294.jpg,3628,5
170,boAt Bassheads 100 in Ear Wired Earphones with Mic(Furious Red),boAt,boAt Bassheads 100 in Ear Wired Earphones with Mic(Furious Red) boAt,/static/images/1295.jpg,1479,1
2047,"Waylon 22mm Sports Smart Watch Strap Compatible with Noise ColorFit Ultra/Ultra 2, Vision, Caliber, Pro 3, Active/GPS, Buz...",Waylon,"Waylon 22mm Sports Smart Watch Strap Compatible with Noise ColorFit Ultra/Ultra 2, Vision, Caliber, Pro 3, Active/GPS, Buz... Waylon",/static/images/4774.jpg,3918,1
814,GIZGA Club-laptop Neoprene Reversible for 15.6-inches Laptop Sleeve - Black-Red,GIZGA,GIZGA Club-laptop Neoprene Reversible for 15.6-inches Laptop Sleeve - Black-Red GIZGA,/static/images/237.jpg,1587,5
2161,"Apple Magic Mouse (for Bluetooth-Enabled Mac with OS X 10.11 or Later, iPad with iPadOS 13.4 or Later)",Apple,"Apple Magic Mouse (for Bluetooth-Enabled Mac with OS X 10.11 or Later, iPad with iPadOS 13.4 or Later) Apple",/static/images/542.jpg,945,4
2215,Echo Dot (Black) Combo with Wipro 9W Smart Color Bulb - Smart Home Starter Kit,Echo,Echo Dot (Black) Combo with Wipro 9W Smart Color Bulb - Smart Home Starter Kit Echo,/static/images/675.jpg,3214,5
739,"OnePlus 10R 5G (Sierra Black, 12GB RAM, 256GB Storage, 80W SuperVOOC)",OnePlus,"OnePlus 10R 5G (Sierra Black, 12GB RAM, 256GB Storage, 80W SuperVOOC) OnePlus",/static/images/2278.jpg,3923,3
691,"ZEBRONICS Zeb Evolve Wireless Bluetooth in Ear Neckband Earphone, Rapid Charge, Dual Pairing, Magnetic earpiece,Voice Assi...",ZEBRONICS,"ZEBRONICS Zeb Evolve Wireless Bluetooth in Ear Neckband Earphone, Rapid Charge, Dual Pairing, Magnetic earpiece,Voice Assi... ZEBRONICS",/static/images/2209.jpg,3907,2
2152,SanDisk ® Ultra Curve USB 3.2 32GB 100MB/s R Navy Blue,SanDisk,SanDisk ® Ultra Curve USB 3.2 32GB 100MB/s R Navy Blue SanDisk,/static/images/503.jpg,3269,1
233,"iQOO Neo 7 5G (Frost Blue, 8GB RAM, 128GB Storage) | Dimensity 8200, only 4nm Processor in The Segment | 50% Charge in 10 ...",iQOO,"iQOO Neo 7 5G (Frost Blue, 8GB RAM, 128GB Storage) | Dimensity 8200, only 4nm Processor in The Segment | 50% Charge in 10 ... iQOO",/static/images/1432.jpg,1074,5
1769,"GIZGA essentials iStuff365 Istuff365 2-in-1 Laptop, Mobile Tabletop Stand, 12"" To15.6 Laptops, Ergonomic Design, 8-Adjusta...",GIZGA,"GIZGA essentials iStuff365 Istuff365 2-in-1 Laptop, Mobile Tabletop Stand, 12"" To15.6 Laptops, Ergonomic Design, 8-Adjusta... GIZGA",/static/images/4175.jpg,1808,2
2125,HP 680 Black Ink Cartridges Twin Pack,HP,HP 680 Black Ink Cartridges Twin Pack HP,/static/images/498.jpg,3544,5
2137,TP-Link 5 Port 10/100 Mbps Fast Ethernet Switch | Desktop Ethernet Splitter | Ethernet Hub | Plug & Play | Fanless Quiet |...,TP-Link,TP-Link 5 Port 10/100 Mbps Fast Ethernet Switch | Desktop Ethernet Splitter | Ethernet Hub | Plug & Play | Fanless Quiet |... TP-Link,/static/images/4995.jpg,1148,3
589,"Seagate One Touch 2TB External HDD with Password Protection – Black, for Windows and Mac, with 3 yr Data Recovery Service...",Seagate,"Seagate One Touch 2TB External HDD with Password Protection – Black, for Windows and Mac, with 3 yr Data Recovery Service... Seagate",/static/images/2006.jpg,4989,5
1022,"Fire-Boltt Tank 1.85"" Outdoor Rugged Bluetooth Calling Smart Watch, 123 Sports Mode, 8 UI Interactions, Built in Speaker &...",Fire-Boltt,"Fire-Boltt Tank 1.85"" Outdoor Rugged Bluetooth Calling Smart Watch, 123 Sports Mode, 8 UI Interactions, Built in Speaker &... Fire-Boltt",/static/images/2768.jpg,2263,5
2229,"Logitech Pebble Wireless Mouse with Bluetooth or 2.4 GHz Receiver, Silent, Slim Computer Mouse with Quiet Clicks, for Lapt...",Logitech,"Logitech Pebble Wireless Mouse with Bluetooth or 2.4 GHz Receiver, Silent, Slim Computer Mouse with Quiet Clicks, for Lapt... Logitech",/static/images/693.jpg,4225,1
2373,SanDisk SDDD3-032G-I35GW Ultra Dual 32GB USB 3.0 OTG Pen Drive (Gold),SanDisk,SanDisk SDDD3-032G-I35GW Ultra Dual 32GB USB 3.0 OTG Pen Drive (Gold) SanDisk,/static/images/97.jpg,24,1
1088,"MI Outdoor Bluetooth Speaker (5W) Up to 20 Hours Battery Life, Dynamic Sound Effect, Bluetooth 5.0, IPX5 Splash Proof, Com...",MI,"MI Outdoor Bluetooth Speaker (5W) Up to 20 Hours Battery Life, Dynamic Sound Effect, Bluetooth 5.0, IPX5 Splash Proof, Com... MI",/static/images/2929.jpg,1294,1
104,"Samsung Original 25W USB Travel Lightning Adapter for Cellular Phones, Black",Samsung,"Samsung Original 25W USB Travel Lightning Adapter for Cellular Phones, Black Samsung",/static/images/1134.jpg,1476,1
1381,Onsitego 2 Years Extended Warranty for Fans Up to Rs 2500 (Email Delivery),Onsitego,Onsitego 2 Years Extended Warranty for Fans Up to Rs 2500 (Email Delivery) Onsitego,/static/images/3588.jpg,4599,5
1068,"Samsung Galaxy S21 FE 5G (Graphite, 8GB, 128GB Storage)",Samsung,"Samsung Galaxy S21 FE 5G (Graphite, 8GB, 128GB Storage) Samsung",/static/images/2880.jpg,749,4
1474,Kokuyo Correction Tape 5mm - 6 metre - Color May Vary,Kokuyo,Kokuyo Correction Tape 5mm - 6 metre - Color May Vary Kokuyo,/static/images/3711.jpg,2700,4
105,"Tygot Adjustable Aluminium Alloy Tripod Stand Holder for Mobile Phones & Camera, 360 mm -1060 mm (42 Inch), 1/4 inch Screw...",Tygot,"Tygot Adjustable Aluminium Alloy Tripod Stand Holder for Mobile Phones & Camera, 360 mm -1060 mm (42 Inch), 1/4 inch Screw... Tygot",/static/images/1135.jpg,2992,2
1930,"Samsung Guru Music 2 315 (GT-B315, Black) (SM-B315EZKDINS)",Samsung,"Samsung Guru Music 2 315 (GT-B315, Black) (SM-B315EZKDINS) Samsung",/static/images/447.jpg,2149,2
1290,"ZEBRONICS Zeb-Thunder Bluetooth Wireless Over The Ear Headphone FM, mSD, 9 hrs Playback with Mic (Blue with Red)",ZEBRONICS,"ZEBRONICS Zeb-Thunder Bluetooth Wireless Over The Ear Headphone FM, mSD, 9 hrs Playback with Mic (Blue with Red) ZEBRONICS",/static/images/3449.jpg,166,2
2324,"ZEBRONICS Zeb-Music Bomb X Wireless 20W Portable Speaker, 4000 mAh Battery, RGB Lights, IPX7 Water Resistant, Wireless BT/...",ZEBRONICS,"ZEBRONICS Zeb-Music Bomb X Wireless 20W Portable Speaker, 4000 mAh Battery, RGB Lights, IPX7 Water Resistant, Wireless BT/... ZEBRONICS",/static/images/869.jpg,1358,5
816,"Xiaomi Wired in-Ear Earphones with Mic, Ultra Deep Bass & Metal Sound Chamber (Blue)",Xiaomi,"Xiaomi Wired in-Ear Earphones with Mic, Ultra Deep Bass & Metal Sound Chamber (Blue) Xiaomi",/static/images/2371.jpg,316,2
116,Samsung EVO Plus 64GB microSDXC UHS-I U1 130MB/s Full HD & 4K UHD Memory Card with Adapter (MB-MC64KA),Samsung,Samsung EVO Plus 64GB microSDXC UHS-I U1 130MB/s Full HD & 4K UHD Memory Card with Adapter (MB-MC64KA) Samsung,/static/images/1146.jpg,3735,3
181,Crucial BX500 500GB 2.5-inch SATA 3D NAND Internal SSD Upto 550 MB/s,Crucial,Crucial BX500 500GB 2.5-inch SATA 3D NAND Internal SSD Upto 550 MB/s Crucial,/static/images/1306.jpg,186,1
1815,Firestick Remote,Firestick,Firestick Remote Firestick,/static/images/4240.jpg,1044,4
618,"realme Buds Wireless 2S in Ear Earphone with mic, Dual Device Switching & Type C Fast Charge & Up to 24Hrs Playtime, Bluet...",realme,"realme Buds Wireless 2S in Ear Earphone with mic, Dual Device Switching & Type C Fast Charge & Up to 24Hrs Playtime, Bluet... realme",/static/images/207.jpg,1598,5
1082,"Fire-Boltt Ring 3 Smart Watch 1.8"" Biggest Display Advanced Bluetooth Calling Chip, Voice Assistance,118 Sports Modes, in ...",Fire-Boltt,"Fire-Boltt Ring 3 Smart Watch 1.8"" Biggest Display Advanced Bluetooth Calling Chip, Voice Assistance,118 Sports Modes, in ... Fire-Boltt",/static/images/29.jpg,4466,5
932,Parker Quink Ink Bottle (Black),Parker,Parker Quink Ink Bottle (Black) Parker,/static/images/257.jpg,1123,4
363,"ELV Aluminum Adjustable Mobile Phone Foldable Tabletop Stand Dock Mount for All Smartphones, Tabs, Kindle, iPad (Black)",ELV,"ELV Aluminum Adjustable Mobile Phone Foldable Tabletop Stand Dock Mount for All Smartphones, Tabs, Kindle, iPad (Black) ELV",/static/images/1666.jpg,3151,5
771,"All-New Echo Dot (5th Gen, 2023 release) | Smart speaker with Bigger sound, Motion Detection, Temperature Sensor and Alex...",All-New,"All-New Echo Dot (5th Gen, 2023 release) | Smart speaker with Bigger sound, Motion Detection, Temperature Sensor and Alex... All-New",/static/images/2308.jpg,3404,2
1128,"NoiseFit Force Rugged Round Dial Bluetooth Calling Smart Watch with 1.32"" HD screen, Functional Crown, 550 NITS, 7 days ba...",NoiseFit,"NoiseFit Force Rugged Round Dial Bluetooth Calling Smart Watch with 1.32"" HD screen, Functional Crown, 550 NITS, 7 days ba... NoiseFit",/static/images/3012.jpg,3452,3
506,"Duracell Specialty CR2025 Lithium Coin Battery 3V, Pack of 5 Suitable for use in keyfobs, Scales, wearables and Medical De...",Duracell,"Duracell Specialty CR2025 Lithium Coin Battery 3V, Pack of 5 Suitable for use in keyfobs, Scales, wearables and Medical De... Duracell",/static/images/1874.jpg,4775,4
1085,"boAt Rockerz 245 pro Bluetooth in Ear Neckband with Beast Mode(Super Low Latency) for Gaming, ENx Tech for Clear Calls, AS...",boAt,"boAt Rockerz 245 pro Bluetooth in Ear Neckband with Beast Mode(Super Low Latency) for Gaming, ENx Tech for Clear Calls, AS... boAt",/static/images/2902.jpg,4191,1
1899,"Palap Piano Stickers Labels for 37, 49, 54, 61, 88 Keys Keyboard, Piano Removal Stickers",Palap,"Palap Piano Stickers Labels for 37, 49, 54, 61, 88 Keys Keyboard, Piano Removal Stickers Palap",/static/images/441.jpg,4633,4
525,"ZEBRONICS Zeb-Thunder Wireless Bluetooth Over The Ear Headphone, FM, mSD, 9 hrs Playback with Mic (Blue)",ZEBRONICS,"ZEBRONICS Zeb-Thunder Wireless Bluetooth Over The Ear Headphone, FM, mSD, 9 hrs Playback with Mic (Blue) ZEBRONICS",/static/images/1895.jpg,741,5
1075,"ZEBRONICS Sound Feast 50, 14 W Portable Speaker Supporting Bluetooth, Pendrive Slot, mSD Card, FM, Call Function (Black)",ZEBRONICS,"ZEBRONICS Sound Feast 50, 14 W Portable Speaker Supporting Bluetooth, Pendrive Slot, mSD Card, FM, Call Function (Black) ZEBRONICS",/static/images/2891.jpg,175,2
7,"Apple 20W USB-C Power Adapter (for iPhone, iPad & AirPods)",Apple,"Apple 20W USB-C Power Adapter (for iPhone, iPad & AirPods) Apple",/static/images/1005.jpg,182,2
1284,"JBL Tune 230NC TWS, Active Noise Cancellation Earbuds with Mic, Massive 40 Hrs Playtime with Speed Charge, Adjustable EQ A...",JBL,"JBL Tune 230NC TWS, Active Noise Cancellation Earbuds with Mic, Massive 40 Hrs Playtime with Speed Charge, Adjustable EQ A... JBL",/static/images/3441.jpg,4474,4
1124,"Noise Flair Bluetooth Wireless in Ear Earphones with Mic Dual Smart with Touch Controls, 35 Hour Playtime, Environmental C...",Noise,"Noise Flair Bluetooth Wireless in Ear Earphones with Mic Dual Smart with Touch Controls, 35 Hour Playtime, Environmental C... Noise",/static/images/3006.jpg,3124,3
95,realme Narzo 50 Pro 5G (Hyper Blue 6GB RAM+128GB Storage) Super AMOLED | Advanced Dimensity 920 5G Gaming Processor | 50% ...,realme,realme Narzo 50 Pro 5G (Hyper Blue 6GB RAM+128GB Storage) Super AMOLED | Advanced Dimensity 920 5G Gaming Processor | 50% ... realme,/static/images/1120.jpg,4377,2
1231,"AmazonBasics 20W Phone Charger for Cellular Phones | Type C Adapter, Fast Charging (Black)",AmazonBasics,"AmazonBasics 20W Phone Charger for Cellular Phones | Type C Adapter, Fast Charging (Black) AmazonBasics",/static/images/3310.jpg,4605,4
215,"boAt Wave Edge with 1.85"" HD Display, Advanced Bluetooth Calling Chip, Functional Crown, 100+ Sports Modes,Widget Control,...",boAt,"boAt Wave Edge with 1.85"" HD Display, Advanced Bluetooth Calling Chip, Functional Crown, 100+ Sports Modes,Widget Control,... boAt",/static/images/1391.jpg,55,2
451,"Samsung Galaxy M04 Dark Blue, 4GB RAM, 128GB Storage | Upto 8GB RAM with RAM Plus | MediaTek Helio P35 | 5000 mAh Battery",Samsung,"Samsung Galaxy M04 Dark Blue, 4GB RAM, 128GB Storage | Upto 8GB RAM with RAM Plus | MediaTek Helio P35 | 5000 mAh Battery Samsung",/static/images/1794.jpg,4526,5
1237,"3M Scotch Magic Tape Roll | 1.9cm x 32.9 meter | Invisible, writable and hand tearable | For school projects, home and off...",3M,"3M Scotch Magic Tape Roll | 1.9cm x 32.9 meter | Invisible, writable and hand tearable | For school projects, home and off... 3M",/static/images/3319.jpg,4074,1
898,"Western Digital WD 1.5TB Elements Portable Hard Disk Drive, USB 3.0, Compatible with PC, PS4 and Xbox, External HDD (WDBU6...",Western,"Western Digital WD 1.5TB Elements Portable Hard Disk Drive, USB 3.0, Compatible with PC, PS4 and Xbox, External HDD (WDBU6... Western",/static/images/2500.jpg,88,1
321,Redmi Note 12 5G Mystique Blue 6GB RAM 128GB ROM | 1st Phone with 120Hz Super AMOLED and Snapdragon® 4 Gen 1 | 48MP AI Tri...,Redmi,Redmi Note 12 5G Mystique Blue 6GB RAM 128GB ROM | 1st Phone with 120Hz Super AMOLED and Snapdragon® 4 Gen 1 | 48MP AI Tri... Redmi,/static/images/1600.jpg,1166,2
202,"STRIFF Multi Angle Mobile Tabletop Stand. Phone Holder for iPhone, Android, Samsung, OnePlus, Xiaomi. Portable,Foldable Ce...",STRIFF,"STRIFF Multi Angle Mobile Tabletop Stand. Phone Holder for iPhone, Android, Samsung, OnePlus, Xiaomi. Portable,Foldable Ce... STRIFF",/static/images/1378.jpg,2279,2
719,Noise Buds VS201 V2 in-Ear Truly Wireless Earbuds with Dual Equalizer | with Mic | Total 14-Hour Playtime | Full Touch Con...,Noise,Noise Buds VS201 V2 in-Ear Truly Wireless Earbuds with Dual Equalizer | with Mic | Total 14-Hour Playtime | Full Touch Con... Noise,/static/images/2258.jpg,3700,1
151,"Wayona Nylon Braided USB to Lightning Fast Charging and Data Sync Cable Compatible for iPhone 13, 12,11, X, 8, 7, 6, 5, iP...",Wayona,"Wayona Nylon Braided USB to Lightning Fast Charging and Data Sync Cable Compatible for iPhone 13, 12,11, X, 8, 7, 6, 5, iP... Wayona",/static/images/1274.jpg,3976,4
77,boAt BassHeads 900 On-Ear Wired Headphones with Mic (White),boAt,boAt BassHeads 900 On-Ear Wired Headphones with Mic (White) boAt,/static/images/1100.jpg,2043,5
913,"Model-P4 6 Way Swivel Tilt Wall Mount 32-55-inch Full Motion Cantilever for LED,LCD and Plasma TV's",Model-P4,"Model-P4 6 Way Swivel Tilt Wall Mount 32-55-inch Full Motion Cantilever for LED,LCD and Plasma TV's Model-P4",/static/images/2524.jpg,4655,4
1871,KABEER ART Heavy Duty 18 mm Cutter Knife Set With 10 Replacement Blades,KABEER,KABEER ART Heavy Duty 18 mm Cutter Knife Set With 10 Replacement Blades KABEER,/static/images/4361.jpg,2411,5
2350,Sony MDR-EX155AP in-Ear Wired Headphones with Mic (Black),Sony,Sony MDR-EX155AP in-Ear Wired Headphones with Mic (Black) Sony,/static/images/941.jpg,3357,3
660,"ELV DIRECT Lightweight Metal Body Fine Point Capacitive Stylus Pen for Touchscreen Devices, , Compatible with All Smartpho...",ELV,"ELV DIRECT Lightweight Metal Body Fine Point Capacitive Stylus Pen for Touchscreen Devices, , Compatible with All Smartpho... ELV",/static/images/213.jpg,4631,3
1441,"ZEBRONICS Sound Bomb 7 Bluetooth TWS in Ear Earbuds with 40H Playtime, ENC Mic, Rapid Charge, Upto 50ms Gaming Mode, Flash...",ZEBRONICS,"ZEBRONICS Sound Bomb 7 Bluetooth TWS in Ear Earbuds with 40H Playtime, ENC Mic, Rapid Charge, Upto 50ms Gaming Mode, Flash... ZEBRONICS",/static/images/3662.jpg,3008,2
1087,Xtore® Universal Mobile Phone Holder & Tablet Holder with 360° Rotation,Xtore®,Xtore® Universal Mobile Phone Holder & Tablet Holder with 360° Rotation Xtore®,/static/images/2928.jpg,3090,5
2054,"Noise Newly Launched Twist Bluetooth Calling Smart Watch with 1.38"" TFT Biggest Display, Up-to 7 Days Battery, 100+ Watch ...",Noise,"Noise Newly Launched Twist Bluetooth Calling Smart Watch with 1.38"" TFT Biggest Display, Up-to 7 Days Battery, 100+ Watch ... Noise",/static/images/4804.jpg,1987,1
1171,"Sounce 8 in 1 Soft Brush Cleaning Tools Kit for Keyboard, Earphone, Laptop, Camera & Lens, LED LCD Screen Display Cleaner ...",Sounce,"Sounce 8 in 1 Soft Brush Cleaning Tools Kit for Keyboard, Earphone, Laptop, Camera & Lens, LED LCD Screen Display Cleaner ... Sounce",/static/images/3150.jpg,3782,3
145,"boAt BassHeads 122 Wired in Ear Earphones with Heavy Bass, Integrated Controls and Mic (Gun Metal)",boAt,"boAt BassHeads 122 Wired in Ear Earphones with Heavy Bass, Integrated Controls and Mic (Gun Metal) boAt",/static/images/1196.jpg,3075,4
2293,Sounce Adjustable Xiaomi Mi Band 3/ Mi Band 4 Watch Strap Silicone Adjustable Men Women- Set of 5 (Multi-Colored),Sounce,Sounce Adjustable Xiaomi Mi Band 3/ Mi Band 4 Watch Strap Silicone Adjustable Men Women- Set of 5 (Multi-Colored) Sounce,/static/images/831.jpg,3733,5
1199,"HP 150 Wired Keyboard and Mouse Combo with Instant USB Plug-and-Play Setup, 12 Shortcut Keys, 6° Adjustable Slope Keyboard...",HP,"HP 150 Wired Keyboard and Mouse Combo with Instant USB Plug-and-Play Setup, 12 Shortcut Keys, 6° Adjustable Slope Keyboard... HP",/static/images/3192.jpg,1491,2
1486,"SanDisk Extreme microSD UHS I Card 64GB for 4K Video on Smartphones,Action Cams 170MB/s Read,80MB/s Write",SanDisk,"SanDisk Extreme microSD UHS I Card 64GB for 4K Video on Smartphones,Action Cams 170MB/s Read,80MB/s Write SanDisk",/static/images/3746.jpg,1260,1
1629,"Amazon Basics 20000mAh Lithium Polymer 18W Fast Charging Power Bank | Triple Output (Type C, 2 USB) and Dual Input (Type ...",Amazon,"Amazon Basics 20000mAh Lithium Polymer 18W Fast Charging Power Bank | Triple Output (Type C, 2 USB) and Dual Input (Type ... Amazon",/static/images/4004.jpg,4934,4
1125,"Amazon Basics Micro Usb Fast Charging Cable For Android Phones With Gold Plated Connectors (3 Feet, Black)",Amazon,"Amazon Basics Micro Usb Fast Charging Cable For Android Phones With Gold Plated Connectors (3 Feet, Black) Amazon",/static/images/3007.jpg,1688,1
188,"Portronics Ruffpad 8.5E Re-Writable LCD Writing Pad with Screen 21.5cm (8.5-inch) for Drawing, Playing, Handwriting Gifts ...",Portronics,"Portronics Ruffpad 8.5E Re-Writable LCD Writing Pad with Screen 21.5cm (8.5-inch) for Drawing, Playing, Handwriting Gifts ... Portronics",/static/images/1315.jpg,2720,3
2141,"WeCool S4 Selfie Stick, Bluetooth Selfie Stick with Light 6 Shades (3 colors and 2 tones), Capture your Photos and Videos ...",WeCool,"WeCool S4 Selfie Stick, Bluetooth Selfie Stick with Light 6 Shades (3 colors and 2 tones), Capture your Photos and Videos ... WeCool",/static/images/50.jpg,1488,5
2160,"IT2M Designer Mouse Pad for Laptop/Computer (9.2 X 7.6 Inches, 12788)",IT2M,"IT2M Designer Mouse Pad for Laptop/Computer (9.2 X 7.6 Inches, 12788) IT2M",/static/images/54.jpg,3102,3
551,"ZEBRONICS Zeb-Thunder Bluetooth Wireless Over Ear Headphone FM, mSD, 9 hrs Playback with Mic (Black)",ZEBRONICS,"ZEBRONICS Zeb-Thunder Bluetooth Wireless Over Ear Headphone FM, mSD, 9 hrs Playback with Mic (Black) ZEBRONICS",/static/images/194.jpg,3765,2
379,"ZEBRONICS Zeb-Evolve BTv5.0, Voice Assistant, Rapid Charge, Dual Pairing, Call Function, Magnetic Earpiece Bluetooth Wirel...",ZEBRONICS,"ZEBRONICS Zeb-Evolve BTv5.0, Voice Assistant, Rapid Charge, Dual Pairing, Call Function, Magnetic Earpiece Bluetooth Wirel... ZEBRONICS",/static/images/1683.jpg,1907,1
957,Amazon Brand - Solimo TPU Transparent Mobile Soft & Flexible Shockproof Back Cover with Cushioned Edges for iPhone 13- Clear,Amazon,Amazon Brand - Solimo TPU Transparent Mobile Soft & Flexible Shockproof Back Cover with Cushioned Edges for iPhone 13- Clear Amazon,/static/images/262.jpg,2407,5
1562,"PTron Newly Launched Force X10 Bluetooth Calling Smartwatch with 1.7"" Full Touch Color Display, Real Heart Rate Monitor, S...",PTron,"PTron Newly Launched Force X10 Bluetooth Calling Smartwatch with 1.7"" Full Touch Color Display, Real Heart Rate Monitor, S... PTron",/static/images/3897.jpg,4713,2
631,"boAt Stone 250 Portable Wireless Speaker with 5W RMS Immersive Audio, RGB LEDs, Up to 8HRS Playtime, IPX7 Water Resistanc...",boAt,"boAt Stone 250 Portable Wireless Speaker with 5W RMS Immersive Audio, RGB LEDs, Up to 8HRS Playtime, IPX7 Water Resistanc... boAt",/static/images/2099.jpg,1195,2
673,Qubo Car Dash Camera Pro Dash Cam from Hero Group | Made in India Dashcam | Full HD 1080p | Wide Angle View | G-Sensor | W...,Qubo,Qubo Car Dash Camera Pro Dash Cam from Hero Group | Made in India Dashcam | Full HD 1080p | Wide Angle View | G-Sensor | W... Qubo,/static/images/2166.jpg,3657,4
1508,SanDisk Extreme Pro SD UHS I 64GB Card for 4K Video for DSLR and Mirrorless Cameras 200MB/s Read & 90MB/s Write,SanDisk,SanDisk Extreme Pro SD UHS I 64GB Card for 4K Video for DSLR and Mirrorless Cameras 200MB/s Read & 90MB/s Write SanDisk,/static/images/3816.jpg,3645,1
1646,"OnePlus 11 5G (Titan Black, 8GB RAM, 128GB Storage)",OnePlus,"OnePlus 11 5G (Titan Black, 8GB RAM, 128GB Storage) OnePlus",/static/images/402.jpg,3770,4
1131,ORCHID ENGINEERS Stylish Iron Remote Stand For Home (Black Glossy Finish) |Tv Remote Stand Holder For Home Decor| Tv Unit ...,ORCHID,ORCHID ENGINEERS Stylish Iron Remote Stand For Home (Black Glossy Finish) |Tv Remote Stand Holder For Home Decor| Tv Unit ... ORCHID,/static/images/3019.jpg,569,1
1395,"Inefable® (10 Pcs with Black Pouch) Pubg Anti-Slip Thumb Sleeve, Slip-Proof Sweat-Proof Professional Touch Screen Thumbs F...",Inefable®,"Inefable® (10 Pcs with Black Pouch) Pubg Anti-Slip Thumb Sleeve, Slip-Proof Sweat-Proof Professional Touch Screen Thumbs F... Inefable®",/static/images/3603.jpg,3501,3
1271,POLICE Backpack for Men Casual Laptop Bag Office/Travel/College 30 Ltr Hedge Polyester - Black,POLICE,POLICE Backpack for Men Casual Laptop Bag Office/Travel/College 30 Ltr Hedge Polyester - Black POLICE,/static/images/3399.jpg,723,5
1484,"Gizga Essentials Laptop Bag Sleeve Case Cover Pouch with Handle for 15.6 Inch Laptop for Men & Women, Padded Laptop Compar...",Gizga,"Gizga Essentials Laptop Bag Sleeve Case Cover Pouch with Handle for 15.6 Inch Laptop for Men & Women, Padded Laptop Compar... Gizga",/static/images/374.jpg,110,4
362,"Classmate Soft Cover 6 Subject Spiral Binding Notebook, Single Line, 300 Pages",Classmate,"Classmate Soft Cover 6 Subject Spiral Binding Notebook, Single Line, 300 Pages Classmate",/static/images/1665.jpg,4058,3
1273,Cosmic Byte C1070T Interstellar Wired Gamepad,Cosmic,Cosmic Byte C1070T Interstellar Wired Gamepad Cosmic,/static/images/3402.jpg,4755,4
1403,Sony SA-D40 4.1 Channel Multimedia Speaker System with Bluetooth (Black),Sony,Sony SA-D40 4.1 Channel Multimedia Speaker System with Bluetooth (Black) Sony,/static/images/3614.jpg,23,3
446,TP-Link Tapo 360° 3MP 2304 Full HD 1296P Video Pan/Tilt Smart Wi-Fi Security Camera | Alexa Enabled | 2-Way Audio| Night V...,TP-Link,TP-Link Tapo 360° 3MP 2304 Full HD 1296P Video Pan/Tilt Smart Wi-Fi Security Camera | Alexa Enabled | 2-Way Audio| Night V... TP-Link,/static/images/179.jpg,2866,1
220,"ZEBRONICS Zeb-Sound Bomb 1 TWS Earbuds with BT5.0, Up to 12H Playback, Touch Controls, Voice Assistant, Splash Proof with ...",ZEBRONICS,"ZEBRONICS Zeb-Sound Bomb 1 TWS Earbuds with BT5.0, Up to 12H Playback, Touch Controls, Voice Assistant, Splash Proof with ... ZEBRONICS",/static/images/1419.jpg,3653,1
1476,"uni-Ball Eye UB 157 Roller Pen | Tip Size 0.7 mm | Comfortable Grip| Ideal for Students and Professionals | for School, Of...",uni-Ball,"uni-Ball Eye UB 157 Roller Pen | Tip Size 0.7 mm | Comfortable Grip| Ideal for Students and Professionals | for School, Of... uni-Ball",/static/images/3714.jpg,2210,2
1254,"Fire-Boltt India's No 1 Smartwatch Brand Ring Bluetooth Calling with SpO2 & 1.7” Metal Body with Blood Oxygen Monitoring, ...",Fire-Boltt,"Fire-Boltt India's No 1 Smartwatch Brand Ring Bluetooth Calling with SpO2 & 1.7” Metal Body with Blood Oxygen Monitoring, ... Fire-Boltt",/static/images/3376.jpg,4806,5
236,realme narzo 50i Prime (Dark Blue 3 GB RAM +32 GB Storage) Octa-core Processor | 5000 mAh Battery,realme,realme narzo 50i Prime (Dark Blue 3 GB RAM +32 GB Storage) Octa-core Processor | 5000 mAh Battery realme,/static/images/1436.jpg,422,1
1557,"Boult Audio Newly Launched X10 True Wireless in Ear Earbuds with 45H Playtime, 40ms Xtreme Low Latency Mode, ENC Mic, Made...",Boult,"Boult Audio Newly Launched X10 True Wireless in Ear Earbuds with 45H Playtime, 40ms Xtreme Low Latency Mode, ENC Mic, Made... Boult",/static/images/3892.jpg,3005,5
800,"Original Super Fast Charging 18W Adapter for iQOO Z6 5G, iQOO Z6 Lite 5G, iQOO Z6 Lite, iQOO U5e 5G, iQOO Z8 5G, iQOO U5x ...",Original,"Original Super Fast Charging 18W Adapter for iQOO Z6 5G, iQOO Z6 Lite 5G, iQOO Z6 Lite, iQOO U5e 5G, iQOO Z8 5G, iQOO U5x ... Original",/static/images/2357.jpg,4016,4
627,"DIGITEK® (DRL-14C) Professional (31cm) Dual Temperature LED Ring Light with Tripod Stand & Mini Tripod for YouTube, Photo-...",DIGITEK®,"DIGITEK® (DRL-14C) Professional (31cm) Dual Temperature LED Ring Light with Tripod Stand & Mini Tripod for YouTube, Photo-... DIGITEK®",/static/images/2094.jpg,4375,5
1560,"SanDisk Ultra UHS I 64GB SD Card 140MB/s for DSLR and Mirrorless Cameras, 10Y Warranty",SanDisk,"SanDisk Ultra UHS I 64GB SD Card 140MB/s for DSLR and Mirrorless Cameras, 10Y Warranty SanDisk",/static/images/3895.jpg,3025,1
1731,"Portronics Auto 20 Smart Audio Connector with Mobile Charger(Type C + QC 3.0), Latest Bluetooth 5.1, 30W Output, Handsfree...",Portronics,"Portronics Auto 20 Smart Audio Connector with Mobile Charger(Type C + QC 3.0), Latest Bluetooth 5.1, 30W Output, Handsfree... Portronics",/static/images/4110.jpg,4123,2
855,Bagneeds Men's Black Synthetic Leather Briefcase Best Laptop Messenger Bag Satchel for Men,Bagneeds,Bagneeds Men's Black Synthetic Leather Briefcase Best Laptop Messenger Bag Satchel for Men Bagneeds,/static/images/2451.jpg,4751,3
81,"SanDisk Ultra® microSDXC™ UHS-I Card, 128GB, 140MB/s R, 10 Y Warranty, for Smartphones",SanDisk,"SanDisk Ultra® microSDXC™ UHS-I Card, 128GB, 140MB/s R, 10 Y Warranty, for Smartphones SanDisk",/static/images/1104.jpg,702,2
2115,"AmazonBasics Monitor Stand, Height Adjustable Arm Mount- Steel",AmazonBasics,"AmazonBasics Monitor Stand, Height Adjustable Arm Mount- Steel AmazonBasics",/static/images/494.jpg,1103,5
732,"boAt Rockerz 245v2 Bluetooth Wireless in Ear Earphones with Upto 8 Hours Playback, 12mm Drivers, IPX5, Magnetic Eartips, I...",boAt,"boAt Rockerz 245v2 Bluetooth Wireless in Ear Earphones with Upto 8 Hours Playback, 12mm Drivers, IPX5, Magnetic Eartips, I... boAt",/static/images/2271.jpg,2757,1
244,"boAt Newly Launched Wave Call Plus with 1.83"" HD Display, ENx™ Tech(Clear Calls), Advanced Bluetooth Calling,Hindi & Engli...",boAt,"boAt Newly Launched Wave Call Plus with 1.83"" HD Display, ENx™ Tech(Clear Calls), Advanced Bluetooth Calling,Hindi & Engli... boAt",/static/images/1468.jpg,4242,1
398,"Redmi Note 11 (Horizon Blue, 6GB RAM, 128GB Storage)|90Hz FHD+ AMOLED Display | Qualcomm® Snapdragon™ 680-6nm | 33W Charge...",Redmi,"Redmi Note 11 (Horizon Blue, 6GB RAM, 128GB Storage)|90Hz FHD+ AMOLED Display | Qualcomm® Snapdragon™ 680-6nm | 33W Charge... Redmi",/static/images/1700.jpg,1343,4
11,"Redmi A1 (Light Blue, 2GB RAM, 32GB Storage) | Segment Best AI Dual Cam | 5000mAh Battery | Leather Texture Design | Andro...",Redmi,"Redmi A1 (Light Blue, 2GB RAM, 32GB Storage) | Segment Best AI Dual Cam | 5000mAh Battery | Leather Texture Design | Andro... Redmi",/static/images/102.jpg,2050,2
1622,"EGate i9 Pro-Max 1080p Native Full HD Projector 4k Support | 4500 L (420 ANSI) | 210"" (533 cm) Large Screen | VGA, AV, HDM...",EGate,"EGate i9 Pro-Max 1080p Native Full HD Projector 4k Support | 4500 L (420 ANSI) | 210"" (533 cm) Large Screen | VGA, AV, HDM... EGate",/static/images/4.jpg,1443,1
1426,"Amazon Basics HL-007347 HDMI Input to DVI Output (Not VGA) Adapter Cable, 6 Feet, Black",Amazon,"Amazon Basics HL-007347 HDMI Input to DVI Output (Not VGA) Adapter Cable, 6 Feet, Black Amazon",/static/images/3645.jpg,1184,1
514,"Noise Pulse 2 Max Advanced Bluetooth Calling Smart Watch with 1.85'' TFT and 550 Nits Brightness, Smart DND, 10 Days Batte...",Noise,"Noise Pulse 2 Max Advanced Bluetooth Calling Smart Watch with 1.85'' TFT and 550 Nits Brightness, Smart DND, 10 Days Batte... Noise",/static/images/1882.jpg,398,4
613,"Duracell Rechargeable AA 1300mAh Batteries, 4Pcs",Duracell,"Duracell Rechargeable AA 1300mAh Batteries, 4Pcs Duracell",/static/images/2059.jpg,2662,5
520,"AmazonBasics Expanding File Folder, Letter Size (Fits A4 Paper) - Black - with 13 pockets",AmazonBasics,"AmazonBasics Expanding File Folder, Letter Size (Fits A4 Paper) - Black - with 13 pockets AmazonBasics",/static/images/189.jpg,1606,2
2296,"LAPSTER HDMI Switch Splitter, 2 Port Bi-Directional Manual HDMI Switch 2 in 1 Out or 1 in 2 Out Splitter Supports 4K 2K 3D...",LAPSTER,"LAPSTER HDMI Switch Splitter, 2 Port Bi-Directional Manual HDMI Switch 2 in 1 Out or 1 in 2 Out Splitter Supports 4K 2K 3D... LAPSTER",/static/images/834.jpg,4740,1
1825,"SUKHAD Audio Interface AMP iRig from for iPod Touch, iPhone, and iPad, 7 X 2 X 2 cm, Black and White",SUKHAD,"SUKHAD Audio Interface AMP iRig from for iPod Touch, iPhone, and iPad, 7 X 2 X 2 cm, Black and White SUKHAD",/static/images/4279.jpg,471,5
1224,Wesley Unisex Milestone Casual Waterproof Laptop Office School College Business Travel Backpack 25 L (Dimensions: 12.5x18 ...,Wesley,Wesley Unisex Milestone Casual Waterproof Laptop Office School College Business Travel Backpack 25 L (Dimensions: 12.5x18 ... Wesley,/static/images/3299.jpg,1396,2
229,"Redgear Shadow Spear Gaming Wired On Ear Headphones with Mic, 50Mm Drivers, Over-Ear Design, Omnidirectional and Breathing...",Redgear,"Redgear Shadow Spear Gaming Wired On Ear Headphones with Mic, 50Mm Drivers, Over-Ear Design, Omnidirectional and Breathing... Redgear",/static/images/1428.jpg,1312,2
2173,DeHMY 58MMx25Mtr(2Inch) Thermal Paper roll (Set of 10 Rolls) (58MMx25Mtr(2Inch)),DeHMY,DeHMY 58MMx25Mtr(2Inch) Thermal Paper roll (Set of 10 Rolls) (58MMx25Mtr(2Inch)) DeHMY,/static/images/6.jpg,4377,3
926,OneAssist 1 Year Extended Warranty Plan for Headphones 1001 to 2000 - Email Delivery Within 2 Hours,OneAssist,OneAssist 1 Year Extended Warranty Plan for Headphones 1001 to 2000 - Email Delivery Within 2 Hours OneAssist,/static/images/2542.jpg,1451,1
2168,"Prestige Popular Max 5 + 3 + 2 Litre Aluminium Outer Lid Pressure Cooker Combo Pack, 2 Lids, Silver, Large (11791)",Prestige,"Prestige Popular Max 5 + 3 + 2 Litre Aluminium Outer Lid Pressure Cooker Combo Pack, 2 Lids, Silver, Large (11791) Prestige",/static/images/551.jpg,2920,2
395,Gear Aspire 30L Water Restant Office Laptop Bag/Backpack for Men/Women/(Black),Gear,Gear Aspire 30L Water Restant Office Laptop Bag/Backpack for Men/Women/(Black) Gear,/static/images/1698.jpg,165,1
1573,OneAssist 2 Years Extended Warranty Plan for Headphones 1001 to 2000 - Email Delivery Within 2 Hours,OneAssist,OneAssist 2 Years Extended Warranty Plan for Headphones 1001 to 2000 - Email Delivery Within 2 Hours OneAssist,/static/images/3908.jpg,1161,5
1267,"Portronics Toad II Wireless Optical Mouse with Dual Connectivity 2.4 Ghz & Bluetooth 5.0, Rechargeable Battery, Adjustable...",Portronics,"Portronics Toad II Wireless Optical Mouse with Dual Connectivity 2.4 Ghz & Bluetooth 5.0, Rechargeable Battery, Adjustable... Portronics",/static/images/3395.jpg,4377,2
491,"Rapidotzz Band Straps - 3 Pcs (Unisex) | Removable Straps ONLY for Amazfit Bip, Amazfit GTS, Galaxy Watch Active 2, Gear S...",Rapidotzz,"Rapidotzz Band Straps - 3 Pcs (Unisex) | Removable Straps ONLY for Amazfit Bip, Amazfit GTS, Galaxy Watch Active 2, Gear S... Rapidotzz",/static/images/1838.jpg,4051,1
1594,Amozo Ultra Hybrid Camera and Drop Protection Back Cover Case for iPhone 13 (Polycarbonate| Back Transparent - Sides Black),Amozo,Amozo Ultra Hybrid Camera and Drop Protection Back Cover Case for iPhone 13 (Polycarbonate| Back Transparent - Sides Black) Amozo,/static/images/3974.jpg,3837,1
986,Wipro Flex Box with Universal Socket and 4 meter long cord,Wipro,Wipro Flex Box with Universal Socket and 4 meter long cord Wipro,/static/images/2692.jpg,1524,3
2359,DOMS Painting Kit,DOMS,DOMS Painting Kit DOMS,/static/images/950.jpg,4399,4
1637,"Tecno Spark 8T (Atlantic Blue, 4GB RAM,64GB Storage)| 50MP AI Camera | 7GB Expandable RAM",Tecno,"Tecno Spark 8T (Atlantic Blue, 4GB RAM,64GB Storage)| 50MP AI Camera | 7GB Expandable RAM Tecno",/static/images/4011.jpg,696,4
1845,"Samsung Guru Music 2 315 (GT-B315, Blue) (SM-B315EZBDINS)",Samsung,"Samsung Guru Music 2 315 (GT-B315, Blue) (SM-B315EZBDINS) Samsung",/static/images/4313.jpg,1920,4
2037,Spigen QS11 Quad Car Phone Holder Magnetic Air Vent Phone Holder | QNMP Compatible with Most Smartphones - Black,Spigen,Spigen QS11 Quad Car Phone Holder Magnetic Air Vent Phone Holder | QNMP Compatible with Most Smartphones - Black Spigen,/static/images/4764.jpg,3167,3
249,"Lenovo 300 Wired Plug & Play USB Mouse, High Resolution 1600 DPI Optical Sensor, 3-Button Design with clickable Scroll Whe...",Lenovo,"Lenovo 300 Wired Plug & Play USB Mouse, High Resolution 1600 DPI Optical Sensor, 3-Button Design with clickable Scroll Whe... Lenovo",/static/images/1474.jpg,4336,5
1289,"DIGITEK® (DLS-9FT) Lightweight & Portable Aluminum Alloy Light Stand for Ring Light, Reflector, Flash Units, Diffuser, Por...",DIGITEK®,"DIGITEK® (DLS-9FT) Lightweight & Portable Aluminum Alloy Light Stand for Ring Light, Reflector, Flash Units, Diffuser, Por... DIGITEK®",/static/images/3448.jpg,4700,2
664,DOMS X1 Pencil 10 Pcs,DOMS,DOMS X1 Pencil 10 Pcs DOMS,/static/images/2133.jpg,1761,4
704,Portronics Konnect L 1.2M POR-1401 Fast Charging 3A 8 Pin USB Cable with Charge & Sync Function (White),Portronics,Portronics Konnect L 1.2M POR-1401 Fast Charging 3A 8 Pin USB Cable with Charge & Sync Function (White) Portronics,/static/images/2221.jpg,3903,3
1287,"Amazon Basics Multipurpose Foldable Laptop Table with Mac Holder/Tab Holder | Table Holder Study Table, Breakfast Table, F...",Amazon,"Amazon Basics Multipurpose Foldable Laptop Table with Mac Holder/Tab Holder | Table Holder Study Table, Breakfast Table, F... Amazon",/static/images/3446.jpg,3669,1
1370,"Lava Yuva 2 Pro (Glass Lavender, 4GB RAM, 64GB Storage)| 2.3 Ghz Octa Core Helio G37| 13 MP AI Triple Camera |Fingerprint ...",Lava,"Lava Yuva 2 Pro (Glass Lavender, 4GB RAM, 64GB Storage)| 2.3 Ghz Octa Core Helio G37| 13 MP AI Triple Camera |Fingerprint ... Lava",/static/images/3576.jpg,390,2
1255,"Portronics Power Plate 5 1500W Power Converter with USB Charger & Mobile Holder 3AC Socket + 3USB Ports, 1.5 m Cord Length...",Portronics,"Portronics Power Plate 5 1500W Power Converter with USB Charger & Mobile Holder 3AC Socket + 3USB Ports, 1.5 m Cord Length... Portronics",/static/images/3377.jpg,3938,2
765,"realme narzo 50 5G (Hyper Blue, 4GB RAM+128GB Storage) Dimensity 810 5G Processor | 48MP Ultra HD Camera",realme,"realme narzo 50 5G (Hyper Blue, 4GB RAM+128GB Storage) Dimensity 810 5G Processor | 48MP Ultra HD Camera realme",/static/images/2302.jpg,1857,4
1819,"GIZGA essentials Webcam Cover, Privacy Protector Webcam Cover Slide, Compatible with Laptop, Desktop, PC, Smartphone, Prot...",GIZGA,"GIZGA essentials Webcam Cover, Privacy Protector Webcam Cover Slide, Compatible with Laptop, Desktop, PC, Smartphone, Prot... GIZGA",/static/images/4273.jpg,1971,3
479,"Mivi Roam 2 Bluetooth 5W Portable Speaker,24 Hours Playtime,Powerful Bass, Wireless Stereo Speaker with Studio Quality Sou...",Mivi,"Mivi Roam 2 Bluetooth 5W Portable Speaker,24 Hours Playtime,Powerful Bass, Wireless Stereo Speaker with Studio Quality Sou... Mivi",/static/images/1822.jpg,1669,2
637,"TP-Link AC750 Dual Band Wireless Cable Router, 4 10/100 LAN + 10/100 WAN Ports, Support Guest Network and Parental Contro...",TP-Link,"TP-Link AC750 Dual Band Wireless Cable Router, 4 10/100 LAN + 10/100 WAN Ports, Support Guest Network and Parental Contro... TP-Link",/static/images/2106.jpg,4875,5
1590,MI Braided Type C 100cm Cable Black|Supports Upto 22.5 Fast Charging|Tangle Free Sturdy Built with Kevlar Protection|Suppo...,MI,MI Braided Type C 100cm Cable Black|Supports Upto 22.5 Fast Charging|Tangle Free Sturdy Built with Kevlar Protection|Suppo... MI,/static/images/3970.jpg,36,1
2144,"Samsung Galaxy M13 5G (Midnight Blue, 6GB, 128GB Storage) | 5000mAh Battery | Upto 12GB RAM with RAM Plus",Samsung,"Samsung Galaxy M13 5G (Midnight Blue, 6GB, 128GB Storage) | 5000mAh Battery | Upto 12GB RAM with RAM Plus Samsung",/static/images/5001.jpg,3798,4
1660,"Amazfit GTS2 Mini (New Version) Smart Watch with Always-on AMOLED Display, Alexa Built-in, SpO2, 14 Days' Battery Life, 68...",Amazfit,"Amazfit GTS2 Mini (New Version) Smart Watch with Always-on AMOLED Display, Alexa Built-in, SpO2, 14 Days' Battery Life, 68... Amazfit",/static/images/4033.jpg,623,1
410,"Zebronics Zeb-Power Wired USB Mouse, 3-Button, 1200 DPI Optical Sensor, Plug & Play, for Windows/Mac",Zebronics,"Zebronics Zeb-Power Wired USB Mouse, 3-Button, 1200 DPI Optical Sensor, Plug & Play, for Windows/Mac Zebronics",/static/images/1755.jpg,4763,5
2348,"Amazon Brand - Solimo Mobile Soft & Flexible Shockproof Back Cover with Cushioned Edges for Samsung Galaxy S20 FE, Transpa...",Amazon,"Amazon Brand - Solimo Mobile Soft & Flexible Shockproof Back Cover with Cushioned Edges for Samsung Galaxy S20 FE, Transpa... Amazon",/static/images/94.jpg,3672,1
20,"boAt Airdopes 121v2 in-Ear True Wireless Earbuds with Upto 14 Hours Playback, 8MM Drivers, Battery Indicators, Lightweight...",boAt,"boAt Airdopes 121v2 in-Ear True Wireless Earbuds with Upto 14 Hours Playback, 8MM Drivers, Battery Indicators, Lightweight... boAt",/static/images/1040.jpg,3976,5
373,"Callas Multipurpose Foldable Laptop Table with Cup Holder | Drawer | Mac Holder | Table Holder Study Table, Breakfast Tabl...",Callas,"Callas Multipurpose Foldable Laptop Table with Cup Holder | Drawer | Mac Holder | Table Holder Study Table, Breakfast Tabl... Callas",/static/images/1677.jpg,3677,5
0,"Redmi 10 Power (Power Black, 8GB RAM, 128GB Storage)",Redmi,"Redmi 10 Power (Power Black, 8GB RAM, 128GB Storage) Redmi",/static/images/0.jpg,2347,3
2187,"Casio FX-991MS 2nd Gen Non-Programmable Scientific Calculator, 401 Functions and 2-line Display, Black",Casio,"Casio FX-991MS 2nd Gen Non-Programmable Scientific Calculator, 401 Functions and 2-line Display, Black Casio",/static/images/618.jpg,2463,4
694,"Samsung Original Type C to C Cable - 3.28 Feet (1 Meter) Compatible with Smartphone,White",Samsung,"Samsung Original Type C to C Cable - 3.28 Feet (1 Meter) Compatible with Smartphone,White Samsung",/static/images/2211.jpg,4493,2
1589,"URBN 20000 mAh Lithium_Polymer 22.5W Super Fast Charging Ultra Compact Power Bank with Quick Charge & Power Delivery, Type...",URBN,"URBN 20000 mAh Lithium_Polymer 22.5W Super Fast Charging Ultra Compact Power Bank with Quick Charge & Power Delivery, Type... URBN",/static/images/397.jpg,4071,4
1720,Dr. Morepen ST01 Deluxe Stethoscope,Dr.,Dr. Morepen ST01 Deluxe Stethoscope Dr.,/static/images/4096.jpg,2608,2
1743,SupCares Edge to Edge Tempered Glass for Nothing Phone 1 (6.55 Inch) with Easy Self Installation Kit | Black,SupCares,SupCares Edge to Edge Tempered Glass for Nothing Phone 1 (6.55 Inch) with Easy Self Installation Kit | Black SupCares,/static/images/4123.jpg,1656,1
1796,EGOTUDE Ultra Hybrid Camera Lens Protection [Never Yellowing] Back Cover Case for iPhone 14 (Sierra Blue),EGOTUDE,EGOTUDE Ultra Hybrid Camera Lens Protection [Never Yellowing] Back Cover Case for iPhone 14 (Sierra Blue) EGOTUDE,/static/images/4209.jpg,3255,2
1108,"Gaiatop Mini Portable Fan, Powerful Hand Fan Dual Motors Personal Small Handheld Fan with Base, Cute Design 3 Speed Lightw...",Gaiatop,"Gaiatop Mini Portable Fan, Powerful Hand Fan Dual Motors Personal Small Handheld Fan with Base, Cute Design 3 Speed Lightw... Gaiatop",/static/images/2979.jpg,960,3
703,"Gizga Essentials Professional 6-in-1 Cleaning Kit for Cameras & Sensitive Electronics (Includes: Air Blower, Cotton Swabs,...",Gizga,"Gizga Essentials Professional 6-in-1 Cleaning Kit for Cameras & Sensitive Electronics (Includes: Air Blower, Cotton Swabs,... Gizga",/static/images/2220.jpg,3620,1
1592,"Samsung Galaxy M13 5G (Midnight Blue, 4GB, 64GB Storage) | 5000mAh Battery | Upto 8GB RAM with RAM Plus",Samsung,"Samsung Galaxy M13 5G (Midnight Blue, 4GB, 64GB Storage) | 5000mAh Battery | Upto 8GB RAM with RAM Plus Samsung",/static/images/3972.jpg,3670,3
140,"Sounce Fast Phone Charging Cable & Data Sync USB Cable Compatible for iPhone 13, 12,11, X, 8, 7, 6, 5, iPad Air, Pro, Mini...",Sounce,"Sounce Fast Phone Charging Cable & Data Sync USB Cable Compatible for iPhone 13, 12,11, X, 8, 7, 6, 5, iPad Air, Pro, Mini... Sounce",/static/images/1191.jpg,32,2
245,Duracell Chhota Power AA Battery Set of 10 Pcs,Duracell,Duracell Chhota Power AA Battery Set of 10 Pcs Duracell,/static/images/1469.jpg,52,5
830,CP PLUS 3 MP Full HD Smart Wi-fi CCTV Camera | 360° Pan & Tilt | View & Talk | Motion Alert | Night Vision | SD Card (Up t...,CP,CP PLUS 3 MP Full HD Smart Wi-fi CCTV Camera | 360° Pan & Tilt | View & Talk | Motion Alert | Night Vision | SD Card (Up t... CP,/static/images/2385.jpg,4012,1
854,"boAt Aavante Bar Orion Soundbar with 160W RMS Signature Sound, 2.1 CH, BT v5.3, Multi-Compatibility Modes, Wired Subwoofe...",boAt,"boAt Aavante Bar Orion Soundbar with 160W RMS Signature Sound, 2.1 CH, BT v5.3, Multi-Compatibility Modes, Wired Subwoofe... boAt",/static/images/2450.jpg,575,5
1533,"Samsung Galaxy M32 Prime Edition (Light Blue, 4GB RAM, 64GB)",Samsung,"Samsung Galaxy M32 Prime Edition (Light Blue, 4GB RAM, 64GB) Samsung",/static/images/3865.jpg,1870,3
427,"Redmi 11 Prime 5G (Chrome Silver, 4GB RAM 64GB ROM) | Prime Design | MTK Dimensity 700 | 50 MP Dual Cam | 5000mAh | 7 Band 5G",Redmi,"Redmi 11 Prime 5G (Chrome Silver, 4GB RAM 64GB ROM) | Prime Design | MTK Dimensity 700 | 50 MP Dual Cam | 5000mAh | 7 Band 5G Redmi",/static/images/1771.jpg,51,4
1802,"Carvaan Saregama Mini Kids - Pre-Loaded with Stories, Rhymes, Learnings, Mantras with Bluetooth/USB/Aux in-Out",Carvaan,"Carvaan Saregama Mini Kids - Pre-Loaded with Stories, Rhymes, Learnings, Mantras with Bluetooth/USB/Aux in-Out Carvaan",/static/images/4217.jpg,4235,4
1764,Wayona Usb Type C 65W 6Ft/2M Long Fast Charging Cable Compatible For Samsung S22 S20 Fe S21 Ultra A33 A53 A01 A73 A70 A51 ...,Wayona,Wayona Usb Type C 65W 6Ft/2M Long Fast Charging Cable Compatible For Samsung S22 S20 Fe S21 Ultra A33 A53 A01 A73 A70 A51 ... Wayona,/static/images/4169.jpg,1908,1
1247,"ZEBRONICS SD13 128GB SSD,Ultra Low Power Consumption, S.M.A.R.T. Thermal Management and Silent Operation.",ZEBRONICS,"ZEBRONICS SD13 128GB SSD,Ultra Low Power Consumption, S.M.A.R.T. Thermal Management and Silent Operation. ZEBRONICS",/static/images/3362.jpg,907,3
1755,Amazon Brand - Solimo Back Cover for OnePlus Nord (Silicone | Transparent),Amazon,Amazon Brand - Solimo Back Cover for OnePlus Nord (Silicone | Transparent) Amazon,/static/images/4160.jpg,4020,2
571,Cello Finegrip Ball Pen | Blue Ball Pens | Jar of 25 Units | Best Ball Pens for Smooth Writing | Ball Point Pen Set  | Pen...,Cello,Cello Finegrip Ball Pen | Blue Ball Pens | Jar of 25 Units | Best Ball Pens for Smooth Writing | Ball Point Pen Set  | Pen... Cello,/static/images/1987.jpg,2391,4
805,"Tecno Spark 8 Pro (Interstellar Black, 4GB RAM,64GB Storage) | 48MP Triple Camera | 33W Fast Charger",Tecno,"Tecno Spark 8 Pro (Interstellar Black, 4GB RAM,64GB Storage) | 48MP Triple Camera | 33W Fast Charger Tecno",/static/images/2361.jpg,732,1
30,"iQOO Z6 Lite 5G by vivo (Stellar Green, 6GB RAM, 128GB Storage) | World's First Snapdragon 4 Gen 1 | 120Hz Refresh Rate | ...",iQOO,"iQOO Z6 Lite 5G by vivo (Stellar Green, 6GB RAM, 128GB Storage) | World's First Snapdragon 4 Gen 1 | 120Hz Refresh Rate | ... iQOO",/static/images/1051.jpg,4580,2
1386,"Nataraj Gelix Gel Pens - Pack of 5, Blue",Nataraj,"Nataraj Gelix Gel Pens - Pack of 5, Blue Nataraj",/static/images/3594.jpg,3097,2
2028,"HP Deskjet 2723 AIO Printer, Copy, Scan, WiFi, Bluetooth, USB, Simple Setup Smart App, Ideal for Home.",HP,"HP Deskjet 2723 AIO Printer, Copy, Scan, WiFi, Bluetooth, USB, Simple Setup Smart App, Ideal for Home. HP",/static/images/4751.jpg,1656,4
1466,"KINGONE Wireless Charging Pencil (2nd Generation) for iPad with Magnetic and Tilt Sensitive, Palm Rejection, Compatible wi...",KINGONE,"KINGONE Wireless Charging Pencil (2nd Generation) for iPad with Magnetic and Tilt Sensitive, Palm Rejection, Compatible wi... KINGONE",/static/images/370.jpg,3090,2
383,"pTron Pride Lite HBE (High Bass Earphones) in Ear Wired Earphones with Mic, 10mm Powerful Driver for Stereo Audio, Noise C...",pTron,"pTron Pride Lite HBE (High Bass Earphones) in Ear Wired Earphones with Mic, 10mm Powerful Driver for Stereo Audio, Noise C... pTron",/static/images/1687.jpg,363,3
1305,"iQOO Neo 6 5G (Cyber Rage, 8GB RAM, 128GB Storage) | Only Snapdragon 870 in The Segment | 50% Charge in Just 12 Mins | 90 ...",iQOO,"iQOO Neo 6 5G (Cyber Rage, 8GB RAM, 128GB Storage) | Only Snapdragon 870 in The Segment | 50% Charge in Just 12 Mins | 90 ... iQOO",/static/images/3470.jpg,1307,5
895,TP-LINK WiFi Dongle 300 Mbps Mini Wireless Network USB Wi-Fi Adapter for PC Desktop Laptop(Supports Windows 11/10/8.1/8/7/...,TP-LINK,TP-LINK WiFi Dongle 300 Mbps Mini Wireless Network USB Wi-Fi Adapter for PC Desktop Laptop(Supports Windows 11/10/8.1/8/7/... TP-LINK,/static/images/2499.jpg,894,3
669,"boAt Newly Launched Aavante Bar Mystiq Soundbar with 100W RMS Signature Sound, 2.1 CH,Multi-Connectivity Modes,BT v5.3,Wir...",boAt,"boAt Newly Launched Aavante Bar Mystiq Soundbar with 100W RMS Signature Sound, 2.1 CH,Multi-Connectivity Modes,BT v5.3,Wir... boAt",/static/images/2162.jpg,3909,2
823,"boAt Rockerz 330ANC Bluetooth in Ear Neckband with mic, Crystal Bionic Sound Powered by Dirac Opteo, Active Noise Cancella...",boAt,"boAt Rockerz 330ANC Bluetooth in Ear Neckband with mic, Crystal Bionic Sound Powered by Dirac Opteo, Active Noise Cancella... boAt",/static/images/2378.jpg,3299,3
195,"JBL C50HI, Wired in Ear Headphones with Mic, One Button Multi-Function Remote, Lightweight & Comfortable fit (Blue)",JBL,"JBL C50HI, Wired in Ear Headphones with Mic, One Button Multi-Function Remote, Lightweight & Comfortable fit (Blue) JBL",/static/images/1370.jpg,4404,4
243,Wesley Milestone 2.0 Casual Waterproof Laptop Backpack/Office Bag/School Bag/College Bag/Business Bag/Travel Backpack (Dim...,Wesley,Wesley Milestone 2.0 Casual Waterproof Laptop Backpack/Office Bag/School Bag/College Bag/Business Bag/Travel Backpack (Dim... Wesley,/static/images/1467.jpg,237,5
1269,"Tarkan Portable Folding Laptop Desk for Bed, Lapdesk with Handle, Drawer, Cup & Mobile/Tablet Holder for Study, Eating, Wo...",Tarkan,"Tarkan Portable Folding Laptop Desk for Bed, Lapdesk with Handle, Drawer, Cup & Mobile/Tablet Holder for Study, Eating, Wo... Tarkan",/static/images/3397.jpg,361,2
1723,"Western Digital WD 1TB My Passport Portable Hard Disk Drive, USB 3.0 with  Automatic Backup, 256 Bit AES Hardware Encrypti...",Western,"Western Digital WD 1TB My Passport Portable Hard Disk Drive, USB 3.0 with  Automatic Backup, 256 Bit AES Hardware Encrypti... Western",/static/images/41.jpg,677,1
1803,New Fastrack Reflex Beat+ 1.69” UltraVU Display|500 Nits Brightness|60 Sports Modes|24*7 Heart Rate Monitor|SpO2 Monitor|S...,New,New Fastrack Reflex Beat+ 1.69” UltraVU Display|500 Nits Brightness|60 Sports Modes|24*7 Heart Rate Monitor|SpO2 Monitor|S... New,/static/images/4218.jpg,1407,2
1472,"MI Rechargeable Electric Toothbrush T100 for Adults with Dual Pro Mode & USB Fast Charging (White,Pack of 1)",MI,"MI Rechargeable Electric Toothbrush T100 for Adults with Dual Pro Mode & USB Fast Charging (White,Pack of 1) MI",/static/images/371.jpg,2299,2
416,"realme TechLife Buds T100 Bluetooth Truly Wireless in Ear Earbuds with mic, AI ENC for Calls, Google Fast Pair, 28 Hours T...",realme,"realme TechLife Buds T100 Bluetooth Truly Wireless in Ear Earbuds with mic, AI ENC for Calls, Google Fast Pair, 28 Hours T... realme",/static/images/1760.jpg,2657,2
341,"KINGONE Upgraded Stylus Pen, iPad Pencil, Ultra High Precision & Sensitivity, Palm Rejection, Prevents False ON/Off Touch,...",KINGONE,"KINGONE Upgraded Stylus Pen, iPad Pencil, Ultra High Precision & Sensitivity, Palm Rejection, Prevents False ON/Off Touch,... KINGONE",/static/images/1620.jpg,1986,3
712,"Nokia 2660 Flip 4G Volte keypad Phone with Dual SIM, Dual Screen, inbuilt MP3 Player & Wireless FM Radio | Black",Nokia,"Nokia 2660 Flip 4G Volte keypad Phone with Dual SIM, Dual Screen, inbuilt MP3 Player & Wireless FM Radio | Black Nokia",/static/images/2229.jpg,613,5
2163,"ZEBRONICS Zeb-V19Hd 18.5 Inch (46.99 Cm) Led Monitor with Supporting Hdmi, Vga Input, Hd 1366 X 768 Pixels, 16.7M Colors, ...",ZEBRONICS,"ZEBRONICS Zeb-V19Hd 18.5 Inch (46.99 Cm) Led Monitor with Supporting Hdmi, Vga Input, Hd 1366 X 768 Pixels, 16.7M Colors, ... ZEBRONICS",/static/images/546.jpg,773,3
2039,"SWAPKART Portable Flexible Adjustable Eye Protection USB LED Desk Light Table Lamp for Reading, Working on PC, Laptop, Pow...",SWAPKART,"SWAPKART Portable Flexible Adjustable Eye Protection USB LED Desk Light Table Lamp for Reading, Working on PC, Laptop, Pow... SWAPKART",/static/images/4766.jpg,2218,4
1413,Sounce Silicone Adjustable Watch Band Strap For Xiaomi Mi Band 3/ Mi Band 4 (Not Compatible For Mi Band 1/2),Sounce,Sounce Silicone Adjustable Watch Band Strap For Xiaomi Mi Band 3/ Mi Band 4 (Not Compatible For Mi Band 1/2) Sounce,/static/images/3624.jpg,3230,3
1162,"Portronics Konnect L 1.2Mtr, Fast Charging 3A Micro USB Cable with Charge & Sync Function (Grey)",Portronics,"Portronics Konnect L 1.2Mtr, Fast Charging 3A Micro USB Cable with Charge & Sync Function (Grey) Portronics",/static/images/3110.jpg,1651,4
1458,"Verilux® USB C Hub, 6 in 1 Aluminum Multiport Adapter with 4K@30Hz HDMI, PD 87W&USB C Data Transfer, USB 3.0/2.0 Port, SD/...",Verilux®,"Verilux® USB C Hub, 6 in 1 Aluminum Multiport Adapter with 4K@30Hz HDMI, PD 87W&USB C Data Transfer, USB 3.0/2.0 Port, SD/... Verilux®",/static/images/3687.jpg,3364,1
608,boAt Bassheads 105 Wired in Ear Earphones with Mic (Blue),boAt,boAt Bassheads 105 Wired in Ear Earphones with Mic (Blue) boAt,/static/images/2050.jpg,4746,4
1151,"boAt Newly Launched Rockerz 378 Bluetooth in Ear Neckband with Spatial Bionic Sound Tuned by THX, Beast™ Mode, ASAP™ Charg...",boAt,"boAt Newly Launched Rockerz 378 Bluetooth in Ear Neckband with Spatial Bionic Sound Tuned by THX, Beast™ Mode, ASAP™ Charg... boAt",/static/images/3097.jpg,567,4
2,"OnePlus Bullets Z2 Bluetooth Wireless in Ear Earphones with Mic, Bombastic Bass - 12.4 Mm Drivers, 10 Mins Charge - 20 Hrs...",OnePlus,"OnePlus Bullets Z2 Bluetooth Wireless in Ear Earphones with Mic, Bombastic Bass - 12.4 Mm Drivers, 10 Mins Charge - 20 Hrs... OnePlus",/static/images/10.jpg,512,4
2251,HP 103AD 2-Pack Toner Reload Kit (Black),HP,HP 103AD 2-Pack Toner Reload Kit (Black) HP,/static/images/717.jpg,4768,3
2026,"Hold Up 360°Rotatable and Retractable Car Phone Holder, Multifunctional Rearview Mirror Phone Holder [Upgraded] Universal ...",Hold,"Hold Up 360°Rotatable and Retractable Car Phone Holder, Multifunctional Rearview Mirror Phone Holder [Upgraded] Universal ... Hold",/static/images/4743.jpg,1183,1
1952,"ZEBRONICS Zeb-Companion 500 2.4GHz Wireless Keyboard and Mouse Set, USB Nano Receiver, Chiclet Keys, Ultra Silent, Power O...",ZEBRONICS,"ZEBRONICS Zeb-Companion 500 2.4GHz Wireless Keyboard and Mouse Set, USB Nano Receiver, Chiclet Keys, Ultra Silent, Power O... ZEBRONICS",/static/images/4525.jpg,1515,3
748,AmazonBasics AA Performance Alkaline Non-Rechargeable Batteries (20-Pack) - Appearance May Vary,AmazonBasics,AmazonBasics AA Performance Alkaline Non-Rechargeable Batteries (20-Pack) - Appearance May Vary AmazonBasics,/static/images/2288.jpg,4295,3
773,"boAt Xtend Pro with Advanced Dedicated Bluetooth Calling Chip, Dial Pad, 1.78” AMOLED Display, ASAP™(Fast) Charge, 700+ Ac...",boAt,"boAt Xtend Pro with Advanced Dedicated Bluetooth Calling Chip, Dial Pad, 1.78” AMOLED Display, ASAP™(Fast) Charge, 700+ Ac... boAt",/static/images/231.jpg,4305,3
725,"AmazonBasics microSDHC Memory Card with Full Size Adapter, A1, U1, Read Speed up to 98 MB/s, 32GB",AmazonBasics,"AmazonBasics microSDHC Memory Card with Full Size Adapter, A1, U1, Read Speed up to 98 MB/s, 32GB AmazonBasics",/static/images/2264.jpg,2829,4
2100,Pilot V5 Liquid Ink Roller Ball Pen - 1Blue + 1Black + 1Red,Pilot,Pilot V5 Liquid Ink Roller Ball Pen - 1Blue + 1Black + 1Red Pilot,/static/images/4880.jpg,4067,3
958,HP 805 Tri-Color Original Ink Cartridge,HP,HP 805 Tri-Color Original Ink Cartridge HP,/static/images/263.jpg,4020,5
1445,"HP 14s, 11th Gen Intel Core i3-1115G4, 8GB RAM/256GB SSD 14-inch(35.6 cm) Micro-Edge, Anti-Glare, FHD Laptop/Alexa Built-i...",HP,"HP 14s, 11th Gen Intel Core i3-1115G4, 8GB RAM/256GB SSD 14-inch(35.6 cm) Micro-Edge, Anti-Glare, FHD Laptop/Alexa Built-i... HP",/static/images/367.jpg,4287,5
1959,"Logitech M221 Wireless Mouse, Silent Buttons, 2.4 GHz with USB Mini Receiver, 1000 DPI Optical Tracking, 18-Month Battery ...",Logitech,"Logitech M221 Wireless Mouse, Silent Buttons, 2.4 GHz with USB Mini Receiver, 1000 DPI Optical Tracking, 18-Month Battery ... Logitech",/static/images/454.jpg,3798,3
1751,"SanDisk Extreme Pro microSD UHS I Card 128GB for 4K Video on Smartphones,Action Cams,Drones 200MB/s Read, 90MB/s Write",SanDisk,"SanDisk Extreme Pro microSD UHS I Card 128GB for 4K Video on Smartphones,Action Cams,Drones 200MB/s Read, 90MB/s Write SanDisk",/static/images/4155.jpg,2139,1
1519,Red Lemon Swisslook Polyester Bange Series 45L 15.6-inch Laptop Bags Backpack for Men and Women Waterproof USB Anti Theft ...,Red,Red Lemon Swisslook Polyester Bange Series 45L 15.6-inch Laptop Bags Backpack for Men and Women Waterproof USB Anti Theft ... Red,/static/images/3829.jpg,1877,5
2046,Original 65w Warp Charger for One Plus For OnePlus Nord CE 2 5G Original 65w Warp Charger for OnePlus 65 Watt Warp Chargin...,Original,Original 65w Warp Charger for One Plus For OnePlus Nord CE 2 5G Original 65w Warp Charger for OnePlus 65 Watt Warp Chargin... Original,/static/images/4773.jpg,992,5
1697,Cello Power Line Highlighter - Pack of 10 (Multicolor),Cello,Cello Power Line Highlighter - Pack of 10 (Multicolor) Cello,/static/images/4073.jpg,443,4
1303,"iQOO Neo 7 5G (Interstellar Black, 12GB RAM, 256GB Storage) | Dimensity 8200, only 4nm Processor in The Segment| 50% Charg...",iQOO,"iQOO Neo 7 5G (Interstellar Black, 12GB RAM, 256GB Storage) | Dimensity 8200, only 4nm Processor in The Segment| 50% Charg... iQOO",/static/images/3466.jpg,667,3
1780,POPIO Tempered Glass Screen Protector Compatible for iPhone 12 / iPhone 12 Pro with Case Friendly Edge to Edge Coverage an...,POPIO,POPIO Tempered Glass Screen Protector Compatible for iPhone 12 / iPhone 12 Pro with Case Friendly Edge to Edge Coverage an... POPIO,/static/images/4189.jpg,1019,2
1208,"STRIFF Spiral Cable Protector Cord Saver for Mac Charger, iPhone Charger, Wire Protector, Lightweight Durable Flexible Wir...",STRIFF,"STRIFF Spiral Cable Protector Cord Saver for Mac Charger, iPhone Charger, Wire Protector, Lightweight Durable Flexible Wir... STRIFF",/static/images/3205.jpg,3470,3
1407,PC SQUARE Laptop Tabletop Stand/ Computer Tablet Stand 6 Angles Adjustable Aluminum Ergonomic Foldable Portable Desktop Ho...,PC,PC SQUARE Laptop Tabletop Stand/ Computer Tablet Stand 6 Angles Adjustable Aluminum Ergonomic Foldable Portable Desktop Ho... PC,/static/images/3618.jpg,762,1
995,"Sony HT-S20R Real 5.1ch Dolby Digital Soundbar for TV with subwoofer and Compact Rear Speakers, 5.1ch Home Theatre System...",Sony,"Sony HT-S20R Real 5.1ch Dolby Digital Soundbar for TV with subwoofer and Compact Rear Speakers, 5.1ch Home Theatre System... Sony",/static/images/2704.jpg,1279,2
1464,iPhone Fast Charger Original 20W Charger Compatible with Apple iPhone for 13/13 Mini/13Pro/13 Pro Max I-Phone 12/12 Pro/12...,iPhone,iPhone Fast Charger Original 20W Charger Compatible with Apple iPhone for 13/13 Mini/13Pro/13 Pro Max I-Phone 12/12 Pro/12... iPhone,/static/images/3696.jpg,2579,1
2317,Apsara Non Dust Erasers - Pack of 20,Apsara,Apsara Non Dust Erasers - Pack of 20 Apsara,/static/images/86.jpg,793,4
1433,"Fire-Boltt Dagger 1.43"" AMOLED Display Smartwatch, 96% Screen to Body Ratio with Single BT Bluetooth Calling, IP68, Dual B...",Fire-Boltt,"Fire-Boltt Dagger 1.43"" AMOLED Display Smartwatch, 96% Screen to Body Ratio with Single BT Bluetooth Calling, IP68, Dual B... Fire-Boltt",/static/images/3653.jpg,623,2
594,"Sony WI-XB400 Wireless Extra Bass in-Ear Headphones with 15 hrs Battery, Quick Charge, Magnetic Earbuds, Tangle Free Cord,...",Sony,"Sony WI-XB400 Wireless Extra Bass in-Ear Headphones with 15 hrs Battery, Quick Charge, Magnetic Earbuds, Tangle Free Cord,... Sony",/static/images/2010.jpg,3992,3
5,"Redmi 10 Power (Sporty Orange, 8GB RAM, 128GB Storage)",Redmi,"Redmi 10 Power (Sporty Orange, 8GB RAM, 128GB Storage) Redmi",/static/images/1001.jpg,1729,1
1614,URBN Type-C USB 3.4 Amp | 25W Fast Charging Cable for Smartphone | Unbreakable Rugged & Nylon Braided | Quick Charge (QC) ...,URBN,URBN Type-C USB 3.4 Amp | 25W Fast Charging Cable for Smartphone | Unbreakable Rugged & Nylon Braided | Quick Charge (QC) ... URBN,/static/images/3992.jpg,1490,3
1252,"PTron Bassbuds Plus in Ear True Wireless Stereo Earbuds with Mic, Deep Bass, Voice Assistance, IPX4 Sweat & Water Resistan...",PTron,"PTron Bassbuds Plus in Ear True Wireless Stereo Earbuds with Mic, Deep Bass, Voice Assistance, IPX4 Sweat & Water Resistan... PTron",/static/images/3374.jpg,705,5
1344,Spigen Ultra Hybrid Back Cover Case for iPhone 13 (TPU + Poly Carbonate | Crystal Clear),Spigen,Spigen Ultra Hybrid Back Cover Case for iPhone 13 (TPU + Poly Carbonate | Crystal Clear) Spigen,/static/images/3516.jpg,3309,5
1134,"Offbeat RIPJAW 2.4Ghz Rechargeable Wireless Gaming Mouse, Silent Click Buttons Mouse - 7D Buttons, DPI : 1600,2400,3200, M...",Offbeat,"Offbeat RIPJAW 2.4Ghz Rechargeable Wireless Gaming Mouse, Silent Click Buttons Mouse - 7D Buttons, DPI : 1600,2400,3200, M... Offbeat",/static/images/3024.jpg,65,3
134,"Mi Beard Trimmer for men, full body Waterproof IPX7, 90 mins runtime, Fast Charging, 40 length settings, cordless+ corded ...",Mi,"Mi Beard Trimmer for men, full body Waterproof IPX7, 90 mins runtime, Fast Charging, 40 length settings, cordless+ corded ... Mi",/static/images/1186.jpg,4624,3
1447,"Tecno POP 6 Pro (Peaceful Blue, 2GB RAM,32GB Storage) | Front Flash | 8MP Dual Camera",Tecno,"Tecno POP 6 Pro (Peaceful Blue, 2GB RAM,32GB Storage) | Front Flash | 8MP Dual Camera Tecno",/static/images/3671.jpg,1835,3
2371,Needle CMYK Refill Kit with Suction Tool Combo Pack of High Yield Inkjet Cartridge Ink Refill Compatible for HP and Canon ...,Needle,Needle CMYK Refill Kit with Suction Tool Combo Pack of High Yield Inkjet Cartridge Ink Refill Compatible for HP and Canon ... Needle,/static/images/968.jpg,2931,2
1461,SupCares Edge to Edge Tempered Glass for iQOO Neo 6 5G / iQOO Neo 6 SE 5G / iQOO 9 SE 5G / iQOO 7 5G / iQOO 7 Legend 5G (...,SupCares,SupCares Edge to Edge Tempered Glass for iQOO Neo 6 5G / iQOO Neo 6 SE 5G / iQOO 9 SE 5G / iQOO 7 5G / iQOO 7 Legend 5G (... SupCares,/static/images/3690.jpg,4510,3
402,"JBL Tune 215BT, 16 Hrs Playtime with Quick Charge, in Ear Bluetooth Wireless Earphones with Mic, 12.5mm Premium Earbuds wi...",JBL,"JBL Tune 215BT, 16 Hrs Playtime with Quick Charge, in Ear Bluetooth Wireless Earphones with Mic, 12.5mm Premium Earbuds wi... JBL",/static/images/171.jpg,2818,2
511,Spigen Lithium Polymer 10000 mAh 3 in 1 Wireless Charging Power Bank with USB-A | USB-C 20W Fast Charging - Black,Spigen,Spigen Lithium Polymer 10000 mAh 3 in 1 Wireless Charging Power Bank with USB-A | USB-C 20W Fast Charging - Black Spigen,/static/images/188.jpg,1280,5
2321,Weird Wolf Mosquito Racket Bat with Lithium Battery (CE Certified) | USB Charging | Bright LED | All India Warranty (Purple),Weird,Weird Wolf Mosquito Racket Bat with Lithium Battery (CE Certified) | USB Charging | Bright LED | All India Warranty (Purple) Weird,/static/images/863.jpg,1696,3
614,"3M Scotch Scissors | 6"" Multipurpose | Comfort Grip Handle and Stainless Steel Blades | Paper, Photos, Crafts",3M,"3M Scotch Scissors | 6"" Multipurpose | Comfort Grip Handle and Stainless Steel Blades | Paper, Photos, Crafts 3M",/static/images/206.jpg,3920,2
2079,INEFABLE Mi Band 5 and 6 Straps Original for Mi Band M5 and M6 Wristband Strap Soft Silicone Adjustable Band Strap - Blac...,INEFABLE,INEFABLE Mi Band 5 and 6 Straps Original for Mi Band M5 and M6 Wristband Strap Soft Silicone Adjustable Band Strap - Blac... INEFABLE,/static/images/4831.jpg,3312,1
2235,"Quantum QHM7403D Spill-Resistant Wired USB Keyboard with 104 Keys, Rupee Symbol (₹), Hotkeys and 3 LED Function Keys Compa...",Quantum,"Quantum QHM7403D Spill-Resistant Wired USB Keyboard with 104 Keys, Rupee Symbol (₹), Hotkeys and 3 LED Function Keys Compa... Quantum",/static/images/7.jpg,4125,2
815,"ZEBRONICS Zeb-Buds C2 in Ear Type C Wired Earphones with Mic, Braided 1.2 Metre Cable, Metallic Design, 10mm Drivers, in L...",ZEBRONICS,"ZEBRONICS Zeb-Buds C2 in Ear Type C Wired Earphones with Mic, Braided 1.2 Metre Cable, Metallic Design, 10mm Drivers, in L... ZEBRONICS",/static/images/2370.jpg,3832,4
133,"Duracell USB Type C, 3A Braided Sync & Fast Charging Cable, 3.9 Ft (1.2M), QC 2.0/3.0 Ultra Fast Charging, Compatible with...",Duracell,"Duracell USB Type C, 3A Braided Sync & Fast Charging Cable, 3.9 Ft (1.2M), QC 2.0/3.0 Ultra Fast Charging, Compatible with... Duracell",/static/images/1184.jpg,4085,3
129,"PIDILITE Fevicryl Acrylic Colours Sunflower Kit (10 Colors x 15 ml) DIY Paint, Rich Pigment, Non-Craking Paint for Canvas,...",PIDILITE,"PIDILITE Fevicryl Acrylic Colours Sunflower Kit (10 Colors x 15 ml) DIY Paint, Rich Pigment, Non-Craking Paint for Canvas,... PIDILITE",/static/images/1180.jpg,840,1
331,"Boult Audio Z20 True Wireless in Ear Earbuds with Zen ENC Mic, 40H Playtime, Type-C Fast Charging, Made in India, 10mm Ric...",Boult,"Boult Audio Z20 True Wireless in Ear Earbuds with Zen ENC Mic, 40H Playtime, Type-C Fast Charging, Made in India, 10mm Ric... Boult",/static/images/1610.jpg,3354,5
1910,"10WeRun Id-116 Bluetooth Smartwatch Wireless Fitness Band for Boys, Girls, Men, Women & Kids | Sports Gym Watch for All Sm...",10WeRun,"10WeRun Id-116 Bluetooth Smartwatch Wireless Fitness Band for Boys, Girls, Men, Women & Kids | Sports Gym Watch for All Sm... 10WeRun",/static/images/4435.jpg,3696,1
2186,Faber-Castell Fabric Color - Pack of 6 (Assorted),Faber-Castell,Faber-Castell Fabric Color - Pack of 6 (Assorted) Faber-Castell,/static/images/617.jpg,1257,5
275,Duracell Plus AAA Rechargeable Batteries (750 mAh) Pack of 4,Duracell,Duracell Plus AAA Rechargeable Batteries (750 mAh) Pack of 4 Duracell,/static/images/1500.jpg,3467,5
488,"Ambrane Mobile Holding Tabletop Stand, 180 Perfect View, Height Adjustment, Wide Compatibility, Multipurpose, Anti-Skid De...",Ambrane,"Ambrane Mobile Holding Tabletop Stand, 180 Perfect View, Height Adjustment, Wide Compatibility, Multipurpose, Anti-Skid De... Ambrane",/static/images/1831.jpg,2083,2
1691,"Pigeon Basics Non Induction Base Nons tick Aluminium Cookware set, including Nonstick Dosa Tawa, Nonstick Kadai With Glass...",Pigeon,"Pigeon Basics Non Induction Base Nons tick Aluminium Cookware set, including Nonstick Dosa Tawa, Nonstick Kadai With Glass... Pigeon",/static/images/4065.jpg,1225,3
635,"Redmi Buds 3 Lite, True Wireless in Ear Earbuds with Mic, Bluetooth 5.2,IP54 Splash Resistant, Ultra-Light,Fast Charging &...",Redmi,"Redmi Buds 3 Lite, True Wireless in Ear Earbuds with Mic, Bluetooth 5.2,IP54 Splash Resistant, Ultra-Light,Fast Charging &... Redmi",/static/images/2104.jpg,4548,3
1487,"Faber-Castell Tri-Grip Brush - Round, Pack of 7 (Assorted)",Faber-Castell,"Faber-Castell Tri-Grip Brush - Round, Pack of 7 (Assorted) Faber-Castell",/static/images/3747.jpg,3636,4
2074,AEIDESS Tempered Glass Screen Protector Compatible For iPhone 12 and for iPhone 12 Pro with Edge to Edge Coverage and Easy...,AEIDESS,AEIDESS Tempered Glass Screen Protector Compatible For iPhone 12 and for iPhone 12 Pro with Edge to Edge Coverage and Easy... AEIDESS,/static/images/4826.jpg,256,1
1059,Google Pixel 6 Charger Original [Compatible] with Google Pixel 6 / Google Pixel 6A / Google Pixel 6 Pro Adapter/Google Pix...,Google,Google Pixel 6 Charger Original [Compatible] with Google Pixel 6 / Google Pixel 6A / Google Pixel 6 Pro Adapter/Google Pix... Google,/static/images/2867.jpg,3344,4
1335,Syga Two-Finger Silicone Pencil Grips for Kids Handwriting Pencil Holder for Children Preschoolers Writing Training Grip -...,Syga,Syga Two-Finger Silicone Pencil Grips for Kids Handwriting Pencil Holder for Children Preschoolers Writing Training Grip -... Syga,/static/images/3503.jpg,91,5
357,"pTron Tangent Duo Bluetooth 5.2 Wireless in Ear Earphones, 13mm Driver, Deep Bass, HD Calls, Fast Charging Type-C Neckban...",pTron,"pTron Tangent Duo Bluetooth 5.2 Wireless in Ear Earphones, 13mm Driver, Deep Bass, HD Calls, Fast Charging Type-C Neckban... pTron",/static/images/1660.jpg,3739,1
2120,boAt BassHeads 225 Special Edition in-Ear Wired Headphones with Mic (Blue),boAt,boAt BassHeads 225 Special Edition in-Ear Wired Headphones with Mic (Blue) boAt,/static/images/497.jpg,370,5
2171,7SEVEN® TCL Remote Control Smart TV RC802V Remote Compatible for TCL TV Remote Original 55EP680 40A325 49S6500 55P8S 55P8 ...,7SEVEN®,7SEVEN® TCL Remote Control Smart TV RC802V Remote Compatible for TCL TV Remote Original 55EP680 40A325 49S6500 55P8S 55P8 ... 7SEVEN®,/static/images/58.jpg,1596,1
1514,"KRISONS Cylender 4” Double Woofer 30W Multi-Media Bluetooth Party Speaker with Wired Mic for Karaoke, RGB Lights, USB, SD ...",KRISONS,"KRISONS Cylender 4” Double Woofer 30W Multi-Media Bluetooth Party Speaker with Wired Mic for Karaoke, RGB Lights, USB, SD ... KRISONS",/static/images/3823.jpg,4443,2
1122,Faber-Castell Fine Textliner - Pack of 5 (Assorted),Faber-Castell,Faber-Castell Fine Textliner - Pack of 5 (Assorted) Faber-Castell,/static/images/3000.jpg,2800,4
189,"Havells 240V 6A Four-Way 1440W Extension Board With Wire (White)- 1.5 Metre Cable, 10 Volt, 4 Universal sockets with Maste...",Havells,"Havells 240V 6A Four-Way 1440W Extension Board With Wire (White)- 1.5 Metre Cable, 10 Volt, 4 Universal sockets with Maste... Havells",/static/images/1316.jpg,55,3
2319,"FEDUS Cat6 Ethernet Cable, 20 Meter High Speed 550MHZ / 10 Gigabit Speed UTP LAN Cable, Network Cable Internet Cable RJ45 ...",FEDUS,"FEDUS Cat6 Ethernet Cable, 20 Meter High Speed 550MHZ / 10 Gigabit Speed UTP LAN Cable, Network Cable Internet Cable RJ45 ... FEDUS",/static/images/861.jpg,3233,1
1503,"APC Back-UPS BX1100C-IN 1100VA / 660W, 230V, UPS System, An ideal Power Backup & Protection for Home Office, Desktop PC & ...",APC,"APC Back-UPS BX1100C-IN 1100VA / 660W, 230V, UPS System, An ideal Power Backup & Protection for Home Office, Desktop PC & ... APC",/static/images/3764.jpg,2654,3
652,"iQOO Z6 5G by vivo (Dynamo Black, 4GB RAM, 128GB Storage) | Snapdragon 695-6nm Processor | 120Hz FHD+ Display | 5000mAh Ba...",iQOO,"iQOO Z6 5G by vivo (Dynamo Black, 4GB RAM, 128GB Storage) | Snapdragon 695-6nm Processor | 120Hz FHD+ Display | 5000mAh Ba... iQOO",/static/images/2120.jpg,4683,5
2334,Onsitego 1 Year Extended Warranty for Small Household Appliances from Rs. 6001-7000 (Email Delivery - No Physical Kit),Onsitego,Onsitego 1 Year Extended Warranty for Small Household Appliances from Rs. 6001-7000 (Email Delivery - No Physical Kit) Onsitego,/static/images/882.jpg,4318,4
2228,"Lenovo Q-Series 24 Inch (60.5Cm) 1920x1080 Pixels FHD IPS Monitor | Height Adjustment, 2X3W Speakers, 75Hz, AMD FreeSync, ...",Lenovo,"Lenovo Q-Series 24 Inch (60.5Cm) 1920x1080 Pixels FHD IPS Monitor | Height Adjustment, 2X3W Speakers, 75Hz, AMD FreeSync, ... Lenovo",/static/images/692.jpg,459,4
612,"Noise ColorFit Pulse 2: 1.8"" Biggest Display Smart Watch, 550 NITS Brightness, Sleek Metallic Body, HR, Sleep & Spo2 Monit...",Noise,"Noise ColorFit Pulse 2: 1.8"" Biggest Display Smart Watch, 550 NITS Brightness, Sleek Metallic Body, HR, Sleep & Spo2 Monit... Noise",/static/images/2058.jpg,2567,2
1378,Epson EcoTank L3250 A4 Wi-Fi All-in-One Ink Tank Printer Ink,Epson,Epson EcoTank L3250 A4 Wi-Fi All-in-One Ink Tank Printer Ink Epson,/static/images/3585.jpg,2918,4
970,Lunar's Bingo - 48 L Laptop Office/School/Travel/Business Backpack Water Resistant - Fits Up to 15.6 Inch Laptop Notebook ...,Lunar's,Lunar's Bingo - 48 L Laptop Office/School/Travel/Business Backpack Water Resistant - Fits Up to 15.6 Inch Laptop Notebook ... Lunar's,/static/images/2675.jpg,3604,5
681,Doms Neon Rubber Tipped HB/2 Graphite Pencils Box Pack | Non-Toxic | Free Sharpner Inside The Box | Easy & Smooth Sharpeni...,Doms,Doms Neon Rubber Tipped HB/2 Graphite Pencils Box Pack | Non-Toxic | Free Sharpner Inside The Box | Easy & Smooth Sharpeni... Doms,/static/images/2176.jpg,4609,4
1038,"HP Deskjet 2331 Colour Printer, Scanner and Copier for Home/Small Office, Compact Size, Reliable, Easy Set-Up Through HP S...",HP,"HP Deskjet 2331 Colour Printer, Scanner and Copier for Home/Small Office, Compact Size, Reliable, Easy Set-Up Through HP S... HP",/static/images/2813.jpg,2959,2
1574,"Fire-Boltt Visionary 1.78"" AMOLED Bluetooth Calling Smartwatch with 368 * 448 Pixel Resolution, Rotating Crown & 60Hz Refr...",Fire-Boltt,"Fire-Boltt Visionary 1.78"" AMOLED Bluetooth Calling Smartwatch with 368 * 448 Pixel Resolution, Rotating Crown & 60Hz Refr... Fire-Boltt",/static/images/3911.jpg,2351,2
2326,"Western Digital WD Blue SA510 SATA 500GB, Up to 560MB/s, 2.5 Inch/7 mm, 5Y Warranty, Internal Solid State Drive (SSD) (WDS...",Western,"Western Digital WD Blue SA510 SATA 500GB, Up to 560MB/s, 2.5 Inch/7 mm, 5Y Warranty, Internal Solid State Drive (SSD) (WDS... Western",/static/images/870.jpg,2486,5
1246,"DIGITEK® (DRL 12C) Professional (12 inch) LED Ring Light with Tripod Stand for Mobile Phones & Camera, 3 Temperature Mode ...",DIGITEK®,"DIGITEK® (DRL 12C) Professional (12 inch) LED Ring Light with Tripod Stand for Mobile Phones & Camera, 3 Temperature Mode ... DIGITEK®",/static/images/3334.jpg,633,3
1173,"Duracell Ultra Alkaline AA Batteries, Pack of 20",Duracell,"Duracell Ultra Alkaline AA Batteries, Pack of 20 Duracell",/static/images/3152.jpg,2242,1
489,"Tecno Spark 9 (Sky Mirror, 6GB RAM,128GB Storage) | 11GB Expandable RAM | Helio G37 Gaming Processor",Tecno,"Tecno Spark 9 (Sky Mirror, 6GB RAM,128GB Storage) | 11GB Expandable RAM | Helio G37 Gaming Processor Tecno",/static/images/1832.jpg,4456,5
127,Fujifilm Instax Mini Picture Format Film (20 Shots),Fujifilm,Fujifilm Instax Mini Picture Format Film (20 Shots) Fujifilm,/static/images/1179.jpg,3688,5
1418,"Noise ColorFit Pulse Grand Smart Watch with 1.69""(4.2cm) HD Display, 60 Sports Modes, 150 Watch Faces, Fast Charge, Spo2, ...",Noise,"Noise ColorFit Pulse Grand Smart Watch with 1.69""(4.2cm) HD Display, 60 Sports Modes, 150 Watch Faces, Fast Charge, Spo2, ... Noise",/static/images/3633.jpg,4728,3
1979,"Cosmic Byte Cyclone RGB Laptop Cooling Pad with 5 Fan, Adjustable Speed, USB Hub (Black/Blue)",Cosmic,"Cosmic Byte Cyclone RGB Laptop Cooling Pad with 5 Fan, Adjustable Speed, USB Hub (Black/Blue) Cosmic",/static/images/4640.jpg,4824,4
1053,"Luxor 5 Subject Single Ruled Notebook - A5 Size, 70 GSM, 300 Pages",Luxor,"Luxor 5 Subject Single Ruled Notebook - A5 Size, 70 GSM, 300 Pages Luxor",/static/images/286.jpg,310,3
182,SanDisk Ultra 128 GB USB 3.0 Pen Drive (Black),SanDisk,SanDisk Ultra 128 GB USB 3.0 Pen Drive (Black) SanDisk,/static/images/1307.jpg,1334,2
1177,Lenovo Casual Laptop Backpack B210 15.6-inch(39.6cm) Water Repellent Black,Lenovo,Lenovo Casual Laptop Backpack B210 15.6-inch(39.6cm) Water Repellent Black Lenovo,/static/images/3157.jpg,4958,3
891,Apple iPhone 13 (128GB) - Blue,Apple,Apple iPhone 13 (128GB) - Blue Apple,/static/images/2495.jpg,4079,1
1462,"Western Digital WD Green SATA 480GB, Up to 545MB/s, 2.5 Inch/7 mm, 3Y Warranty, Internal Solid State Drive (SSD) (WDS480G3...",Western,"Western Digital WD Green SATA 480GB, Up to 545MB/s, 2.5 Inch/7 mm, 3Y Warranty, Internal Solid State Drive (SSD) (WDS480G3... Western",/static/images/3692.jpg,3258,5
647,AmazonBasics AA Performance Alkaline Non-Rechargeable Batteries (8-Pack) - Appearance May Vary,AmazonBasics,AmazonBasics AA Performance Alkaline Non-Rechargeable Batteries (8-Pack) - Appearance May Vary AmazonBasics,/static/images/2116.jpg,2046,5
355,"Samsung Galaxy M04 Light Green, 4GB RAM, 128GB Storage | Upto 8GB RAM with RAM Plus | MediaTek Helio P35 | 5000 mAh Battery",Samsung,"Samsung Galaxy M04 Light Green, 4GB RAM, 128GB Storage | Upto 8GB RAM with RAM Plus | MediaTek Helio P35 | 5000 mAh Battery Samsung",/static/images/1658.jpg,3560,3
1511,WOW IMAGINE Shock Proof Clear Back Cover Case Mobile Cover for Samsung Galaxy M33 5G (Hard | Hybrid PC + TPU | Full Armour...,WOW,WOW IMAGINE Shock Proof Clear Back Cover Case Mobile Cover for Samsung Galaxy M33 5G (Hard | Hybrid PC + TPU | Full Armour... WOW,/static/images/3820.jpg,4479,1
295,"realme Buds Air 3S Bluetooth Truly Wireless in Ear Earbuds, 11mm Triple Titanium Driver, with Mic AI ENC for Calls, Dual D...",realme,"realme Buds Air 3S Bluetooth Truly Wireless in Ear Earbuds, 11mm Triple Titanium Driver, with Mic AI ENC for Calls, Dual D... realme",/static/images/1545.jpg,1119,1
2250,Tombow Fudenosuke Brush Pen 2 Pens Set,Tombow,Tombow Fudenosuke Brush Pen 2 Pens Set Tombow,/static/images/716.jpg,831,2
2302,Robustrion Anti-Scratch & Smudge Proof Tempered Glass Screen Protector for Realme Pad 10.4 inch,Robustrion,Robustrion Anti-Scratch & Smudge Proof Tempered Glass Screen Protector for Realme Pad 10.4 inch Robustrion,/static/images/841.jpg,251,5
1624,"Noise Fit Halo with Leather Strap, Bluetooth Calling Round Dial Smart Watch, 1.43"" AMOLED Display, Premium Metallic Build,...",Noise,"Noise Fit Halo with Leather Strap, Bluetooth Calling Round Dial Smart Watch, 1.43"" AMOLED Display, Premium Metallic Build,... Noise",/static/images/400.jpg,502,5
1760,"Logitech G102 USB Light Sync Gaming Mouse with Customizable RGB Lighting, 6 Programmable Buttons, Gaming Grade Sensor, 8K ...",Logitech,"Logitech G102 USB Light Sync Gaming Mouse with Customizable RGB Lighting, 6 Programmable Buttons, Gaming Grade Sensor, 8K ... Logitech",/static/images/4165.jpg,627,5
59,"Fire-Boltt Phoenix Pro 1.39"" Bluetooth Calling Smartwatch, AI Voice Assistant, Metal Body with 120+ Sports Modes, SpO2, He...",Fire-Boltt,"Fire-Boltt Phoenix Pro 1.39"" Bluetooth Calling Smartwatch, AI Voice Assistant, Metal Body with 120+ Sports Modes, SpO2, He... Fire-Boltt",/static/images/1081.jpg,4299,5
2291,Robustrion Smart Flexible Trifold Flip Stand Case Cover for iPad Air 5th Generation Cover/iPad Air 4th Generation iPad Air...,Robustrion,Robustrion Smart Flexible Trifold Flip Stand Case Cover for iPad Air 5th Generation Cover/iPad Air 4th Generation iPad Air... Robustrion,/static/images/829.jpg,1814,4
160,"Noise Buds VS104 in-Ear Truly Wireless Earbuds with 30H of Playtime, Instacharge(10 min=150 min), 13mm Driver, Mic, Hyper ...",Noise,"Noise Buds VS104 in-Ear Truly Wireless Earbuds with 30H of Playtime, Instacharge(10 min=150 min), 13mm Driver, Mic, Hyper ... Noise",/static/images/1285.jpg,1178,3
2052,ZEBRONICS Zeb-Duke1 Bluetooth Wireless Over Ear Headphones with Mic (Blue),ZEBRONICS,ZEBRONICS Zeb-Duke1 Bluetooth Wireless Over Ear Headphones with Mic (Blue) ZEBRONICS,/static/images/4802.jpg,154,5
2182,"BlueRigger Digital Optical Audio Toslink Cable (6 Feet / 1.8 Meter) With 8 Channel (7.1) Audio Support (for Home Theatre, ...",BlueRigger,"BlueRigger Digital Optical Audio Toslink Cable (6 Feet / 1.8 Meter) With 8 Channel (7.1) Audio Support (for Home Theatre, ... BlueRigger",/static/images/61.jpg,3110,2
766,"Noise ColorFit Ultra 2 Buzz 1.78"" AMOLED Bluetooth Calling Watch with 368 * 448px Always On Display, Premium Metallic Fini...",Noise,"Noise ColorFit Ultra 2 Buzz 1.78"" AMOLED Bluetooth Calling Watch with 368 * 448px Always On Display, Premium Metallic Fini... Noise",/static/images/2303.jpg,1843,3
1587,"Samsung Galaxy M32 Prime Edition (Black, 4GB RAM, 64GB)",Samsung,"Samsung Galaxy M32 Prime Edition (Black, 4GB RAM, 64GB) Samsung",/static/images/3968.jpg,1955,4
1515,AmazonBasics C Cell Everyday Alkaline Batteries (4-Pack),AmazonBasics,AmazonBasics C Cell Everyday Alkaline Batteries (4-Pack) AmazonBasics,/static/images/3824.jpg,1108,2
490,"Casio FX-82MS 2nd Gen Non-Programmable Scientific Calculator, 240 Functions and 2-line Display, Black",Casio,"Casio FX-82MS 2nd Gen Non-Programmable Scientific Calculator, 240 Functions and 2-line Display, Black Casio",/static/images/1834.jpg,100,2
784,"iQOO Z6 5G by vivo (Dynamo Black, 4GB RAM, 128GB Storage) | Snapdragon 695-6nm Processor | 120Hz FHD+ Display | Travel Ada...",iQOO,"iQOO Z6 5G by vivo (Dynamo Black, 4GB RAM, 128GB Storage) | Snapdragon 695-6nm Processor | 120Hz FHD+ Display | Travel Ada... iQOO",/static/images/232.jpg,3294,3
1209,"truke Newly Launched Buds A1 True Wireless Earbuds with 30dB Hybrid ANC, 48H Playtime, Quad-Mics with ENC, 3+1 EQ Modes, F...",truke,"truke Newly Launched Buds A1 True Wireless Earbuds with 30dB Hybrid ANC, 48H Playtime, Quad-Mics with ENC, 3+1 EQ Modes, F... truke",/static/images/3206.jpg,3761,1
1987,"TP-Link WiFi 6 AX1500 Mbps Archer AX10,Smart WiFi,Triple-Core CPU, Gigabit, Dual-Band OFDMA, MU-MIMO, Compatible with Alex...",TP-Link,"TP-Link WiFi 6 AX1500 Mbps Archer AX10,Smart WiFi,Triple-Core CPU, Gigabit, Dual-Band OFDMA, MU-MIMO, Compatible with Alex... TP-Link",/static/images/4654.jpg,2761,3
1719,"Fire-Boltt Ninja Fit Smartwatch Full Touch 1.69 & 120+ Sports Modes with IP68, Multi UI Screen, Over 100 Cloud Based Watch...",Fire-Boltt,"Fire-Boltt Ninja Fit Smartwatch Full Touch 1.69 & 120+ Sports Modes with IP68, Multi UI Screen, Over 100 Cloud Based Watch... Fire-Boltt",/static/images/4095.jpg,3028,1
1116,"Panasonic Eneloop CC55N Smart and Quick Charger for AA & AAA Rechargeable Batteries,Input AC100V‐240V 50‐60HZ,Charging Out...",Panasonic,"Panasonic Eneloop CC55N Smart and Quick Charger for AA & AAA Rechargeable Batteries,Input AC100V‐240V 50‐60HZ,Charging Out... Panasonic",/static/images/2987.jpg,4286,2
494,"Oppo Enco Air 2 Pro Bluetooth Truly Wireless in Ear Earbuds with Mic, Fast Charging & Up to 28Hrs - Grey",Oppo,"Oppo Enco Air 2 Pro Bluetooth Truly Wireless in Ear Earbuds with Mic, Fast Charging & Up to 28Hrs - Grey Oppo",/static/images/1840.jpg,1535,1
34,"boAt Airdopes 141 Pro True Wireless in Ear Earbuds with 45H Playtime, Quad Mics Enx Tech, 12mm Drivers, ASAP Charge, Beast...",boAt,"boAt Airdopes 141 Pro True Wireless in Ear Earbuds with 45H Playtime, Quad Mics Enx Tech, 12mm Drivers, ASAP Charge, Beast... boAt",/static/images/1055.jpg,1398,5
2040,POPIO Tempered Glass Screen Protector Compatible For iPhone XR/iPhone 11 with Edge to Edge Coverage and Easy Installation ...,POPIO,POPIO Tempered Glass Screen Protector Compatible For iPhone XR/iPhone 11 with Edge to Edge Coverage and Easy Installation ... POPIO,/static/images/4767.jpg,1015,5
284,Cello Bling Pastel Ball Pen | Blue Ball Pen | Jar of 25 Units | Best Ball Pens for Smooth Writing | Ball Point Pen Set | P...,Cello,Cello Bling Pastel Ball Pen | Blue Ball Pen | Jar of 25 Units | Best Ball Pens for Smooth Writing | Ball Point Pen Set | P... Cello,/static/images/1509.jpg,2339,1
2159,"Storite Professional 2 in 1 Screen Cleaning Kit for Laptops, Camera, Lens, TV, Monitor, Smartphone, Tablet (Includes: Clea...",Storite,"Storite Professional 2 in 1 Screen Cleaning Kit for Laptops, Camera, Lens, TV, Monitor, Smartphone, Tablet (Includes: Clea... Storite",/static/images/537.jpg,907,2
1364,"FEDUS Cat6 Ethernet Cable, 30 Meter High Speed 550MHZ / 10 Gigabit Speed UTP LAN Cable, Network Cable Internet Cable RJ45 ...",FEDUS,"FEDUS Cat6 Ethernet Cable, 30 Meter High Speed 550MHZ / 10 Gigabit Speed UTP LAN Cable, Network Cable Internet Cable RJ45 ... FEDUS",/static/images/3569.jpg,226,5
810,"Mi Step Out 12 L Mini Backpack (Small Size, Dark Blue, Water Repellant)",Mi,"Mi Step Out 12 L Mini Backpack (Small Size, Dark Blue, Water Repellant) Mi",/static/images/2366.jpg,2827,1
1834,"Dyazo USB Type C 3.1 /3.0 to USB A Female OTG Adapter Compatible with MacBook Pro / Air 2019 2018 2017, Galaxy S20 S20+ Ul...",Dyazo,"Dyazo USB Type C 3.1 /3.0 to USB A Female OTG Adapter Compatible with MacBook Pro / Air 2019 2018 2017, Galaxy S20 S20+ Ul... Dyazo",/static/images/4295.jpg,4411,4
2383,Scotch 3M Wall Safe Tape | 1 Roll with Dispenser | Holds Upto 14g | for Damage Free Mounting and Décor | Removes Without R...,Scotch,Scotch 3M Wall Safe Tape | 1 Roll with Dispenser | Holds Upto 14g | for Damage Free Mounting and Décor | Removes Without R... Scotch,/static/images/983.jpg,3926,1
528,"Tribit XSound Go 16W 5.0 Bluetooth Speaker with Loud Sound & Rich Bass, 24H Playtime, IPX7 Waterproof, Wireless Stereo Pai...",Tribit,"Tribit XSound Go 16W 5.0 Bluetooth Speaker with Loud Sound & Rich Bass, 24H Playtime, IPX7 Waterproof, Wireless Stereo Pai... Tribit",/static/images/19.jpg,1939,4
1339,"Beetel B17 Corded Landline Phone, Ringer Volume Control, LED for Ring Indication, Wall/Desk Mountable, Elegant Design,Clea...",Beetel,"Beetel B17 Corded Landline Phone, Ringer Volume Control, LED for Ring Indication, Wall/Desk Mountable, Elegant Design,Clea... Beetel",/static/images/3510.jpg,1152,1
15,boAt BassHeads 100 in-Ear Wired Headphones with Mic (Black),boAt,boAt BassHeads 100 in-Ear Wired Headphones with Mic (Black) boAt,/static/images/1035.jpg,2679,4
204,Zebronics Zeb-Companion 107 USB Wireless Keyboard and Mouse Set with Nano Receiver (Black),Zebronics,Zebronics Zeb-Companion 107 USB Wireless Keyboard and Mouse Set with Nano Receiver (Black) Zebronics,/static/images/1380.jpg,2594,5
1033,Crucial MX500 500GB 6.35 cm (2.5-inch) SSD,Crucial,Crucial MX500 500GB 6.35 cm (2.5-inch) SSD Crucial,/static/images/280.jpg,4465,4
782,SanDisk Extreme SD UHS I 64GB Card for 4K Video for DSLR and Mirrorless Cameras 170MB/s Read & 80MB/s Write,SanDisk,SanDisk Extreme SD UHS I 64GB Card for 4K Video for DSLR and Mirrorless Cameras 170MB/s Read & 80MB/s Write SanDisk,/static/images/2318.jpg,2743,4
2211,"Zebronics 300HB 4 Port USB 3.0 Hub with Hi-Speed Data Transfer, LED Indication, 15cm Cable, Backward Compatible, Multi Dev...",Zebronics,"Zebronics 300HB 4 Port USB 3.0 Hub with Hi-Speed Data Transfer, LED Indication, 15cm Cable, Backward Compatible, Multi Dev... Zebronics",/static/images/67.jpg,2674,5
487,Cuzor 12V Mini ups for WiFi Router | Power Backup up to 4 Hours | Replaceable Battery | Ups for Wi-Fi Router and Modem | U...,Cuzor,Cuzor 12V Mini ups for WiFi Router | Power Backup up to 4 Hours | Replaceable Battery | Ups for Wi-Fi Router and Modem | U... Cuzor,/static/images/183.jpg,4130,3
1609,MME 80MMx50Mtr.(3Inch) Cash Register Machine Thermal Paper Roll Set of 10 Rolls,MME,MME 80MMx50Mtr.(3Inch) Cash Register Machine Thermal Paper Roll Set of 10 Rolls MME,/static/images/3988.jpg,538,4
2027,Tommy Hilfiger Joshua 15 inch 21 Ltrs Light Grey Laptop Backpack (TH/JOSHUALAP07),Tommy,Tommy Hilfiger Joshua 15 inch 21 Ltrs Light Grey Laptop Backpack (TH/JOSHUALAP07) Tommy,/static/images/4749.jpg,2541,2
1711,Faber-Castell Fine Multi-Marker - Pack of 4 (Assorted),Faber-Castell,Faber-Castell Fine Multi-Marker - Pack of 4 (Assorted) Faber-Castell,/static/images/4087.jpg,3483,2
2308,"boAt Newly Launched Aavante Bar Tune Soundbar with 60W RMS Signature Sound, 2.0 Channel, Multi-Connectivity Modes, BT v5....",boAt,"boAt Newly Launched Aavante Bar Tune Soundbar with 60W RMS Signature Sound, 2.0 Channel, Multi-Connectivity Modes, BT v5.... boAt",/static/images/848.jpg,3148,1
1417,Ambrane Type-C to Micro USB OTG Adapter for 3A Fast Charging and Data Sync- Compatible with All Type-C Enabled Devices Blue,Ambrane,Ambrane Type-C to Micro USB OTG Adapter for 3A Fast Charging and Data Sync- Compatible with All Type-C Enabled Devices Blue Ambrane,/static/images/363.jpg,3784,2
509,"Nokia 110 Dual sim Keypad Phone with Wireless FM Radio, Free Earphone, Snake Game, Auto Call Recording, 1 Year Replacement...",Nokia,"Nokia 110 Dual sim Keypad Phone with Wireless FM Radio, Free Earphone, Snake Game, Auto Call Recording, 1 Year Replacement... Nokia",/static/images/1878.jpg,3213,4
1223,Navneet Youva | Primed Canvas Board for Acrylic and Oil Colour Painting | 10x12 inch | Pack of 3,Navneet,Navneet Youva | Primed Canvas Board for Acrylic and Oil Colour Painting | 10x12 inch | Pack of 3 Navneet,/static/images/3298.jpg,3851,1
1149,boAt Rockerz 261 in Ear Wireless Earphones with mic(Raging Red),boAt,boAt Rockerz 261 in Ear Wireless Earphones with mic(Raging Red) boAt,/static/images/3047.jpg,72,5
1093,Sounce 3.5 mm Headphone Jack Adapter Connector Only Supported Music Control Audio Adapter for iPhone 13Mini/13/13 Pro/13 P...,Sounce,Sounce 3.5 mm Headphone Jack Adapter Connector Only Supported Music Control Audio Adapter for iPhone 13Mini/13/13 Pro/13 P... Sounce,/static/images/2937.jpg,1138,3
1741,"LINC Pentonic Ball Point Pen | Tip Size 0.7 mm | Comfortable Grip | Ideal for Students and Professionals | For School, Off...",LINC,"LINC Pentonic Ball Point Pen | Tip Size 0.7 mm | Comfortable Grip | Ideal for Students and Professionals | For School, Off... LINC",/static/images/4121.jpg,2212,2
2149,"KYOSEI Dust-Filter Tempered Glass Compatible with iPhone 13/iPhone 13 Pro/iPhone 14(6.1""),with Speaker-Mesh,Edge-to-Edge C...",KYOSEI,"KYOSEI Dust-Filter Tempered Glass Compatible with iPhone 13/iPhone 13 Pro/iPhone 14(6.1""),with Speaker-Mesh,Edge-to-Edge C... KYOSEI",/static/images/5007.jpg,3681,5
174,"Mi Xiaomi 22.5W Fast USB Type C Charger Combo|Compatible for Mobile,Power Banks|Fast Charging|(Adapter + USB to Type C Cab...",Mi,"Mi Xiaomi 22.5W Fast USB Type C Charger Combo|Compatible for Mobile,Power Banks|Fast Charging|(Adapter + USB to Type C Cab... Mi",/static/images/1299.jpg,4442,3
1502,"Sony WF-C500 Truly Wireless Bluetooth Earbuds with 20Hrs Battery, True Wireless Earbuds with Mic for Phone Calls, Quick Ch...",Sony,"Sony WF-C500 Truly Wireless Bluetooth Earbuds with 20Hrs Battery, True Wireless Earbuds with Mic for Phone Calls, Quick Ch... Sony",/static/images/3763.jpg,956,3
250,"TP-Link USB WiFi Adapter for PC(TL-WN725N), N150 Wireless Network Adapter for Desktop - Nano Size WiFi Dongle Compatible w...",TP-Link,"TP-Link USB WiFi Adapter for PC(TL-WN725N), N150 Wireless Network Adapter for Desktop - Nano Size WiFi Dongle Compatible w... TP-Link",/static/images/1475.jpg,4133,1
1043,"realme Pad Mini WiFi Tablet | 3GB RAM 32GB ROM (Expandable), 22.1cm (8.7 inch) Cinematic Display | 6400 mAh Battery | Dual...",realme,"realme Pad Mini WiFi Tablet | 3GB RAM 32GB ROM (Expandable), 22.1cm (8.7 inch) Cinematic Display | 6400 mAh Battery | Dual... realme",/static/images/2820.jpg,4023,4
1816,Cleaner Kit for Airpods Pro and 1/2 Multifunction Cleaning Pen with Soft Brush for Bluetooth Earphones Case(White Color),Cleaner,Cleaner Kit for Airpods Pro and 1/2 Multifunction Cleaning Pen with Soft Brush for Bluetooth Earphones Case(White Color) Cleaner,/static/images/4242.jpg,1874,2
2114,"ZEBRONICS Zeb-County Bluetooth Speaker with Built-in FM Radio, Aux Input and Call Function (Grey)",ZEBRONICS,"ZEBRONICS Zeb-County Bluetooth Speaker with Built-in FM Radio, Aux Input and Call Function (Grey) ZEBRONICS",/static/images/490.jpg,2696,5
8,"Fire-Boltt Ninja Call Pro Plus 1.83"" Smart Watch with Bluetooth Calling, AI Voice Assistance, 100 Sports Modes IP67 Ratin...",Fire-Boltt,"Fire-Boltt Ninja Call Pro Plus 1.83"" Smart Watch with Bluetooth Calling, AI Voice Assistance, 100 Sports Modes IP67 Ratin... Fire-Boltt",/static/images/1006.jpg,4970,5
879,WeCool Moonwalk Mini Earbuds with Magnetic Charging Case IPX5 Wireless Earphones with Digital Battery Indicator for Crisp ...,WeCool,WeCool Moonwalk Mini Earbuds with Magnetic Charging Case IPX5 Wireless Earphones with Digital Battery Indicator for Crisp ... WeCool,/static/images/2479.jpg,255,3
1712,Duracell - 2032 3V Lithium Coin Battery - Long Lasting Battery - 2 Count,Duracell,Duracell - 2032 3V Lithium Coin Battery - Long Lasting Battery - 2 Count Duracell,/static/images/4088.jpg,2900,4
2146,"boAt Rockerz 330ANC Bluetooth in Ear Neckband with Mic, Crystal Bionic Sound Powered by Dirac Opteo, Active Noise Cancella...",boAt,"boAt Rockerz 330ANC Bluetooth in Ear Neckband with Mic, Crystal Bionic Sound Powered by Dirac Opteo, Active Noise Cancella... boAt",/static/images/5004.jpg,3739,4
2057,AEIDESS Tempered Glass Screen Protector Compatible for iPhone 11 with Edge to Edge Coverage and Easy Installation kit,AEIDESS,AEIDESS Tempered Glass Screen Protector Compatible for iPhone 11 with Edge to Edge Coverage and Easy Installation kit AEIDESS,/static/images/4807.jpg,2632,3
1046,"boAt LTG 650 Type C to Lightning Apple MFi Certified Cable with Spaceship Grade Aluminum Housing,3A Power Delivery Fast Ch...",boAt,"boAt LTG 650 Type C to Lightning Apple MFi Certified Cable with Spaceship Grade Aluminum Housing,3A Power Delivery Fast Ch... boAt",/static/images/2829.jpg,4502,5
2379,Artis ARTIS Mini 2.0 USB Multimedia Speakers (Black),Artis,Artis ARTIS Mini 2.0 USB Multimedia Speakers (Black) Artis,/static/images/977.jpg,2541,5
545,"JBL C200SI, Premium in Ear Wired Earphones with Mic, Signature Sound, One Button Multi-Function Remote, Angled Earbuds for...",JBL,"JBL C200SI, Premium in Ear Wired Earphones with Mic, Signature Sound, One Button Multi-Function Remote, Angled Earbuds for... JBL",/static/images/1915.jpg,1001,1
44,"ZEBRONICS Zeb-Bro in Ear Wired Earphones with Mic, 3.5mm Audio Jack, 10mm Drivers, Phone/Tablet Compatible(Black)",ZEBRONICS,"ZEBRONICS Zeb-Bro in Ear Wired Earphones with Mic, 3.5mm Audio Jack, 10mm Drivers, Phone/Tablet Compatible(Black) ZEBRONICS",/static/images/1064.jpg,108,5
1806,"SanDisk Cruzer Force USB Flash Drive, CZ71 32GB, USB2.0, Durable Metal Casing, 5Y",SanDisk,"SanDisk Cruzer Force USB Flash Drive, CZ71 32GB, USB2.0, Durable Metal Casing, 5Y SanDisk",/static/images/4223.jpg,3650,2
1779,Digiway 4 Universal Socket 3 Switch Multiplug Sockets Extension Board/Extension Cord,Digiway,Digiway 4 Universal Socket 3 Switch Multiplug Sockets Extension Board/Extension Cord Digiway,/static/images/4188.jpg,4992,1
2303,Ultra New Series Ultra Smart Watch Ultra Smartwatch Men Women Bluetooth Call Waterproof Wireless Charging HD Screen (Black),Ultra,Ultra New Series Ultra Smart Watch Ultra Smartwatch Men Women Bluetooth Call Waterproof Wireless Charging HD Screen (Black) Ultra,/static/images/842.jpg,4962,2
1104,"realme narzo 50A Prime (Flash Black, 4GB RAM+128GB Storage) FHD+ Display | 50MP AI Triple Camera (No Charger Variant)",realme,"realme narzo 50A Prime (Flash Black, 4GB RAM+128GB Storage) FHD+ Display | 50MP AI Triple Camera (No Charger Variant) realme",/static/images/2950.jpg,4279,5
2170,KILLER Louis 38L Large Laptop Backpack With 3 Compartments Polyester Trendy Waterproof Travel Backpack,KILLER,KILLER Louis 38L Large Laptop Backpack With 3 Compartments Polyester Trendy Waterproof Travel Backpack KILLER,/static/images/57.jpg,3599,4
632,Oraimo 18W USB & Type-C Dual Output Super Fast Charger Wall Adapter PE2.0&Quick Charge 3.0 & Power Delivery 3.0 Compatible...,Oraimo,Oraimo 18W USB & Type-C Dual Output Super Fast Charger Wall Adapter PE2.0&Quick Charge 3.0 & Power Delivery 3.0 Compatible... Oraimo,/static/images/2100.jpg,2046,1
1203,"ESR Screen Protector Compatible with iPad Pro 11 Inch (2022/2021/2020/2018) and iPad Air 5/4 (2022/2020, 10.9 Inch), Tempe...",ESR,"ESR Screen Protector Compatible with iPad Pro 11 Inch (2022/2021/2020/2018) and iPad Air 5/4 (2022/2020, 10.9 Inch), Tempe... ESR",/static/images/3197.jpg,993,3
1416,"Noise ColorFit Pulse 2: 1.8"" Biggest Display Smart Watch, 550 NITS Brightness, Sleek Metallic Body, HR, Sleep & Spo2 Monit...",Noise,"Noise ColorFit Pulse 2: 1.8"" Biggest Display Smart Watch, 550 NITS Brightness, Sleek Metallic Body, HR, Sleep & Spo2 Monit... Noise",/static/images/3627.jpg,58,3
130,boAt Bassheads 242 in Ear Wired Earphones with Mic(Active Black),boAt,boAt Bassheads 242 in Ear Wired Earphones with Mic(Active Black) boAt,/static/images/1181.jpg,2609,1
2084,"Belkin Apple Certified Lightning To Type C Cable, Tough Unbreakable Braided Fast Charging For Iphone, Ipad, Air Pods, 3.3 ...",Belkin,"Belkin Apple Certified Lightning To Type C Cable, Tough Unbreakable Braided Fast Charging For Iphone, Ipad, Air Pods, 3.3 ... Belkin",/static/images/4839.jpg,210,4
1804,"Ambrane 2 in 1 Type-C & Micro USB Cable with 60W / 3A Fast Charging, 480 mbps High Data, PD Technology & Quick Charge 3.0,...",Ambrane,"Ambrane 2 in 1 Type-C & Micro USB Cable with 60W / 3A Fast Charging, 480 mbps High Data, PD Technology & Quick Charge 3.0,... Ambrane",/static/images/4220.jpg,3887,4
593,"boAt Deuce USB 300 2 in 1 Type-C & Micro USB Stress Resistant, Sturdy Cable with 3A Fast Charging & 480mbps Data Transmiss...",boAt,"boAt Deuce USB 300 2 in 1 Type-C & Micro USB Stress Resistant, Sturdy Cable with 3A Fast Charging & 480mbps Data Transmiss... boAt",/static/images/201.jpg,3443,2
624,Canon CL57s Ink Cartridge,Canon,Canon CL57s Ink Cartridge Canon,/static/images/2091.jpg,1559,5
1332,"boAt Stone 1000 14W Bluetooth Speaker with 8 Hours Playback, Bluetooth v5.0 & IPX5(Black)",boAt,"boAt Stone 1000 14W Bluetooth Speaker with 8 Hours Playback, Bluetooth v5.0 & IPX5(Black) boAt",/static/images/35.jpg,2033,1
727,"Juarez JRZ100 Guitar Wall Hanger/Mount With Fittings/Accessories, Black",Juarez,"Juarez JRZ100 Guitar Wall Hanger/Mount With Fittings/Accessories, Black Juarez",/static/images/2266.jpg,2643,4
2158,"MI REDMI 9i Sport (Carbon Black, 64 GB) (4 GB RAM)",MI,"MI REDMI 9i Sport (Carbon Black, 64 GB) (4 GB RAM) MI",/static/images/534.jpg,3820,4
179,"Oppo Enco M32 Bluetooth Wireless in Ear Earbuds with Mic,10 Mins Charge - 20Hrs Music Fast Charge, 28Hrs Battery Life,10mm...",Oppo,"Oppo Enco M32 Bluetooth Wireless in Ear Earbuds with Mic,10 Mins Charge - 20Hrs Music Fast Charge, 28Hrs Battery Life,10mm... Oppo",/static/images/1304.jpg,2748,5
2011,ZHIZUKA Telescope Zoom 90X HD Focus Astronomical Refractor with Portable Tripod Stand. F36050M High Power TeleScope Gift f...,ZHIZUKA,ZHIZUKA Telescope Zoom 90X HD Focus Astronomical Refractor with Portable Tripod Stand. F36050M High Power TeleScope Gift f... ZHIZUKA,/static/images/4702.jpg,518,1
2299,Acer 126 cm (50 inches) H Series 4K Ultra HD Android Smart LED TV AR50AR2851UDPRO (Black),Acer,Acer 126 cm (50 inches) H Series 4K Ultra HD Android Smart LED TV AR50AR2851UDPRO (Black) Acer,/static/images/839.jpg,2982,3
113,"pTron Bullet Pro 36W PD Quick Charger, 3 Port Fast Car Charger Adapter - Compatible with All Smartphones & Tablets (Black)",pTron,"pTron Bullet Pro 36W PD Quick Charger, 3 Port Fast Car Charger Adapter - Compatible with All Smartphones & Tablets (Black) pTron",/static/images/1143.jpg,4449,1
224,"Zebronics ZEB-90HB USB Hub, 4 Ports, Pocket Sized, Plug & Play, for Laptop & Computers",Zebronics,"Zebronics ZEB-90HB USB Hub, 4 Ports, Pocket Sized, Plug & Play, for Laptop & Computers Zebronics",/static/images/1423.jpg,4756,5
2323,"CEDO 25W Dual Port (USB A + USB C) 25W PD + 18W QC Quick Charge Wall Charger Travel Adapter for Samsung M33,M53,F23, Flip...",CEDO,"CEDO 25W Dual Port (USB A + USB C) 25W PD + 18W QC Quick Charge Wall Charger Travel Adapter for Samsung M33,M53,F23, Flip... CEDO",/static/images/868.jpg,3883,5
776,"boAt WCDV 20W Wall Charger with Fast Charging for PD Devices, Smart IC Protection, Auto Detection and Corrosion Resistant ...",boAt,"boAt WCDV 20W Wall Charger with Fast Charging for PD Devices, Smart IC Protection, Auto Detection and Corrosion Resistant ... boAt",/static/images/2312.jpg,3214,3
2369,"HP 15s, AMD Athlon Silver 3050U 8GB RAM/512GB SSD 15.6-inches/39.6 cm HD, Micro-Edge Display/Windows 11/AMD Radeon Graphic...",HP,"HP 15s, AMD Athlon Silver 3050U 8GB RAM/512GB SSD 15.6-inches/39.6 cm HD, Micro-Edge Display/Windows 11/AMD Radeon Graphic... HP",/static/images/963.jpg,1000,4
1465,"OTOROYS Metal CNC Bike Mount Holder Navigation 360 Degree Rotation Mirror Cradle for All Smartphones Bicycle, Motorcycle, ...",OTOROYS,"OTOROYS Metal CNC Bike Mount Holder Navigation 360 Degree Rotation Mirror Cradle for All Smartphones Bicycle, Motorcycle, ... OTOROYS",/static/images/37.jpg,2130,4
821,"Lava Hero 600i (Sapphire Blue) with Sleek and Stylish Design, 10 Regional Languages Input Support, Auto Call Recording, Wi...",Lava,"Lava Hero 600i (Sapphire Blue) with Sleek and Stylish Design, 10 Regional Languages Input Support, Auto Call Recording, Wi... Lava",/static/images/2376.jpg,4755,5
537,"Boult Audio FXCharge Wireless in Ear Bluetooth Neckband with ENC Mic, 32H Playtime, Type-C Fast Charging (5Mins=7.5Hrs Pla...",Boult,"Boult Audio FXCharge Wireless in Ear Bluetooth Neckband with ENC Mic, 32H Playtime, Type-C Fast Charging (5Mins=7.5Hrs Pla... Boult",/static/images/1908.jpg,1382,3
796,"INOVERA World Map Extended Anti Slip Rubber Gaming Stitched Mouse Pad Desk Mat for Computer Laptop (Black, 900L x 400B x 2...",INOVERA,"INOVERA World Map Extended Anti Slip Rubber Gaming Stitched Mouse Pad Desk Mat for Computer Laptop (Black, 900L x 400B x 2... INOVERA",/static/images/2353.jpg,737,3
1039,"HP 682 Tri-Color Original Ink Cartridge, Compatible 2335, 2338,2776,2778,6075, 4178 Printer Models",HP,"HP 682 Tri-Color Original Ink Cartridge, Compatible 2335, 2338,2776,2778,6075, 4178 Printer Models HP",/static/images/2814.jpg,764,4
1713,"HP Deskjet 1212 Printer for Home for Dependable Printing, Simple Setup for Everyday Usage, Ideal for Home.",HP,"HP Deskjet 1212 Printer for Home for Dependable Printing, Simple Setup for Everyday Usage, Ideal for Home. HP",/static/images/4089.jpg,523,2
975,"ProElite Faux Leather Smart Flip Case Cover for Apple iPad 10.2"" 9th Gen (2021) / 8th Gen / 7th Gen with Stylus Pen, Black",ProElite,"ProElite Faux Leather Smart Flip Case Cover for Apple iPad 10.2"" 9th Gen (2021) / 8th Gen / 7th Gen with Stylus Pen, Black ProElite",/static/images/2681.jpg,2824,2
845,"OLICOM M1 Smart Watch Id-116 Bluetooth Smartwatch Wireless Fitness Band for Boys, Girls, Men, Women & Kids | Sports Gym Wa...",OLICOM,"OLICOM M1 Smart Watch Id-116 Bluetooth Smartwatch Wireless Fitness Band for Boys, Girls, Men, Women & Kids | Sports Gym Wa... OLICOM",/static/images/2399.jpg,3083,2
2230,"Quantum QHM-7406 Full-Sized Keyboard with (₹) Rupee Symbol, Hotkeys and 3-pieces LED function for Desktop/Laptop/Smart TV ...",Quantum,"Quantum QHM-7406 Full-Sized Keyboard with (₹) Rupee Symbol, Hotkeys and 3-pieces LED function for Desktop/Laptop/Smart TV ... Quantum",/static/images/694.jpg,2651,1
871,20W 20 WATT 7MM HOT MELT Glue Gun with ON Off Switch and LED Indicator (Free 10 Transparent Glue Sticks),20W,20W 20 WATT 7MM HOT MELT Glue Gun with ON Off Switch and LED Indicator (Free 10 Transparent Glue Sticks) 20W,/static/images/247.jpg,2170,5
1262,"Amazon Basics USB 2.0 Cable - A-Male to Mini-B - 6 Feet (1.8 Meters),Black",Amazon,"Amazon Basics USB 2.0 Cable - A-Male to Mini-B - 6 Feet (1.8 Meters),Black Amazon",/static/images/3385.jpg,4253,4
315,Syska 4 Way Power Plug Adapter (White) (1),Syska,Syska 4 Way Power Plug Adapter (White) (1) Syska,/static/images/1594.jpg,3078,4
1545,GreatDio® Transparent Envelope Folder | Poly-Plastic A4 Documents File Storage Bag with Snap Button | Document Folder for ...,GreatDio®,GreatDio® Transparent Envelope Folder | Poly-Plastic A4 Documents File Storage Bag with Snap Button | Document Folder for ... GreatDio®,/static/images/3879.jpg,2632,4
257,"TP-Link TL-WA850RE Single_Band 300Mbps RJ45 Wireless Range Extender, Broadband/Wi-Fi Extender, Wi-Fi Booster/Hotspot with ...",TP-Link,"TP-Link TL-WA850RE Single_Band 300Mbps RJ45 Wireless Range Extender, Broadband/Wi-Fi Extender, Wi-Fi Booster/Hotspot with ... TP-Link",/static/images/1483.jpg,360,3
2355,"Ambrane 45W BoostedSpeed Type-C Port Fast Charger with Power Delivery, Type-C Lightning Laptop Charging, Made in India, iP...",Ambrane,"Ambrane 45W BoostedSpeed Type-C Port Fast Charger with Power Delivery, Type-C Lightning Laptop Charging, Made in India, iP... Ambrane",/static/images/947.jpg,1623,4
1904,Cello Technotip Ball Pen Set (Pack of 10 pens - Black) | Lightweight ball pens for pressure free & fine writing | Exam pen...,Cello,Cello Technotip Ball Pen Set (Pack of 10 pens - Black) | Lightweight ball pens for pressure free & fine writing | Exam pen... Cello,/static/images/4425.jpg,1547,4
2180,XP-PEN Deco Mini 7 Graphics Tablet 17.78 cm x 11.09 cm (7 x 4.37 inches) Pen Tablet with 8192 Levels Pressure Sensitivity ...,XP-PEN,XP-PEN Deco Mini 7 Graphics Tablet 17.78 cm x 11.09 cm (7 x 4.37 inches) Pen Tablet with 8192 Levels Pressure Sensitivity ... XP-PEN,/static/images/607.jpg,3443,4
774,Fastrack Reflex Vox Smartwatch|Alexa Built-In|Bright HD Display|Upto 10 Days Battery|5 ATM Water Resistance|Multiple Sport...,Fastrack,Fastrack Reflex Vox Smartwatch|Alexa Built-In|Bright HD Display|Upto 10 Days Battery|5 ATM Water Resistance|Multiple Sport... Fastrack,/static/images/2310.jpg,1203,1
2195,"AmazonBasics USB Type-C to USB Type-C 2.0 Fast Charging Cable for Smartphone, Laptop - 6 Feet (1.8 Meters), White",AmazonBasics,"AmazonBasics USB Type-C to USB Type-C 2.0 Fast Charging Cable for Smartphone, Laptop - 6 Feet (1.8 Meters), White AmazonBasics",/static/images/629.jpg,4856,4
1421,"CASE U Upgraded Stylus Pen for Apple iPad (2022-2018), Stylus Pencil, Quick Charge with Power Display, iPad Pencil, Magnet...",CASE,"CASE U Upgraded Stylus Pen for Apple iPad (2022-2018), Stylus Pencil, Quick Charge with Power Display, iPad Pencil, Magnet... CASE",/static/images/3638.jpg,3896,3
1210,boAt Bassheads 242 in Ear Wired Earphones with Mic(Orange),boAt,boAt Bassheads 242 in Ear Wired Earphones with Mic(Orange) boAt,/static/images/3208.jpg,794,4
1167,Wayona USB Type C Fast Charger Cable Fast Charging USB C Cable/Cord Compatible for Samsung Galaxy S10e S10 S9 S8 Plus S1...,Wayona,Wayona USB Type C Fast Charger Cable Fast Charging USB C Cable/Cord Compatible for Samsung Galaxy S10e S10 S9 S8 Plus S1... Wayona,/static/images/3144.jpg,4771,4
1362,"realme C35 (Glowing Green, 6GB RAM, 128GB Storage)",realme,"realme C35 (Glowing Green, 6GB RAM, 128GB Storage) realme",/static/images/3566.jpg,2175,5
1737,"Hoteon Extension Board with 5 Meters Heavy Duty Long Wire Cord, Single Outlet Socket 2500W 10A Expandable Electric Extensi...",Hoteon,"Hoteon Extension Board with 5 Meters Heavy Duty Long Wire Cord, Single Outlet Socket 2500W 10A Expandable Electric Extensi... Hoteon",/static/images/4116.jpg,3785,5
558,"Zebronics Zeb-Warrior 2.0 Multimedia Speaker With Aux Connectivity,USB Powered And Volume Control",Zebronics,"Zebronics Zeb-Warrior 2.0 Multimedia Speaker With Aux Connectivity,USB Powered And Volume Control Zebronics",/static/images/1974.jpg,4666,4
952,"GoTrippin Universal Travel Adapter with Dual USB Charger Ports, International Worldwide Charger Plug for Phone, Mobile,Lap...",GoTrippin,"GoTrippin Universal Travel Adapter with Dual USB Charger Ports, International Worldwide Charger Plug for Phone, Mobile,Lap... GoTrippin",/static/images/2590.jpg,4774,4
736,"Sounce AirPods Pro Case, Soft Silicone Skin Case Cover Shock-Absorbing Protective Case with Keychain Compatible with AirPo...",Sounce,"Sounce AirPods Pro Case, Soft Silicone Skin Case Cover Shock-Absorbing Protective Case with Keychain Compatible with AirPo... Sounce",/static/images/2275.jpg,577,1
1480,HP 805XL Black Original Ink Cartridge,HP,HP 805XL Black Original Ink Cartridge HP,/static/images/3718.jpg,1546,4
930,"OnePlus Buds Pro Bluetooth Truly Wireless in Ear Earbuds with mic, Smart Adaptive Noise Cancellation, 10 Minutes Warp Char...",OnePlus,"OnePlus Buds Pro Bluetooth Truly Wireless in Ear Earbuds with mic, Smart Adaptive Noise Cancellation, 10 Minutes Warp Char... OnePlus",/static/images/2568.jpg,1198,1
1491,Epaal® Spiral Triple Color (2 Pcs) 1.4 Meters Each-Full Size Cable Cord Charger Protector Saver Winder for iPhone & Androi...,Epaal®,Epaal® Spiral Triple Color (2 Pcs) 1.4 Meters Each-Full Size Cable Cord Charger Protector Saver Winder for iPhone & Androi... Epaal®,/static/images/3752.jpg,296,1
544,"Fire-Boltt Ninja Call Pro Plus 1.83"" Smart Watch with Bluetooth Calling, AI Voice Assistance, 100 Sports Modes IP67 Ratin...",Fire-Boltt,"Fire-Boltt Ninja Call Pro Plus 1.83"" Smart Watch with Bluetooth Calling, AI Voice Assistance, 100 Sports Modes IP67 Ratin... Fire-Boltt",/static/images/1914.jpg,3286,3
225,"boAt Rockerz 335 Bluetooth in Ear Neckband with Qualcomm aptX & CVC, Upto 30 Hours Playback, ASAP Charge, Signature Sound,...",boAt,"boAt Rockerz 335 Bluetooth in Ear Neckband with Qualcomm aptX & CVC, Upto 30 Hours Playback, ASAP Charge, Signature Sound,... boAt",/static/images/1424.jpg,3075,5
303,Zodo 8. 5 inch LCD E-Writer Electronic Writing Pad/Tablet Drawing Board (Paperless Memo Digital Tablet),Zodo,Zodo 8. 5 inch LCD E-Writer Electronic Writing Pad/Tablet Drawing Board (Paperless Memo Digital Tablet) Zodo,/static/images/1554.jpg,1614,4
324,"Amazon Basics Magic Slate 8.5-inch LCD Writing Tablet with Stylus Pen, for Drawing, Playing, Noting by Kids & Adults, Black",Amazon,"Amazon Basics Magic Slate 8.5-inch LCD Writing Tablet with Stylus Pen, for Drawing, Playing, Noting by Kids & Adults, Black Amazon",/static/images/1603.jpg,1032,3
661,"Portronics Ruffpad 15 Re-Writable LCD Screen 38.1cm (15-inch) Writing Pad for Drawing, Playing, Handwriting Gifts for Kids...",Portronics,"Portronics Ruffpad 15 Re-Writable LCD Screen 38.1cm (15-inch) Writing Pad for Drawing, Playing, Handwriting Gifts for Kids... Portronics",/static/images/2130.jpg,958,3
1765,"ZEBRONICS Zeb-Evolve Wireless in Ear Neckband Earphone with mic, Supporting Bluetooth v5.0, Voice Assistant, Rapid Charge,...",ZEBRONICS,"ZEBRONICS Zeb-Evolve Wireless in Ear Neckband Earphone with mic, Supporting Bluetooth v5.0, Voice Assistant, Rapid Charge,... ZEBRONICS",/static/images/4170.jpg,2271,2
1639,"Motorola a70 keypad Mobile Dual Sim with Expandable Memory Upto 32GB,Camera, 2.4 inch Screen with 1750 mAh Battery, Rose Gold",Motorola,"Motorola a70 keypad Mobile Dual Sim with Expandable Memory Upto 32GB,Camera, 2.4 inch Screen with 1750 mAh Battery, Rose Gold Motorola",/static/images/4013.jpg,1664,5
465,CLAVIER Super Bass Type-C in-Ear Earphones with Stereo Mic for All Smartphones with Rich Bass & Noise Cancellation,CLAVIER,CLAVIER Super Bass Type-C in-Ear Earphones with Stereo Mic for All Smartphones with Rich Bass & Noise Cancellation CLAVIER,/static/images/1809.jpg,3784,3
1236,"20W Charger Compatible with Apple iPhone 13 Charger, iPhone 12 Charger, iPhone 11 Charger, iPhone X Series | 20 Watt Charg...",20W,"20W Charger Compatible with Apple iPhone 13 Charger, iPhone 12 Charger, iPhone 11 Charger, iPhone X Series | 20 Watt Charg... 20W",/static/images/3318.jpg,1440,1
1200,i8 Pro Max Touch Screen Bluetooth Smartwatch with Activity Tracker Compatible with All 3G/4G/5G Android & iOS Smartphones...,i8,i8 Pro Max Touch Screen Bluetooth Smartwatch with Activity Tracker Compatible with All 3G/4G/5G Android & iOS Smartphones... i8,/static/images/3193.jpg,629,3
1821,"Xiaomi Pad 5| Qualcomm Snapdragon 860| 120Hz Refresh Rate| 6GB, 128GB| 2.5K+ Display (10.95-inch/27.81cm)|1 Billion Colour...",Xiaomi,"Xiaomi Pad 5| Qualcomm Snapdragon 860| 120Hz Refresh Rate| 6GB, 128GB| 2.5K+ Display (10.95-inch/27.81cm)|1 Billion Colour... Xiaomi",/static/images/4275.jpg,2644,5
2208,Conbre MultipleXR2 Pro {Upgraded} HD Smart WiFi Wireless IP CCTV Security Camera | Night Vision | 2-Way Audio | Support 64...,Conbre,Conbre MultipleXR2 Pro {Upgraded} HD Smart WiFi Wireless IP CCTV Security Camera | Night Vision | 2-Way Audio | Support 64... Conbre,/static/images/647.jpg,2201,1
2292,ZEBRONICS Zeb-Duke Bluetooth Wireless Over Ear Headphone with Mic (Black),ZEBRONICS,ZEBRONICS Zeb-Duke Bluetooth Wireless Over Ear Headphone with Mic (Black) ZEBRONICS,/static/images/83.jpg,1412,3
688,Apple iPhone 13 (128GB) - Midnight,Apple,Apple iPhone 13 (128GB) - Midnight Apple,/static/images/22.jpg,2271,3
2285,"Samsung Original Travel Adapter (15W, White)",Samsung,"Samsung Original Travel Adapter (15W, White) Samsung",/static/images/821.jpg,4148,2
670,"BOBO BM4 Jaw-Grip Waterproof Bike / Motorcycle / Scooter Mobile Phone Holder Mount, Ideal for Maps and GPS Navigation (Black)",BOBO,"BOBO BM4 Jaw-Grip Waterproof Bike / Motorcycle / Scooter Mobile Phone Holder Mount, Ideal for Maps and GPS Navigation (Black) BOBO",/static/images/2163.jpg,2914,5
2207,"Amazfit T-Rex 2 Premium Multisport GPS Sports Watch, Real-time Navigation, Strength Exercise, 150+ Sports Modes& 10 ATM Wa...",Amazfit,"Amazfit T-Rex 2 Premium Multisport GPS Sports Watch, Real-time Navigation, Strength Exercise, 150+ Sports Modes& 10 ATM Wa... Amazfit",/static/images/646.jpg,4876,2
2010,Firebolt 360 SpO2 Smart Watch Charger 2 Pin USB Fast Charger Magnetic Charging Cable Adapter (Smart Watch Charger 2 pin),Firebolt,Firebolt 360 SpO2 Smart Watch Charger 2 Pin USB Fast Charger Magnetic Charging Cable Adapter (Smart Watch Charger 2 pin) Firebolt,/static/images/4701.jpg,3647,2
1556,Portronics My Buddy D Wood Multipurpose Movable & Adjustable Table for Computer & Laptop(Brown),Portronics,Portronics My Buddy D Wood Multipurpose Movable & Adjustable Table for Computer & Laptop(Brown) Portronics,/static/images/3891.jpg,796,3
889,"TOSHIBA Canvio Basics 1TB Portable External HDD - USB 3.2 for PC Laptop Windows and Mac, 3 Years Warranty, External Hard D...",TOSHIBA,"TOSHIBA Canvio Basics 1TB Portable External HDD - USB 3.2 for PC Laptop Windows and Mac, 3 Years Warranty, External Hard D... TOSHIBA",/static/images/2493.jpg,746,3
630,"Camlin Brush Pens, 24 Shades",Camlin,"Camlin Brush Pens, 24 Shades Camlin",/static/images/2098.jpg,3773,1
1903,URBN Micro USB 3.4 Amp | 20W Fast Charging Cable | Unbreakable Rugged & Nylon Braided | Quick Charge (QC) Compatible | Mad...,URBN,URBN Micro USB 3.4 Amp | 20W Fast Charging Cable | Unbreakable Rugged & Nylon Braided | Quick Charge (QC) Compatible | Mad... URBN,/static/images/4424.jpg,295,2
746,"Oneplus 10R Type c to 3.5mm Audio Jack, 1-Plus Audio Jack Adapter, car Audio Connector USB Type c, Headphone Converter Cab...",Oneplus,"Oneplus 10R Type c to 3.5mm Audio Jack, 1-Plus Audio Jack Adapter, car Audio Connector USB Type c, Headphone Converter Cab... Oneplus",/static/images/2285.jpg,2983,4
557,New Fastrack Reflex Beat+ 1.69” UltraVU Display|500 Nits Brightness|60 Sports Modes|24*7 Heart Rate Monitor|SpO2 Monitor|S...,New,New Fastrack Reflex Beat+ 1.69” UltraVU Display|500 Nits Brightness|60 Sports Modes|24*7 Heart Rate Monitor|SpO2 Monitor|S... New,/static/images/1973.jpg,3697,4
1793,"Amazon Basics Micro Usb Fast Charging Cable For Android Smartphone,Personal Computer,Printer With Gold Plated Connectors (...",Amazon,"Amazon Basics Micro Usb Fast Charging Cable For Android Smartphone,Personal Computer,Printer With Gold Plated Connectors (... Amazon",/static/images/4206.jpg,4284,2
166,"JK Easy Copier Paper | A4 Size | 70 GSM | 500 Sheets | White Paper, 1 Ream | For Laserjet & Inkjet Printer | Fast Drying |...",JK,"JK Easy Copier Paper | A4 Size | 70 GSM | 500 Sheets | White Paper, 1 Ream | For Laserjet & Inkjet Printer | Fast Drying |... JK",/static/images/1291.jpg,2423,2
2212,"Redmi Note 11 Pro (Stealth Black, 8GB RAM, 128GB Storage)| 67W Turbo Charge | 120Hz Super AMOLED Display | Charger Include...",Redmi,"Redmi Note 11 Pro (Stealth Black, 8GB RAM, 128GB Storage)| 67W Turbo Charge | 120Hz Super AMOLED Display | Charger Include... Redmi",/static/images/672.jpg,976,5
231,boAt Bassheads 102 in Ear Wired Earphones with Mic(Charcoal Black),boAt,boAt Bassheads 102 in Ear Wired Earphones with Mic(Charcoal Black) boAt,/static/images/1430.jpg,4689,3
1001,POPIO Bluetooth Remote Controller Shutter Button for Selfie Stick Widely Compatible with All Devices,POPIO,POPIO Bluetooth Remote Controller Shutter Button for Selfie Stick Widely Compatible with All Devices POPIO,/static/images/2712.jpg,2000,3
1688,"Tukzer Tabletop Fully Foldable Desktop Tablet Mobile Stand Holder with Angle & Height Adjustable for Desk, Cradle, Dock, C...",Tukzer,"Tukzer Tabletop Fully Foldable Desktop Tablet Mobile Stand Holder with Angle & Height Adjustable for Desk, Cradle, Dock, C... Tukzer",/static/images/4062.jpg,4625,3
1448,"Wayona Type C to Lightning MFI Certified 20W Fast charging Nylon Braided USB C Cable for iPhone 14,14 Pro,14 Pro Max,14 Pl...",Wayona,"Wayona Type C to Lightning MFI Certified 20W Fast charging Nylon Braided USB C Cable for iPhone 14,14 Pro,14 Pro Max,14 Pl... Wayona",/static/images/3672.jpg,1929,3
1158,"Redgear Cosmo 7,1 USB Gaming Wired Over Ear Headphones with Mic with Virtual Surround Sound,50Mm Driver, RGB LEDs & Remote...",Redgear,"Redgear Cosmo 7,1 USB Gaming Wired Over Ear Headphones with Mic with Virtual Surround Sound,50Mm Driver, RGB LEDs & Remote... Redgear",/static/images/3106.jpg,4385,2
1835,"Duracell Ultra Alkaline 9V Battery, 1 Pc",Duracell,"Duracell Ultra Alkaline 9V Battery, 1 Pc Duracell",/static/images/4296.jpg,913,3
1494,"STRIFF UPH2W Multi Angle Tablet/Mobile Stand. Holder for iPhone, Android, Samsung, OnePlus, Xiaomi. Portable,Foldable Stan...",STRIFF,"STRIFF UPH2W Multi Angle Tablet/Mobile Stand. Holder for iPhone, Android, Samsung, OnePlus, Xiaomi. Portable,Foldable Stan... STRIFF",/static/images/3755.jpg,1173,1
222,"pTron Bassbuds Duo in Ear Earbuds with 32Hrs Total Playtime, Bluetooth 5.1 Wireless, Stereo Audio, Touch Control TWS, with...",pTron,"pTron Bassbuds Duo in Ear Earbuds with 32Hrs Total Playtime, Bluetooth 5.1 Wireless, Stereo Audio, Touch Control TWS, with... pTron",/static/images/1421.jpg,3055,2
163,"Samsung Galaxy M33 5G (Mystique Green, 8GB, 128GB Storage) | 6000mAh Battery | Upto 16GB RAM with RAM Plus | Travel Adapte...",Samsung,"Samsung Galaxy M33 5G (Mystique Green, 8GB, 128GB Storage) | 6000mAh Battery | Upto 16GB RAM with RAM Plus | Travel Adapte... Samsung",/static/images/1288.jpg,4288,2
769,OpenTech® Tempered Glass Screen Protector Compatible for Samsung Galaxy S21 FE 5G with Edge to Edge Coverage and Easy Inst...,OpenTech®,OpenTech® Tempered Glass Screen Protector Compatible for Samsung Galaxy S21 FE 5G with Edge to Edge Coverage and Easy Inst... OpenTech®,/static/images/2306.jpg,4310,4
950,"SupCares Edge to Edge Tempered Glass for iQOO Neo 7 5G, iQOO 11 5G and iQOO 9T 5G (6.78 Inch) with Easy Self Installation ...",SupCares,"SupCares Edge to Edge Tempered Glass for iQOO Neo 7 5G, iQOO 11 5G and iQOO 9T 5G (6.78 Inch) with Easy Self Installation ... SupCares",/static/images/2589.jpg,2246,4
974,GM 3012 3 Pin Travel Universal Multi-Plug with Surge Protector & Indicator (1),GM,GM 3012 3 Pin Travel Universal Multi-Plug with Surge Protector & Indicator (1) GM,/static/images/268.jpg,2961,2
565,"iPhone Original 20W Charger Type C Adapter for iPhone 14/ 14 Plus/ 14 Pro/ 14 Pro Max, iPhone 13/13 Pro/13 Pro Max/13 Min...",iPhone,"iPhone Original 20W Charger Type C Adapter for iPhone 14/ 14 Plus/ 14 Pro/ 14 Pro Max, iPhone 13/13 Pro/13 Pro Max/13 Min... iPhone",/static/images/1981.jpg,3140,1
354,Mi 33W SonicCharge 2.0 USB Charger|Wall Charger Adapter with USB to Type-C Cable Included|Fast Charging|QC Charging|(Adapt...,Mi,Mi 33W SonicCharge 2.0 USB Charger|Wall Charger Adapter with USB to Type-C Cable Included|Fast Charging|QC Charging|(Adapt... Mi,/static/images/1657.jpg,2572,5
57,"Noise Pulse 2 Max Advanced Bluetooth Calling Smart Watch with 1.85'' Display, 550 NITS Brightness, Smart DND, 10 Days Batt...",Noise,"Noise Pulse 2 Max Advanced Bluetooth Calling Smart Watch with 1.85'' Display, 550 NITS Brightness, Smart DND, 10 Days Batt... Noise",/static/images/108.jpg,103,3
1595,Parker Vector Standard Chrome Trim Ball Pen (Ink - Black),Parker,Parker Vector Standard Chrome Trim Ball Pen (Ink - Black) Parker,/static/images/3975.jpg,4256,2
108,"OnePlus Nord 2T 5G (Jade Fog, 12GB RAM, 256GB Storage)",OnePlus,"OnePlus Nord 2T 5G (Jade Fog, 12GB RAM, 256GB Storage) OnePlus",/static/images/1139.jpg,969,4
817,AmazonBasics AAA Performance Alkaline Batteries (20-Pack) - Appearance May Vary,AmazonBasics,AmazonBasics AAA Performance Alkaline Batteries (20-Pack) - Appearance May Vary AmazonBasics,/static/images/2372.jpg,2878,3
194,"WeCool Bluetooth Extendable Selfie Sticks with Wireless Remote and Tripod Stand, 3-in-1 Multifunctional Selfie Stick with ...",WeCool,"WeCool Bluetooth Extendable Selfie Sticks with Wireless Remote and Tripod Stand, 3-in-1 Multifunctional Selfie Stick with ... WeCool",/static/images/1369.jpg,1068,3
1800,Sony Bravia 164 cm (65 inches) 4K Ultra HD Smart LED Google TV KD-65X74K (Black),Sony,Sony Bravia 164 cm (65 inches) 4K Ultra HD Smart LED Google TV KD-65X74K (Black) Sony,/static/images/4215.jpg,4731,2
86,"Redmi Note 11 (Space Black, 4GB RAM, 64GB Storage)|90Hz FHD+ AMOLED Display | Qualcomm® Snapdragon™ 680-6nm | 33W Charger ...",Redmi,"Redmi Note 11 (Space Black, 4GB RAM, 64GB Storage)|90Hz FHD+ AMOLED Display | Qualcomm® Snapdragon™ 680-6nm | 33W Charger ... Redmi",/static/images/1109.jpg,3133,1
2162,"SanDisk Ultra Shift USB Flash Drive USB 3.0, 100MB/s R, 128GB",SanDisk,"SanDisk Ultra Shift USB Flash Drive USB 3.0, 100MB/s R, 128GB SanDisk",/static/images/545.jpg,4952,2
2119,"UBON Single Ear Bluetooth Headset with HD Mic, Business Class BT-160, Wireless Mono Earbuds for Calling & Music, Up to 10 ...",UBON,"UBON Single Ear Bluetooth Headset with HD Mic, Business Class BT-160, Wireless Mono Earbuds for Calling & Music, Up to 10 ... UBON",/static/images/4969.jpg,1093,4
463,"D-Link DIR-615 Wi-fi Ethernet-N300 Single_band 300Mbps Router, Mobile App Support, Router | AP | Repeater | Client Modes(B...",D-Link,"D-Link DIR-615 Wi-fi Ethernet-N300 Single_band 300Mbps Router, Mobile App Support, Router | AP | Repeater | Client Modes(B... D-Link",/static/images/1807.jpg,1065,2
628,"MINIMART Aluminum Tabletop Laptop Stand Ergonomic Foldable Portable Laptop Stand Holder Compatible for MacBook, HP, Dell, ...",MINIMART,"MINIMART Aluminum Tabletop Laptop Stand Ergonomic Foldable Portable Laptop Stand Holder Compatible for MacBook, HP, Dell, ... MINIMART",/static/images/2095.jpg,3356,3
1299,Cuzor UPS for JioFiber & Airtel Xtreme Routers | UPS for WiFi routers 12V Upto 2.5A | Replaceable Battery | Power Back up ...,Cuzor,Cuzor UPS for JioFiber & Airtel Xtreme Routers | UPS for WiFi routers 12V Upto 2.5A | Replaceable Battery | Power Back up ... Cuzor,/static/images/3461.jpg,1031,2
991,"Zebronics ZEB-VITA Wireless Bluetooth 10W Portable Bar Speaker With Supporting USB, SD Card, AUX, FM, TWS & Call Function",Zebronics,"Zebronics ZEB-VITA Wireless Bluetooth 10W Portable Bar Speaker With Supporting USB, SD Card, AUX, FM, TWS & Call Function Zebronics",/static/images/270.jpg,3855,3
892,SUNMI Bike Phone Mount Anti Shake and Stable Cradle Clamp with 360° Rotation Bicycle Phone Mount/Bike Accessories/Bike Pho...,SUNMI,SUNMI Bike Phone Mount Anti Shake and Stable Cradle Clamp with 360° Rotation Bicycle Phone Mount/Bike Accessories/Bike Pho... SUNMI,/static/images/2496.jpg,58,4
1611,"ZEBRONICS Zeb Evolve Wireless Bluetooth in Ear Neckband Earphone, Rapid Charge, Dual Pairing, Magnetic earpiece,Voice Assi...",ZEBRONICS,"ZEBRONICS Zeb Evolve Wireless Bluetooth in Ear Neckband Earphone, Rapid Charge, Dual Pairing, Magnetic earpiece,Voice Assi... ZEBRONICS",/static/images/399.jpg,1877,3
1653,Sennheiser CX 80S in-Ear Wired Headphones with in-line One-Button Smart Remote with Microphone Black,Sennheiser,Sennheiser CX 80S in-Ear Wired Headphones with in-line One-Button Smart Remote with Microphone Black Sennheiser,/static/images/4027.jpg,3117,5
312,"Portronics Clamp M2 Adjustable Car Mobile Phone Holder Stand, 360° Rotational, Strong Suction Cup, Compatible with 4 to 6 ...",Portronics,"Portronics Clamp M2 Adjustable Car Mobile Phone Holder Stand, 360° Rotational, Strong Suction Cup, Compatible with 4 to 6 ... Portronics",/static/images/1589.jpg,4648,3
555,"Redgear Cosmo 7,1 Usb Gaming Wired Over Ear Headphones With Mic With Virtual Surround Sound,50Mm Driver, Rgb Leds & Remote...",Redgear,"Redgear Cosmo 7,1 Usb Gaming Wired Over Ear Headphones With Mic With Virtual Surround Sound,50Mm Driver, Rgb Leds & Remote... Redgear",/static/images/1971.jpg,3226,5
327,"Elv Foldable, Portable, Tablet / Phone Stand. Compatible Phone Holder for iPhone, Android, Samsung, OnePlus, Xiaomi, Oppo,...",Elv,"Elv Foldable, Portable, Tablet / Phone Stand. Compatible Phone Holder for iPhone, Android, Samsung, OnePlus, Xiaomi, Oppo,... Elv",/static/images/1606.jpg,747,4
1408,SanDisk Extreme SD UHS I 128GB Card for 4K Video for DSLR and Mirrorless Cameras 180MB/s Read & 90MB/s Write,SanDisk,SanDisk Extreme SD UHS I 128GB Card for 4K Video for DSLR and Mirrorless Cameras 180MB/s Read & 90MB/s Write SanDisk,/static/images/3619.jpg,2466,2
1189,"Artistix Talon Anti Theft Design Laptop Backpack, With USB Charging Port (46 Cm, 25L,Black)",Artistix,"Artistix Talon Anti Theft Design Laptop Backpack, With USB Charging Port (46 Cm, 25L,Black) Artistix",/static/images/3176.jpg,4630,3
2002,"MX Universal Conversion Multiplug with Individual Switch - 3 PIN 3 Way Plug for Home, Office and Industrial Uses ( Any Col...",MX,"MX Universal Conversion Multiplug with Individual Switch - 3 PIN 3 Way Plug for Home, Office and Industrial Uses ( Any Col... MX",/static/images/4694.jpg,3148,3
2249,Lapcare ChillMate Adjustable Laptop Cooling Pad with Twin Fans for Efficient Cooling,Lapcare,Lapcare ChillMate Adjustable Laptop Cooling Pad with Twin Fans for Efficient Cooling Lapcare,/static/images/715.jpg,1919,3
609,"truke Buds F1 Bluetooth Truly Wireless in Ear Earbuds with mic, 48H Playtime, Instant Paring, Exceptional Sound with AAC C...",truke,"truke Buds F1 Bluetooth Truly Wireless in Ear Earbuds with mic, 48H Playtime, Instant Paring, Exceptional Sound with AAC C... truke",/static/images/2053.jpg,2099,1
735,URBN 10000 mAh Li-Polymer Ultra Compact Power Bank | 12W Fast Charge | Dual USB Output | Type C | Micro Input | Pocket Siz...,URBN,URBN 10000 mAh Li-Polymer Ultra Compact Power Bank | 12W Fast Charge | Dual USB Output | Type C | Micro Input | Pocket Siz... URBN,/static/images/2274.jpg,1923,4
1733,SanDisk Ultra Dual 64GB USB 3.0 OTG Pen Drive (Gold),SanDisk,SanDisk Ultra Dual 64GB USB 3.0 OTG Pen Drive (Gold) SanDisk,/static/images/4112.jpg,2794,3
2263,"Tecno Spark 8T (Turquoise Cyan, 4GB RAM,64GB Storage) | 50MP AI Camera | 7GB Expandable RAM",Tecno,"Tecno Spark 8T (Turquoise Cyan, 4GB RAM,64GB Storage) | 50MP AI Camera | 7GB Expandable RAM Tecno",/static/images/798.jpg,4960,4
1654,"Beetel M59 Caller Id Corded Landline Phone With 16 Digit Lcd Display & Adjustable Contrast,10 One Touch Memory Buttons,2Wa...",Beetel,"Beetel M59 Caller Id Corded Landline Phone With 16 Digit Lcd Display & Adjustable Contrast,10 One Touch Memory Buttons,2Wa... Beetel",/static/images/4028.jpg,1276,4
413,"OnePlus Nord CE 2 Lite 5G (Black Dusk, 8GB RAM, 128GB Storage)",OnePlus,"OnePlus Nord CE 2 Lite 5G (Black Dusk, 8GB RAM, 128GB Storage) OnePlus",/static/images/1758.jpg,4265,5
1939,Lapster rj45 connector Coupler Cat7/Cat6/Cat5e Ethernet Network lan connector,Lapster,Lapster rj45 connector Coupler Cat7/Cat6/Cat5e Ethernet Network lan connector Lapster,/static/images/45.jpg,163,2
1244,"CONA Standy Multiplug 3 in 1 - (White) - Multiplug with Stand, 125 Volt",CONA,"CONA Standy Multiplug 3 in 1 - (White) - Multiplug with Stand, 125 Volt CONA",/static/images/3330.jpg,723,4
2122,"boAt Rockerz 450 Superman Edition Bluetooth On Ear Headphones with Mic, Upto 15 Hours Playback, 40MM Drivers, Padded Ear C...",boAt,"boAt Rockerz 450 Superman Edition Bluetooth On Ear Headphones with Mic, Upto 15 Hours Playback, 40MM Drivers, Padded Ear C... boAt",/static/images/4974.jpg,954,5
742,Epson 6641 Black Ink Bottle - 70 ml,Epson,Epson 6641 Black Ink Bottle - 70 ml Epson,/static/images/2281.jpg,2574,1
335,"boAt Xtend Smart Watch with Alexa Built-in, 1.69” HD Display, Multiple Watch Faces, Stress Monitor, HR & SpO2 Monitoring, ...",boAt,"boAt Xtend Smart Watch with Alexa Built-in, 1.69” HD Display, Multiple Watch Faces, Stress Monitor, HR & SpO2 Monitoring, ... boAt",/static/images/1614.jpg,1998,1
1172,"Airtel DigitalTV AMF-311WW 150Mbps Single_Band Data Card (Black), 4g Hotspot Support with 2300 Mah Battery",Airtel,"Airtel DigitalTV AMF-311WW 150Mbps Single_Band Data Card (Black), 4g Hotspot Support with 2300 Mah Battery Airtel",/static/images/3151.jpg,4986,5
251,"realme narzo 50A Prime (Flash Black, 4GB RAM+128GB Storage) FHD+ Display | 50MP AI Triple Camera | Charger Included",realme,"realme narzo 50A Prime (Flash Black, 4GB RAM+128GB Storage) FHD+ Display | 50MP AI Triple Camera | Charger Included realme",/static/images/1476.jpg,3470,5
2078,TAGG Verve NEO Smartwatch 1.69’’ HD Display | 60+ Sports Modes | 10 Days Battery | 150+ Maximum Watch Face Library | Water...,TAGG,TAGG Verve NEO Smartwatch 1.69’’ HD Display | 60+ Sports Modes | 10 Days Battery | 150+ Maximum Watch Face Library | Water... TAGG,/static/images/4830.jpg,1317,4
1242,"ZEBRONICS Zeb-HAA3020 (3 Meter/9 feet) HDMI Cable Supports 3D, ARC & CEC Extension, Compatible with HDMI-Enabled TV, Blu-r...",ZEBRONICS,"ZEBRONICS Zeb-HAA3020 (3 Meter/9 feet) HDMI Cable Supports 3D, ARC & CEC Extension, Compatible with HDMI-Enabled TV, Blu-r... ZEBRONICS",/static/images/3328.jpg,1431,4
1947,"Consistent 8GB DDR3 Desktop RAM,1600MHz",Consistent,"Consistent 8GB DDR3 Desktop RAM,1600MHz Consistent",/static/images/452.jpg,2430,5
1098,Sounce Ethernet Adapter USB to RJ45 LAN Wired Adapter Compatible for Nintendo Switch Wii Wii U MacBook Chromebook Windows ...,Sounce,Sounce Ethernet Adapter USB to RJ45 LAN Wired Adapter Compatible for Nintendo Switch Wii Wii U MacBook Chromebook Windows ... Sounce,/static/images/2943.jpg,3737,5
1277,"SupCares Edge to Edge Privacy Tempered Glass for iPhone 14, iPhone 13 and iPhone 13 Pro (6.1 Inch) with Easy Self Installa...",SupCares,"SupCares Edge to Edge Privacy Tempered Glass for iPhone 14, iPhone 13 and iPhone 13 Pro (6.1 Inch) with Easy Self Installa... SupCares",/static/images/3407.jpg,2184,3
1429,"Gizga Essentials Set of 10 Cable Organiser, Cable Protector & Wire Organizer Clips for Cables, Reusable Cable Organizer fo...",Gizga,"Gizga Essentials Set of 10 Cable Organiser, Cable Protector & Wire Organizer Clips for Cables, Reusable Cable Organizer fo... Gizga",/static/images/3648.jpg,3721,4
564,Portronics MPORT 31 4 Ports USB Hub (USB A to 4 USB-A Ports 4 in 1 Connector USB HUB(Grey),Portronics,Portronics MPORT 31 4 Ports USB Hub (USB A to 4 USB-A Ports 4 in 1 Connector USB HUB(Grey) Portronics,/static/images/1980.jpg,4962,3
1529,"Nokia C12 Android 12 (Go Edition) Smartphone, All-Day Battery, 4GB RAM (2GB RAM + 2GB Virtual RAM) + 64GB Capacity | Dark ...",Nokia,"Nokia C12 Android 12 (Go Edition) Smartphone, All-Day Battery, 4GB RAM (2GB RAM + 2GB Virtual RAM) + 64GB Capacity | Dark ... Nokia",/static/images/384.jpg,4221,4
2090,Blaupunkt Newly Launched BTW20 Bluetooth Truly Wireless In Ear Earbuds with Deep Bass I 30 Hrs Playtime* I Built in Mic I ...,Blaupunkt,Blaupunkt Newly Launched BTW20 Bluetooth Truly Wireless In Ear Earbuds with Deep Bass I 30 Hrs Playtime* I Built in Mic I ... Blaupunkt,/static/images/4847.jpg,1824,1
1608,"Astroghar Mini Hand Tally Counter Finger Ring Digital Electronic Head Count,Japa Counter Mini Hand Tally Counter Finger Ri...",Astroghar,"Astroghar Mini Hand Tally Counter Finger Ring Digital Electronic Head Count,Japa Counter Mini Hand Tally Counter Finger Ri... Astroghar",/static/images/3987.jpg,2498,2
1554,"RPM Euro Games USB Wireless Gaming Mouse Rechargeable 500 mAh Battery DPI Upto 3200 6 Color RGB Lights Rubber Coated Mice,...",RPM,"RPM Euro Games USB Wireless Gaming Mouse Rechargeable 500 mAh Battery DPI Upto 3200 6 Color RGB Lights Rubber Coated Mice,... RPM",/static/images/389.jpg,2369,3
911,"F N Finautica Wooden Italian Wooden Crafter Standard Size Tripod Floor Lamp With Jute Shade, Bulb And Holder, Pack Of 1",F,"F N Finautica Wooden Italian Wooden Crafter Standard Size Tripod Floor Lamp With Jute Shade, Bulb And Holder, Pack Of 1 F",/static/images/2522.jpg,2032,3
319,"Nokia 110 Dual sim Keypad Phone with Wireless FM Radio, Free Earphone, Snake Game, Auto Call Recording, 1 Year Replacement...",Nokia,"Nokia 110 Dual sim Keypad Phone with Wireless FM Radio, Free Earphone, Snake Game, Auto Call Recording, 1 Year Replacement... Nokia",/static/images/1598.jpg,4860,5
512,"HP 150 Wired Keyboard, Quick, Comfy and Ergonomically Design, 12Fn Shortcut Keys, Plug and Play USB Connection and LED Ind...",HP,"HP 150 Wired Keyboard, Quick, Comfy and Ergonomically Design, 12Fn Shortcut Keys, Plug and Play USB Connection and LED Ind... HP",/static/images/1880.jpg,4030,3
2219,Sounce Waterproof New Bike Phone Mount Anti Shake and Stable 360‚° Rotation Bike Bicycles Accessories for Any Smartphone G...,Sounce,Sounce Waterproof New Bike Phone Mount Anti Shake and Stable 360‚° Rotation Bike Bicycles Accessories for Any Smartphone G... Sounce,/static/images/680.jpg,3599,2
1792,"Sounce Silicone Protective Case Cover for Boat Airdopes 121v2 / Boat Airdopes 121, Anti Fall Anti Dust, with Hook Earphone...",Sounce,"Sounce Silicone Protective Case Cover for Boat Airdopes 121v2 / Boat Airdopes 121, Anti Fall Anti Dust, with Hook Earphone... Sounce",/static/images/4205.jpg,2848,4
896,"SanDisk Ultra Dual USB Drive 3.1, SDDDC2-256G-I35 256GB, USB 3.1/Type C Reversible Connector, Retractable Design, Type-C O...",SanDisk,"SanDisk Ultra Dual USB Drive 3.1, SDDDC2-256G-I35 256GB, USB 3.1/Type C Reversible Connector, Retractable Design, Type-C O... SanDisk",/static/images/25.jpg,2742,5
223,Zebronics Zeb-Transformer-M Optical USB Gaming Mouse with LED Effect(Black),Zebronics,Zebronics Zeb-Transformer-M Optical USB Gaming Mouse with LED Effect(Black) Zebronics,/static/images/1422.jpg,3882,1
2310,"Tuarso 8K HDMI 2.1 Cable 48Gbps,1.5 Meter High-Speed Braided HDMI Cable(8K@60HZ,4K@120HZ,2K@240HZ) HDMI 2.1 Cable Compatib...",Tuarso,"Tuarso 8K HDMI 2.1 Cable 48Gbps,1.5 Meter High-Speed Braided HDMI Cable(8K@60HZ,4K@120HZ,2K@240HZ) HDMI 2.1 Cable Compatib... Tuarso",/static/images/850.jpg,138,5
778,"AirCase Rugged Hard Drive Case for 2.5-inch Western Digital, Seagate, Toshiba, Portable Storage Shell for Gadget Hard Disk...",AirCase,"AirCase Rugged Hard Drive Case for 2.5-inch Western Digital, Seagate, Toshiba, Portable Storage Shell for Gadget Hard Disk... AirCase",/static/images/2314.jpg,3953,1
1483,iFFALCON 147 cm (58 inches) 4K Ultra HD Smart LED Google TV iFF58U62 (Black),iFFALCON,iFFALCON 147 cm (58 inches) 4K Ultra HD Smart LED Google TV iFF58U62 (Black) iFFALCON,/static/images/373.jpg,3241,2
100,"Dell MS116 1000Dpi USB Wired Optical Mouse, Led Tracking, Scrolling Wheel, Plug and Play.",Dell,"Dell MS116 1000Dpi USB Wired Optical Mouse, Led Tracking, Scrolling Wheel, Plug and Play. Dell",/static/images/1129.jpg,2843,3
47,"OnePlus Bullets Z2 Bluetooth Wireless in Ear Earphones with Mic, Bombastic Bass - 12.4 Mm Drivers, 10 Mins Charge - 20 Hrs...",OnePlus,"OnePlus Bullets Z2 Bluetooth Wireless in Ear Earphones with Mic, Bombastic Bass - 12.4 Mm Drivers, 10 Mins Charge - 20 Hrs... OnePlus",/static/images/1067.jpg,3003,5
2196,"pTron Bassbuds Wave ENC Bluetooth 5.3 Wireless in-Ear TWS Earbuds with Mic, 40Hrs Total Playtime, Movie Mode & Deep Bass, ...",pTron,"pTron Bassbuds Wave ENC Bluetooth 5.3 Wireless in-Ear TWS Earbuds with Mic, 40Hrs Total Playtime, Movie Mode & Deep Bass, ... pTron",/static/images/63.jpg,1860,2
1473,"MYVN Compatible 30W WARP/6A DASH Type C charging charger cable Data Sync Fast Charging Cable Compatible for OnePlus 8,8 PR...",MYVN,"MYVN Compatible 30W WARP/6A DASH Type C charging charger cable Data Sync Fast Charging Cable Compatible for OnePlus 8,8 PR... MYVN",/static/images/3710.jpg,476,5
1673,Wesley Spartan Unisex Travel Hiking Laptop Bag fits Upto 17.3 inch with Raincover and Internal Organiser Backpack Rucksack...,Wesley,Wesley Spartan Unisex Travel Hiking Laptop Bag fits Upto 17.3 inch with Raincover and Internal Organiser Backpack Rucksack... Wesley,/static/images/4047.jpg,4013,3
1783,"TVARA LCD Writing Tablet 8.5 Inch E-Note Pad LCD Writing Tablet, Kids Drawing Pad 8.5 Inch Doodle Board, Toddler Boy and G...",TVARA,"TVARA LCD Writing Tablet 8.5 Inch E-Note Pad LCD Writing Tablet, Kids Drawing Pad 8.5 Inch Doodle Board, Toddler Boy and G... TVARA",/static/images/4194.jpg,3041,4
1095,"boAt Xtend Smart Watch with Alexa Built-in, 1.69” HD Display, Multiple Watch Faces, Stress Monitor, HR & SpO2 Monitoring, ...",boAt,"boAt Xtend Smart Watch with Alexa Built-in, 1.69” HD Display, Multiple Watch Faces, Stress Monitor, HR & SpO2 Monitoring, ... boAt",/static/images/2940.jpg,4876,4
1127,Qubo Smart Cam 360 from Hero Group | Made in India | 2MP 1080p Full HD | CCTV Wi-Fi Camera | 360 Degree Coverage| Two Way ...,Qubo,Qubo Smart Cam 360 from Hero Group | Made in India | 2MP 1080p Full HD | CCTV Wi-Fi Camera | 360 Degree Coverage| Two Way ... Qubo,/static/images/3011.jpg,2854,2
839,"Wayona Type C To Type C 65W/3.25A Nylon Braided Fast Charging Cable Compatible For Laptop, Macbook, Samsung Galaxy M33 M53...",Wayona,"Wayona Type C To Type C 65W/3.25A Nylon Braided Fast Charging Cable Compatible For Laptop, Macbook, Samsung Galaxy M33 M53... Wayona",/static/images/2393.jpg,4369,3
2053,CEDO OnePlus Nord CE 2 Lite Case Back Cover Shockproof Bumper Crystal Clear | 360 Degree Protection TPU+PC | Camera Protec...,CEDO,CEDO OnePlus Nord CE 2 Lite Case Back Cover Shockproof Bumper Crystal Clear | 360 Degree Protection TPU+PC | Camera Protec... CEDO,/static/images/4803.jpg,4943,1
1099,"DIGITEK® (DTR-200MT) (18 CM) Portable & Flexible Mini Tripod with Mobile Holder & 360 Degree Ball Head, For Smart Phones, ...",DIGITEK®,"DIGITEK® (DTR-200MT) (18 CM) Portable & Flexible Mini Tripod with Mobile Holder & 360 Degree Ball Head, For Smart Phones, ... DIGITEK®",/static/images/2944.jpg,2194,2
351,SanDisk Cruzer Blade SDCZ50-016G-135 16 GB USB 2.0 Pen Drive (Red),SanDisk,SanDisk Cruzer Blade SDCZ50-016G-135 16 GB USB 2.0 Pen Drive (Red) SanDisk,/static/images/1630.jpg,1887,2
1739,"boAt Rockerz 550 Sunburn Edition with 50MM Drivers, 20 Hours Playback, Physical Noise Isolation and Soft Padded Earcups Ov...",boAt,"boAt Rockerz 550 Sunburn Edition with 50MM Drivers, 20 Hours Playback, Physical Noise Isolation and Soft Padded Earcups Ov... boAt",/static/images/4119.jpg,759,2
364,"Portronics Power Plate 6 with 4 USB Port + 5 Power Sockets Extension Board, 2500W Power Converter, Cord Length 3Mtr (Black)",Portronics,"Portronics Power Plate 6 with 4 USB Port + 5 Power Sockets Extension Board, 2500W Power Converter, Cord Length 3Mtr (Black) Portronics",/static/images/1667.jpg,3819,5
1900,"Mi Step Out 12 L Mini Backpack (Small Size, Black, Water Repellant)",Mi,"Mi Step Out 12 L Mini Backpack (Small Size, Black, Water Repellant) Mi",/static/images/4413.jpg,3200,5
2031,"pTron Fusion Evo v2 10W Bluetooth Speaker 5.0 Mini Soundbar, 10Hrs Playback, Stereo Soundbar for Phone/TV/Laptop/Tablets/P...",pTron,"pTron Fusion Evo v2 10W Bluetooth Speaker 5.0 Mini Soundbar, 10Hrs Playback, Stereo Soundbar for Phone/TV/Laptop/Tablets/P... pTron",/static/images/4757.jpg,4518,1
414,"Noise Pulse Go Buzz Smart Watch with Latest Bluetooth Calling tech, 1.69"" Clear Display, 550Nits,150+ Watch face, Comfort ...",Noise,"Noise Pulse Go Buzz Smart Watch with Latest Bluetooth Calling tech, 1.69"" Clear Display, 550Nits,150+ Watch face, Comfort ... Noise",/static/images/1759.jpg,1134,4
107,"Portronics Konnect L 1.2M Fast Charging 3A 8 Pin USB Cable with Charge & Sync Function for iPhone, iPad (Grey)",Portronics,"Portronics Konnect L 1.2M Fast Charging 3A 8 Pin USB Cable with Charge & Sync Function for iPhone, iPad (Grey) Portronics",/static/images/1138.jpg,3694,2
853,"Lenovo 300 FHD Webcam with Full Stereo Dual Built-in mics | FHD 1080P 2.1 Megapixel CMOS Camera |Ultra-Wide 95 Lens, Digit...",Lenovo,"Lenovo 300 FHD Webcam with Full Stereo Dual Built-in mics | FHD 1080P 2.1 Megapixel CMOS Camera |Ultra-Wide 95 Lens, Digit... Lenovo",/static/images/245.jpg,4952,5
2185,Yorten Universal Clip Cell Phone Holder Multi-Joint Flexible Adjustment for Car Rear View Mirror Back Seat Video Stand Kit...,Yorten,Yorten Universal Clip Cell Phone Holder Multi-Joint Flexible Adjustment for Car Rear View Mirror Back Seat Video Stand Kit... Yorten,/static/images/615.jpg,4956,1
1964,Artis Mini 2.0 USB Multimedia Speakers (Blue),Artis,Artis Mini 2.0 USB Multimedia Speakers (Blue) Artis,/static/images/4570.jpg,1811,1
560,"Tukzer Capacitive Stylus Pen for Touch Screens Devices, Fine Point, Lightweight Metal Body with Magnetism Cover Cap for Sm...",Tukzer,"Tukzer Capacitive Stylus Pen for Touch Screens Devices, Fine Point, Lightweight Metal Body with Magnetism Cover Cap for Sm... Tukzer",/static/images/1976.jpg,343,3
844,"Duracell Rechargeable AA 2500mAh Batteries, 4 Pcs",Duracell,"Duracell Rechargeable AA 2500mAh Batteries, 4 Pcs Duracell",/static/images/2398.jpg,4425,5
1918,m-fit 7 Feet Mobile Tripod Stand s-25 Portable and Foldable Camera & Mobile - Mobile Tripod Stand with Mobile Clip Holder ...,m-fit,m-fit 7 Feet Mobile Tripod Stand s-25 Portable and Foldable Camera & Mobile - Mobile Tripod Stand with Mobile Clip Holder ... m-fit,/static/images/4448.jpg,3432,5
329,Noise Buds VS201 V2 in-Ear Truly Wireless Earbuds with Dual Equalizer | Total 14-Hour Playtime | Full Touch Control | with...,Noise,Noise Buds VS201 V2 in-Ear Truly Wireless Earbuds with Dual Equalizer | Total 14-Hour Playtime | Full Touch Control | with... Noise,/static/images/1608.jpg,4374,5
287,"boAt Wave Lite Smartwatch with 1.69"" HD Display, Sleek Metal Body, HR & SpO2 Level Monitor, 140+ Watch Faces, Activity Tra...",boAt,"boAt Wave Lite Smartwatch with 1.69"" HD Display, Sleek Metal Body, HR & SpO2 Level Monitor, 140+ Watch Faces, Activity Tra... boAt",/static/images/1536.jpg,4547,4
1727,SupCares Edge to Edge Tempered Glass for Samsung Galaxy S20 FE 5G (6.5 Inch) with Easy Self Installation Kit | Black,SupCares,SupCares Edge to Edge Tempered Glass for Samsung Galaxy S20 FE 5G (6.5 Inch) with Easy Self Installation Kit | Black SupCares,/static/images/4105.jpg,3666,5
956,"Noise ColorFit Ultra SE Smart Watch with 1.75""(4.3cm) HD Display, Aluminium Alloy Body, 60 Sports Modes, Spo2, Lightweigh...",Noise,"Noise ColorFit Ultra SE Smart Watch with 1.75""(4.3cm) HD Display, Aluminium Alloy Body, 60 Sports Modes, Spo2, Lightweigh... Noise",/static/images/261.jpg,1378,1
118,"Nokia 105 Single SIM, Keypad Mobile Phone with Wireless FM Radio | Charcoal",Nokia,"Nokia 105 Single SIM, Keypad Mobile Phone with Wireless FM Radio | Charcoal Nokia",/static/images/1148.jpg,4535,1
918,Lakeer Detail Pen Knife With 5 Interchangeable Sharp Blades For Carving & Mat Cutting,Lakeer,Lakeer Detail Pen Knife With 5 Interchangeable Sharp Blades For Carving & Mat Cutting Lakeer,/static/images/2530.jpg,49,5
1773,"Ant Esports GM40 Wired Optical Gaming Mouse with RGB LED, Lightweight and Ergonomic Design, DPI Upto 2400, Compatible with...",Ant,"Ant Esports GM40 Wired Optical Gaming Mouse with RGB LED, Lightweight and Ergonomic Design, DPI Upto 2400, Compatible with... Ant",/static/images/4181.jpg,4837,5
884,"boAt AUX 500 Indestructible 3.5mm Male to Male Metallic Aux Audio Cable with Gold Plated Connectors for Smartphone, 1.5 Me...",boAt,"boAt AUX 500 Indestructible 3.5mm Male to Male Metallic Aux Audio Cable with Gold Plated Connectors for Smartphone, 1.5 Me... boAt",/static/images/2485.jpg,4780,1
899,"WeCool S3 Selfie Stick with Detachable Wireless Remote , 3 in 1 Function Sturdy Tripod Stand and Mobile Stand Bluetooth Se...",WeCool,"WeCool S3 Selfie Stick with Detachable Wireless Remote , 3 in 1 Function Sturdy Tripod Stand and Mobile Stand Bluetooth Se... WeCool",/static/images/2503.jpg,2471,3
1315,"Ambrane 27000mAh Power Bank, 20W Fast Charging, Triple Output, Type C PD (Input & Output), Quick Charge, Li-Polymer, Mult...",Ambrane,"Ambrane 27000mAh Power Bank, 20W Fast Charging, Triple Output, Type C PD (Input & Output), Quick Charge, Li-Polymer, Mult... Ambrane",/static/images/3482.jpg,3157,2
575,"Amazfit Bip 3 Smart Watch with 1.69"" Large Color Display,2 Weeks' Battery Life,5 ATM Water-Resistance, Cricket Sports Data...",Amazfit,"Amazfit Bip 3 Smart Watch with 1.69"" Large Color Display,2 Weeks' Battery Life,5 ATM Water-Resistance, Cricket Sports Data... Amazfit",/static/images/1991.jpg,3670,2
1937,"AmazonBasics Extended Gaming Mouse Pad,Black",AmazonBasics,"AmazonBasics Extended Gaming Mouse Pad,Black AmazonBasics",/static/images/4482.jpg,1947,4
1008,"Camel Fabrica Acrylic Ultra Color - 15ml Each, 10 Shades",Camel,"Camel Fabrica Acrylic Ultra Color - 15ml Each, 10 Shades Camel",/static/images/2724.jpg,188,5
2305,Remote Compatible for Samsung LED/LCD Remote Control Works with Samsung LED/LCD TV by Trend Trail,Remote,Remote Compatible for Samsung LED/LCD Remote Control Works with Samsung LED/LCD TV by Trend Trail Remote,/static/images/845.jpg,405,4
35,"Redmi A1 (Light Green, 2GB RAM 32GB ROM) | Segment Best AI Dual Cam | 5000mAh Battery | Leather Texture Design | Android 12",Redmi,"Redmi A1 (Light Green, 2GB RAM 32GB ROM) | Segment Best AI Dual Cam | 5000mAh Battery | Leather Texture Design | Android 12 Redmi",/static/images/1056.jpg,2698,5
1030,"boAt Airdopes 121 PRO True Wireless in Ear Earbuds Signature Sound, Quad Mic ENx, Beast Mode for Gaming, 40H Playtime, IW...",boAt,"boAt Airdopes 121 PRO True Wireless in Ear Earbuds Signature Sound, Quad Mic ENx, Beast Mode for Gaming, 40H Playtime, IW... boAt",/static/images/2782.jpg,4554,1
90,Classmate Octane Neon- Blue Gel Pens(Pack of 5)|Smooth Writing Pen|Attractive body colour for Boys & Girls|Waterproof ink ...,Classmate,Classmate Octane Neon- Blue Gel Pens(Pack of 5)|Smooth Writing Pen|Attractive body colour for Boys & Girls|Waterproof ink ... Classmate,/static/images/1114.jpg,3825,1
420,"boAt Rockerz 335 Bluetooth in Ear Neckband with Qualcomm aptX & CVC, Upto 30 Hours Playback, ASAP Charge, Signature Sound,...",boAt,"boAt Rockerz 335 Bluetooth in Ear Neckband with Qualcomm aptX & CVC, Upto 30 Hours Playback, ASAP Charge, Signature Sound,... boAt",/static/images/1764.jpg,1255,1
1307,"Ambrane Fast 100W Output Cable with Type-C to Type-C for Mobile, Laptop, Macbook & Table Charging, 480mbps Data Sync Spee...",Ambrane,"Ambrane Fast 100W Output Cable with Type-C to Type-C for Mobile, Laptop, Macbook & Table Charging, 480mbps Data Sync Spee... Ambrane",/static/images/3472.jpg,2744,5
40,"pTron Bassbuds Duo in Ear Earbuds with 32Hrs Total Playtime, Bluetooth 5.1 Wireless, Stereo Audio, Touch Control TWS, with...",pTron,"pTron Bassbuds Duo in Ear Earbuds with 32Hrs Total Playtime, Bluetooth 5.1 Wireless, Stereo Audio, Touch Control TWS, with... pTron",/static/images/1060.jpg,1347,5
2284,VU 126 cm (50 inches) The GloLED Series 4K Smart LED Google TV 50GloLED (Grey),VU,VU 126 cm (50 inches) The GloLED Series 4K Smart LED Google TV 50GloLED (Grey) VU,/static/images/820.jpg,722,3
1036,"Samsung 6.0 Kg Inverter 5 Star Fully-Automatic Front Loading Washing Machine (WW60R20GLMA/TL, White, Hygiene Steam)",Samsung,"Samsung 6.0 Kg Inverter 5 Star Fully-Automatic Front Loading Washing Machine (WW60R20GLMA/TL, White, Hygiene Steam) Samsung",/static/images/2810.jpg,3955,2
435,boAt Dual Port Rapid 120V Car Charger (Qualcomm Certified) Smart Charging for Cellular Phones with Quick Charge 3.0 + Free...,boAt,boAt Dual Port Rapid 120V Car Charger (Qualcomm Certified) Smart Charging for Cellular Phones with Quick Charge 3.0 + Free... boAt,/static/images/1779.jpg,3666,3
524,boAt Bassheads 220 Wired in Ear Earphones(Indi Blue),boAt,boAt Bassheads 220 Wired in Ear Earphones(Indi Blue) boAt,/static/images/1894.jpg,688,2
744,"Duracell USB C To Lightning Apple Certified (Mfi) Braided Sync & Charge Cable For Iphone, Ipad And Ipod. Fast Charging Lig...",Duracell,"Duracell USB C To Lightning Apple Certified (Mfi) Braided Sync & Charge Cable For Iphone, Ipad And Ipod. Fast Charging Lig... Duracell",/static/images/2283.jpg,4376,4
219,"Samsung Galaxy M13 (Midnight Blue, 6GB, 128GB Storage) | 6000mAh Battery | Upto 12GB RAM with RAM Plus",Samsung,"Samsung Galaxy M13 (Midnight Blue, 6GB, 128GB Storage) | 6000mAh Battery | Upto 12GB RAM with RAM Plus Samsung",/static/images/1418.jpg,13,5
1944,Samsung 138 cm (55 inches) Crystal 4K Neo Series Ultra HD Smart LED TV UA55AUE65AKXXL (Black),Samsung,Samsung 138 cm (55 inches) Crystal 4K Neo Series Ultra HD Smart LED TV UA55AUE65AKXXL (Black) Samsung,/static/images/4516.jpg,241,5
1136,"ELV Aluminium Adjustable Mobile Phone Foldable Holder Tabletop Stand Dock Mount for All Smartphones, Tabs, Kindle, iPad (M...",ELV,"ELV Aluminium Adjustable Mobile Phone Foldable Holder Tabletop Stand Dock Mount for All Smartphones, Tabs, Kindle, iPad (M... ELV",/static/images/3027.jpg,1564,1
1526,"JBL Flip 5 Wireless Portable Bluetooth Speaker, Signature Sound with Powerful Bass Radiator, Vibrant Colors with Rugged De...",JBL,"JBL Flip 5 Wireless Portable Bluetooth Speaker, Signature Sound with Powerful Bass Radiator, Vibrant Colors with Rugged De... JBL",/static/images/3837.jpg,2669,1
424,"Boult Audio Probass Curve Bluetooth Wireless in Ear Earphones with Mic with Ipx5 Water Resistant, 12H Battery Life & Extra...",Boult,"Boult Audio Probass Curve Bluetooth Wireless in Ear Earphones with Mic with Ipx5 Water Resistant, 12H Battery Life & Extra... Boult",/static/images/1769.jpg,1473,5
939,"Redmi 20000mAh Li-Polymer Power Bank, USB Type C and Micro USB Ports, 18W Fast Charging, Low Power Mode, Black",Redmi,"Redmi 20000mAh Li-Polymer Power Bank, USB Type C and Micro USB Ports, 18W Fast Charging, Low Power Mode, Black Redmi",/static/images/2577.jpg,81,3
1025,"POPIO Tempered Glass Screen Protector for Samsung Galaxy Watch 4, Samsung Galaxy Watch 5 (44mm) (1.4"" inch), Pack of 2",POPIO,"POPIO Tempered Glass Screen Protector for Samsung Galaxy Watch 4, Samsung Galaxy Watch 5 (44mm) (1.4"" inch), Pack of 2 POPIO",/static/images/2774.jpg,1960,4
1926,Consistent 17' inch LED Monitor 1804,Consistent,Consistent 17' inch LED Monitor 1804 Consistent,/static/images/4465.jpg,3526,4
310,"Oppo Enco Buds Bluetooth True Wireless in Ear Earbuds(TWS) with Mic, 24H Battery Life, Supports Dolby Atmos Noise Cancella...",Oppo,"Oppo Enco Buds Bluetooth True Wireless in Ear Earbuds(TWS) with Mic, 24H Battery Life, Supports Dolby Atmos Noise Cancella... Oppo",/static/images/1587.jpg,1462,3
2206,TheGiftKart Ultra-Hybrid Crystal Clear Back Case Cover for Nothing Phone 1 | Shockproof Design | Camera Protection Bump | ...,TheGiftKart,TheGiftKart Ultra-Hybrid Crystal Clear Back Case Cover for Nothing Phone 1 | Shockproof Design | Camera Protection Bump | ... TheGiftKart,/static/images/645.jpg,595,3
76,"HP v236w USB 2.0 64GB Pen Drive, Metal",HP,"HP v236w USB 2.0 64GB Pen Drive, Metal HP",/static/images/110.jpg,1358,2
1188,"Fire-Boltt Ninja 3 1.83"" Display Smartwatch Full Touch with 100+ Sports Modes with IP68, Sp02 Tracking, Over 100 Cloud Bas...",Fire-Boltt,"Fire-Boltt Ninja 3 1.83"" Display Smartwatch Full Touch with 100+ Sports Modes with IP68, Sp02 Tracking, Over 100 Cloud Bas... Fire-Boltt",/static/images/3172.jpg,2567,5
139,"OnePlus 11R 5G (Sonic Black, 16GB RAM, 256GB Storage)",OnePlus,"OnePlus 11R 5G (Sonic Black, 16GB RAM, 256GB Storage) OnePlus",/static/images/1190.jpg,895,3
1549,"Fire-Boltt Ring 3 Smart Watch 1.8 Biggest Display with Advanced Bluetooth Calling Chip, Voice Assistance,118 Sports Modes,...",Fire-Boltt,"Fire-Boltt Ring 3 Smart Watch 1.8 Biggest Display with Advanced Bluetooth Calling Chip, Voice Assistance,118 Sports Modes,... Fire-Boltt",/static/images/3883.jpg,2500,5
741,"‎GIZGA essentials â Portable 360 Rotating Tabletop Mobile Holder, Dock for Ipad, Smartphone, Kindle, E-Reader, Fully Folda...",‎GIZGA,"‎GIZGA essentials â Portable 360 Rotating Tabletop Mobile Holder, Dock for Ipad, Smartphone, Kindle, E-Reader, Fully Folda... ‎GIZGA",/static/images/2280.jpg,795,3
2332,"Vivo Y16 (Drizzling Gold, 4GB RAM, 64GB Storage) with No Cost EMI/Additional Exchange Offers",Vivo,"Vivo Y16 (Drizzling Gold, 4GB RAM, 64GB Storage) with No Cost EMI/Additional Exchange Offers Vivo",/static/images/880.jpg,3502,4
953,"D-Link DAP-1325 N 300 Wi-Fi Range Extender, (White)",D-Link,"D-Link DAP-1325 N 300 Wi-Fi Range Extender, (White) D-Link",/static/images/2591.jpg,1631,1
949,"truke BTG X1 True Gaming in Ear Earbuds with 12mm Titanium Drivers, True Gaming Mode with 20RGB Case Design, 48H Playtime,...",truke,"truke BTG X1 True Gaming in Ear Earbuds with 12mm Titanium Drivers, True Gaming Mode with 20RGB Case Design, 48H Playtime,... truke",/static/images/2586.jpg,2213,5
441,"ZEBRONICS Zeb-Comfort Wired USB Mouse, 3-Button, 1000 DPI Optical Sensor, Plug & Play, for Windows/Mac, Black",ZEBRONICS,"ZEBRONICS Zeb-Comfort Wired USB Mouse, 3-Button, 1000 DPI Optical Sensor, Plug & Play, for Windows/Mac, Black ZEBRONICS",/static/images/1784.jpg,2943,4
347,"Echo Dot (4th Gen, 2020 release)| Smart speaker with Alexa (White)",Echo,"Echo Dot (4th Gen, 2020 release)| Smart speaker with Alexa (White) Echo",/static/images/1626.jpg,261,4
985,OnePlus 80 cm (32 inches) Y Series HD Ready Smart Android LED TV 32 Y1S (Black),OnePlus,OnePlus 80 cm (32 inches) Y Series HD Ready Smart Android LED TV 32 Y1S (Black) OnePlus,/static/images/2691.jpg,1466,4
374,"boAt Airdopes 190 True Wireless in Ear Earbuds with Beast Mode(50ms) for Gaming, 40H Playtime, Breathing LEDs, Signature S...",boAt,"boAt Airdopes 190 True Wireless in Ear Earbuds with Beast Mode(50ms) for Gaming, 40H Playtime, Breathing LEDs, Signature S... boAt",/static/images/1678.jpg,4456,5
1837,"Ambrane Mobile Holding Tabletop Stand, 180 Degree View, Premium Metal Body, Wide Compatibility, Multipurpose, Anti-Skid De...",Ambrane,"Ambrane Mobile Holding Tabletop Stand, 180 Degree View, Premium Metal Body, Wide Compatibility, Multipurpose, Anti-Skid De... Ambrane",/static/images/4298.jpg,4845,4
1130,"pTron Bassbuds Rush Bluetooth True Wireless In Ear Earbuds with Mic, Gaming 40ms Low Latency, 35Hrs Playtime, Deep Bass, E...",pTron,"pTron Bassbuds Rush Bluetooth True Wireless In Ear Earbuds with Mic, Gaming 40ms Low Latency, 35Hrs Playtime, Deep Bass, E... pTron",/static/images/3015.jpg,1891,4
74,"OneAssist 1 Year Extended Warranty for Smartwatch up to 3000 - Email Delivery Within 2 Hours, No Physical Kit",OneAssist,"OneAssist 1 Year Extended Warranty for Smartwatch up to 3000 - Email Delivery Within 2 Hours, No Physical Kit OneAssist",/static/images/1099.jpg,3962,5
1020,"Portronics SoundDrum 1 10W TWS Portable Bluetooth 5.0 Speaker with Powerful Bass, Inbuilt-FM & Type C Charging Cable Inclu...",Portronics,"Portronics SoundDrum 1 10W TWS Portable Bluetooth 5.0 Speaker with Powerful Bass, Inbuilt-FM & Type C Charging Cable Inclu... Portronics",/static/images/2766.jpg,3740,2
2126,"PTron Newly Launched Force X10 Bluetooth Calling Smartwatch with 1.7"" Full Touch Color Display, Real Heart Rate Monitor, S...",PTron,"PTron Newly Launched Force X10 Bluetooth Calling Smartwatch with 1.7"" Full Touch Color Display, Real Heart Rate Monitor, S... PTron",/static/images/4982.jpg,4889,1
460,Samsung 108 cm (43 inches) Crystal 4K Neo Series Ultra HD Smart LED TV UA43AUE65AKXXL (Black),Samsung,Samsung 108 cm (43 inches) Crystal 4K Neo Series Ultra HD Smart LED TV UA43AUE65AKXXL (Black) Samsung,/static/images/1804.jpg,3875,1
1192,AmazonBasics 50-Inch Lightweight Tripod with Bag,AmazonBasics,AmazonBasics 50-Inch Lightweight Tripod with Bag AmazonBasics,/static/images/3180.jpg,1904,1
1858,"ANCHOR 1440W 4 Way Power Strip with Individual Switch (240V, multicolour)",ANCHOR,"ANCHOR 1440W 4 Way Power Strip with Individual Switch (240V, multicolour) ANCHOR",/static/images/4340.jpg,747,3
1973,M.G.R.J® Tempered Glass Screen Protector Compatible with iPad 10.2 9th Gen (2021) / 8th Gen (2020) / 7th Gen (2019) (with ...,M.G.R.J®,M.G.R.J® Tempered Glass Screen Protector Compatible with iPad 10.2 9th Gen (2021) / 8th Gen (2020) / 7th Gen (2019) (with ... M.G.R.J®,/static/images/4582.jpg,2185,5
2082,TP-Link TL-WA855RE 300 Mbps Wi-Fi Range Extender (White),TP-Link,TP-Link TL-WA855RE 300 Mbps Wi-Fi Range Extender (White) TP-Link,/static/images/4837.jpg,4135,3
1892,"Bouncefit Fitness Band Smart Watch- Y68 D20 Water Proof Smart Watches SpO2 Full Touch Smartwatch with Workout Modes, Heart...",Bouncefit,"Bouncefit Fitness Band Smart Watch- Y68 D20 Water Proof Smart Watches SpO2 Full Touch Smartwatch with Workout Modes, Heart... Bouncefit",/static/images/4400.jpg,1235,2
1650,"E-COSMOS 5V 1.2W Portable Flexible USB LED Light (Colours May Vary, Small, EC-POF1)",E-COSMOS,"E-COSMOS 5V 1.2W Portable Flexible USB LED Light (Colours May Vary, Small, EC-POF1) E-COSMOS",/static/images/4023.jpg,3518,4
1759,"Quantum Wireless Mouse with Upto 12 Months Battery Life(Cell Included), Silent Keys, 800/1200/1600 DPI, USB Nano Receiver,...",Quantum,"Quantum Wireless Mouse with Upto 12 Months Battery Life(Cell Included), Silent Keys, 800/1200/1600 DPI, USB Nano Receiver,... Quantum",/static/images/4164.jpg,755,4
1784,Fevicol MR 1 kg Craft Glue Ultimate Adhesive for Student’s Project Work - Craft Glue & Office Glue Refill Pack,Fevicol,Fevicol MR 1 kg Craft Glue Ultimate Adhesive for Student’s Project Work - Craft Glue & Office Glue Refill Pack Fevicol,/static/images/4195.jpg,866,3
663,"boAt Airdopes 413ANC True Wireless in Ear Earbuds with Active Noise Cancellation, 2 Mics ENx Tech, Signature Sound, Touch ...",boAt,"boAt Airdopes 413ANC True Wireless in Ear Earbuds with Active Noise Cancellation, 2 Mics ENx Tech, Signature Sound, Touch ... boAt",/static/images/2132.jpg,1978,1
2209,boAt BassHeads 900 On-Ear Wired Headphone with Mic,boAt,boAt BassHeads 900 On-Ear Wired Headphone with Mic boAt,/static/images/65.jpg,2887,3
2367,Wayona Type C Cable Nylon Braided USB C QC 3.0 Fast Charging Short Power Bank Cable for Samsung Galaxy S10e/S10+/S10/S9/S...,Wayona,Wayona Type C Cable Nylon Braided USB C QC 3.0 Fast Charging Short Power Bank Cable for Samsung Galaxy S10e/S10+/S10/S9/S... Wayona,/static/images/96.jpg,377,4
2344,"Tukzer Gel Mouse Pad Wrist Rest Memory-Foam Ergonomic Mousepad| Cushion Wrist Support & Pain Relief| Suitable for Gaming, ...",Tukzer,"Tukzer Gel Mouse Pad Wrist Rest Memory-Foam Ergonomic Mousepad| Cushion Wrist Support & Pain Relief| Suitable for Gaming, ... Tukzer",/static/images/936.jpg,1946,1
206,"Noise Buds VS104 in-Ear Truly Wireless Earbuds with 30H of Playtime, Instacharge(10 min=150 min), 13mm Driver, Mic, Hyper ...",Noise,"Noise Buds VS104 in-Ear Truly Wireless Earbuds with 30H of Playtime, Instacharge(10 min=150 min), 13mm Driver, Mic, Hyper ... Noise",/static/images/1382.jpg,3586,2
1467,POPIO Tempered Glass Screen Protector Compatible for iPhone 14 with Case Friendly Edge to Edge Coverage and Easy Installat...,POPIO,POPIO Tempered Glass Screen Protector Compatible for iPhone 14 with Case Friendly Edge to Edge Coverage and Easy Installat... POPIO,/static/images/3701.jpg,2143,2
1680,"ZEBRONICS Zeb-Yoga 90 Pro Wireless Bluetooth in Ear Neckband Earphone with Rapid Charge,Dual Pairing,Magnetic earpiece,Spl...",ZEBRONICS,"ZEBRONICS Zeb-Yoga 90 Pro Wireless Bluetooth in Ear Neckband Earphone with Rapid Charge,Dual Pairing,Magnetic earpiece,Spl... ZEBRONICS",/static/images/4054.jpg,3535,4
888,"Portronics Toad Ergo Vertical Advanced Wireless Ergonomic Mouse 2.4Ghz, 6D Button, Wrist Support, Adjustable DPI Upto 120...",Portronics,"Portronics Toad Ergo Vertical Advanced Wireless Ergonomic Mouse 2.4Ghz, 6D Button, Wrist Support, Adjustable DPI Upto 120... Portronics",/static/images/2490.jpg,741,1
386,"Boult Audio Z25 True Wireless in Ear Earbuds with 32H Playtime, 45ms Low Latency, Type-C Fast Charging (10=150Mins), Made ...",Boult,"Boult Audio Z25 True Wireless in Ear Earbuds with 32H Playtime, 45ms Low Latency, Type-C Fast Charging (10=150Mins), Made ... Boult",/static/images/169.jpg,3396,3
221,Boult Audio BassBuds X1 in-Ear Wired Earphones with 10mm Extra Bass Driver and HD Sound with mic(Black),Boult,Boult Audio BassBuds X1 in-Ear Wired Earphones with 10mm Extra Bass Driver and HD Sound with mic(Black) Boult,/static/images/1420.jpg,1607,5
775,"JBL Wave Beam in-Ear Earbuds (TWS) with Mic, App for Customized Extra Bass EQ, 32 Hrs Battery and Quick Charge, IP54, Ambi...",JBL,"JBL Wave Beam in-Ear Earbuds (TWS) with Mic, App for Customized Extra Bass EQ, 32 Hrs Battery and Quick Charge, IP54, Ambi... JBL",/static/images/2311.jpg,384,3
1553,"Portronics Clamp 2 Car AC Vent Mobile Holder 360° Rotational, Strong Grip, Easy Set Up Compatible with 4 to 6 Inch Device...",Portronics,"Portronics Clamp 2 Car AC Vent Mobile Holder 360° Rotational, Strong Grip, Easy Set Up Compatible with 4 to 6 Inch Device... Portronics",/static/images/3889.jpg,89,4
1531,"Tecno Spark 8 Pro (Turquoise Cyan, 4GB RAM,64GB Storage) | 48MP Triple Camera | 33W Fast Charger",Tecno,"Tecno Spark 8 Pro (Turquoise Cyan, 4GB RAM,64GB Storage) | 48MP Triple Camera | 33W Fast Charger Tecno",/static/images/386.jpg,2005,3
211,Redmi 80 cm (32 inches) Android 11 Series HD Ready Smart LED TV | L32M6-RA/L32M7-RA (Black),Redmi,Redmi 80 cm (32 inches) Android 11 Series HD Ready Smart LED TV | L32M6-RA/L32M7-RA (Black) Redmi,/static/images/1387.jpg,3310,4
2071,"Duracell Specialty 2032 Lithium Coin Battery 3V, Pack of 2 (DL2032/CR2032) Designed for use in keyfobs, Scales, wearables ...",Duracell,"Duracell Specialty 2032 Lithium Coin Battery 3V, Pack of 2 (DL2032/CR2032) Designed for use in keyfobs, Scales, wearables ... Duracell",/static/images/4820.jpg,3774,3
2129,"Gaiatop USB Desk Fan, Small But Powerful, Portable Quiet 3 Speeds Wind Personal Table Fan, Dual 360° Adjustment Mini Fan f...",Gaiatop,"Gaiatop USB Desk Fan, Small But Powerful, Portable Quiet 3 Speeds Wind Personal Table Fan, Dual 360° Adjustment Mini Fan f... Gaiatop",/static/images/4986.jpg,1166,3
862,STRIFF Adjustable Laptop Stand Patented Riser Ventilated Portable Foldable Compatible with MacBook Notebook Tablet Tray De...,STRIFF,STRIFF Adjustable Laptop Stand Patented Riser Ventilated Portable Foldable Compatible with MacBook Notebook Tablet Tray De... STRIFF,/static/images/246.jpg,4172,1
21,"Redmi A1 (Black, 2GB RAM, 32GB Storage) | Segment Best AI Dual Cam | 5000mAh Battery | Leather Texture Design | Android 12",Redmi,"Redmi A1 (Black, 2GB RAM, 32GB Storage) | Segment Best AI Dual Cam | 5000mAh Battery | Leather Texture Design | Android 12 Redmi",/static/images/1041.jpg,1266,5
1061,"Samsung Original Type C to C Cable - 3.28 Feet (1 Meter), Black",Samsung,"Samsung Original Type C to C Cable - 3.28 Feet (1 Meter), Black Samsung",/static/images/2869.jpg,1433,4
937,Lapster USB 3.0 A to Micro B SuperSpeed for hard disk cable - short cable,Lapster,Lapster USB 3.0 A to Micro B SuperSpeed for hard disk cable - short cable Lapster,/static/images/2575.jpg,512,2
777,"Western Digital WD Blue SN570 NVMe 500GB, Upto 3500MB/s, with Free 1 Month Adobe Creative Cloud Subscription, 5 Y Warrant...",Western,"Western Digital WD Blue SN570 NVMe 500GB, Upto 3500MB/s, with Free 1 Month Adobe Creative Cloud Subscription, 5 Y Warrant... Western",/static/images/2313.jpg,1713,3
1205,Wesley Office Laptop Bag Briefcase Notebook Professional Business 15.6 Inch Briefcase Messenger Sling Water Resistant Lapt...,Wesley,Wesley Office Laptop Bag Briefcase Notebook Professional Business 15.6 Inch Briefcase Messenger Sling Water Resistant Lapt... Wesley,/static/images/32.jpg,1338,5
239,"realme narzo 50 5G (Hyper Blue, 6GB RAM+128GB Storage) Dimensity 810 5G Processor | 48MP Ultra HD Camera",realme,"realme narzo 50 5G (Hyper Blue, 6GB RAM+128GB Storage) Dimensity 810 5G Processor | 48MP Ultra HD Camera realme",/static/images/1439.jpg,4941,2
2081,Amazon Basics 6-Feet DisplayPort (not USB port) to HDMI Cable Black,Amazon,Amazon Basics 6-Feet DisplayPort (not USB port) to HDMI Cable Black Amazon,/static/images/4836.jpg,3898,3
2167,"pTron Newly Launched Bassbuds Zen in-Ear Wireless TWS Earbuds with Quad ENC Mic & TruTalk 50Hrs Playtime, BT5.3 Headphones...",pTron,"pTron Newly Launched Bassbuds Zen in-Ear Wireless TWS Earbuds with Quad ENC Mic & TruTalk 50Hrs Playtime, BT5.3 Headphones... pTron",/static/images/550.jpg,3418,1
672,"JBL Wave 200 True Wireless In Ear Earbuds with Mic, 20 Hours Playtime, Deep Bass Sound, Dual Connect Technology, Quick Cha...",JBL,"JBL Wave 200 True Wireless In Ear Earbuds with Mic, 20 Hours Playtime, Deep Bass Sound, Dual Connect Technology, Quick Cha... JBL",/static/images/2165.jpg,1690,5
600,"Energizer CR2032, 3 Volt Zero Mercury Lithium Battery",Energizer,"Energizer CR2032, 3 Volt Zero Mercury Lithium Battery Energizer",/static/images/203.jpg,1703,4
454,Onsitego 1 year Extended Warranty for Small Appliances up to Rs 5000 (Email Delivery - No Physical Kit),Onsitego,Onsitego 1 year Extended Warranty for Small Appliances up to Rs 5000 (Email Delivery - No Physical Kit) Onsitego,/static/images/1799.jpg,2079,1
1376,(Renewed) Dell Latitude E5470 Intel Core i5 6th Gen.6200u Processor 14.1 Inches HD Screen Notebook Computer (8 GB Ram & 25...,(Renewed),(Renewed) Dell Latitude E5470 Intel Core i5 6th Gen.6200u Processor 14.1 Inches HD Screen Notebook Computer (8 GB Ram & 25... (Renewed),/static/images/3583.jpg,3056,2
285,"PTron Bassbuds Plus True Wireless Bluetooth 5.0 in Ear Earbuds, Deep Bass, IPX4 Water/Sweat Resistant, Passive Noise Cance...",PTron,"PTron Bassbuds Plus True Wireless Bluetooth 5.0 in Ear Earbuds, Deep Bass, IPX4 Water/Sweat Resistant, Passive Noise Cance... PTron",/static/images/1510.jpg,4100,1
2361,"Logitech Plug and Play USB Keyboard K120, Black",Logitech,"Logitech Plug and Play USB Keyboard K120, Black Logitech",/static/images/953.jpg,2488,4
585,"Duracell USB Lightning Apple Certified (Mfi) Braided Sync & Charge Cable For Iphone, Ipad And Ipod. Fast Charging Lightnin...",Duracell,"Duracell USB Lightning Apple Certified (Mfi) Braided Sync & Charge Cable For Iphone, Ipad And Ipod. Fast Charging Lightnin... Duracell",/static/images/2002.jpg,1552,1
1105,AmazonBasics Compact Portable Digital Tyre Inflator with Carrying Case,AmazonBasics,AmazonBasics Compact Portable Digital Tyre Inflator with Carrying Case AmazonBasics,/static/images/2951.jpg,1442,5
615,"NoiseFit Force Rugged Round Dial Bluetooth Calling Smart Watch with 1.32"" HD Screen, Functional Crown, 550 NITS, 7 Days Ba...",NoiseFit,"NoiseFit Force Rugged Round Dial Bluetooth Calling Smart Watch with 1.32"" HD Screen, Functional Crown, 550 NITS, 7 Days Ba... NoiseFit",/static/images/2060.jpg,2642,2
2000,"SanDisk Extreme Pro microSD UHS I Card 256GB for 4K Video on Smartphones,Action Cams,Drones 200MB/s Read, 140MB/s Write",SanDisk,"SanDisk Extreme Pro microSD UHS I Card 256GB for 4K Video on Smartphones,Action Cams,Drones 200MB/s Read, 140MB/s Write SanDisk",/static/images/4692.jpg,121,2
2181,TheGiftKart Crystal Clear Back Cover Case for Samsung Galaxy S21 FE 5G | Shockproof 360 Degree Protection | Transparent Ha...,TheGiftKart,TheGiftKart Crystal Clear Back Cover Case for Samsung Galaxy S21 FE 5G | Shockproof 360 Degree Protection | Transparent Ha... TheGiftKart,/static/images/608.jpg,356,5
1276,Acer 80 cm (32 inches) S Series HD Ready Android Smart LED TV AR32AR2841HDSB (Black),Acer,Acer 80 cm (32 inches) S Series HD Ready Android Smart LED TV AR32AR2841HDSB (Black) Acer,/static/images/3406.jpg,2204,4
1272,KYOSEI Tempered Glass Compatible with OnePlus 11R 5G with Anti-Explosion Edge-to-Edge Coverage Screen Protector Guard,KYOSEI,KYOSEI Tempered Glass Compatible with OnePlus 11R 5G with Anti-Explosion Edge-to-Edge Coverage Screen Protector Guard KYOSEI,/static/images/3401.jpg,4395,4
1500,"FLiX (Beetel USB to Type C PVC Data Sync & 2A Smartphone Fast Charging Cable, Made in India, 480Mbps Data Sync, Tough Cabl...",FLiX,"FLiX (Beetel USB to Type C PVC Data Sync & 2A Smartphone Fast Charging Cable, Made in India, 480Mbps Data Sync, Tough Cabl... FLiX",/static/images/3761.jpg,997,5
1672,Quantum RJ45 Ethernet Patch Cable/LAN Router Cable with Heavy Duty Gold Plated Connectors Supports Hi-Speed Gigabit Upto 1...,Quantum,Quantum RJ45 Ethernet Patch Cable/LAN Router Cable with Heavy Duty Gold Plated Connectors Supports Hi-Speed Gigabit Upto 1... Quantum,/static/images/4046.jpg,2123,4
175,realme narzo 50i Prime (Dark Blue 4GB RAM+64GB Storage) Octa-core Processor | 5000 mAh Battery,realme,realme narzo 50i Prime (Dark Blue 4GB RAM+64GB Storage) Octa-core Processor | 5000 mAh Battery realme,/static/images/13.jpg,779,5
123,"boAt Rockerz 255 Pro+ in-Ear Bluetooth Neckband with Upto 40 Hours Playback, ASAP Charge, IPX7, Dual Pairing, BT v5.0, wi...",boAt,"boAt Rockerz 255 Pro+ in-Ear Bluetooth Neckband with Upto 40 Hours Playback, ASAP Charge, IPX7, Dual Pairing, BT v5.0, wi... boAt",/static/images/117.jpg,1092,1
55,"STRIFF Mpad Mouse Mat 230X190X3mm Gaming Mouse Pad, Non-Slip Rubber Base, Waterproof Surface, Premium-Textured, Compatible...",STRIFF,"STRIFF Mpad Mouse Mat 230X190X3mm Gaming Mouse Pad, Non-Slip Rubber Base, Waterproof Surface, Premium-Textured, Compatible... STRIFF",/static/images/1077.jpg,599,5
25,"OnePlus Nord Buds True Wireless in Ear Earbuds with Mic, 12.4mm Titanium Drivers, Playback:Up to 30hr case, 4-Mic Design +...",OnePlus,"OnePlus Nord Buds True Wireless in Ear Earbuds with Mic, 12.4mm Titanium Drivers, Playback:Up to 30hr case, 4-Mic Design +... OnePlus",/static/images/1047.jpg,3572,2
1920,"pTron Volta 12W Fast Charging USB Wall Charger with 1m Micro USB Cable, Made in India, BIS Certified Single Port USB Wall ...",pTron,"pTron Volta 12W Fast Charging USB Wall Charger with 1m Micro USB Cable, Made in India, BIS Certified Single Port USB Wall ... pTron",/static/images/4451.jpg,273,3
445,"Motorola a10 Dual Sim keypad Mobile with 1750 mAh Battery, Expandable Storage Upto 32GB, Wireless FM with Recording - Rose...",Motorola,"Motorola a10 Dual Sim keypad Mobile with 1750 mAh Battery, Expandable Storage Upto 32GB, Wireless FM with Recording - Rose... Motorola",/static/images/1789.jpg,2131,1
653,"Yogi MART Foldable Wooden Laptop Bed Tray Table, Multifunction Lap Tablet Desk with Cup Holder, Perfect for Eating Breakfa...",Yogi,"Yogi MART Foldable Wooden Laptop Bed Tray Table, Multifunction Lap Tablet Desk with Cup Holder, Perfect for Eating Breakfa... Yogi",/static/images/2121.jpg,1631,5
1535,"ZEBRONICS Zeb-100HB 4 Ports USB Hub for Laptop, PC Computers, Plug & Play, Backward Compatible - Black",ZEBRONICS,"ZEBRONICS Zeb-100HB 4 Ports USB Hub for Laptop, PC Computers, Plug & Play, Backward Compatible - Black ZEBRONICS",/static/images/3868.jpg,4477,5
1428,"Sounce Earphone Case Cover Compatible with Boat Airdopes 141, Soft Silicone Skin Case Cover Shock-Absorbing Protective Cas...",Sounce,"Sounce Earphone Case Cover Compatible with Boat Airdopes 141, Soft Silicone Skin Case Cover Shock-Absorbing Protective Cas... Sounce",/static/images/3647.jpg,950,4
1270,"INOVERA World Map Anti-Slip Extended Desk Mat Gaming Rubber Stitched Mouse Pad for Laptop and Computer, 600L x 300B mm (Bl...",INOVERA,"INOVERA World Map Anti-Slip Extended Desk Mat Gaming Rubber Stitched Mouse Pad for Laptop and Computer, 600L x 300B mm (Bl... INOVERA",/static/images/3398.jpg,3140,3
13,"boAt Airdopes Atom 81 True Wireless in Ear Earbuds with Upto 50H Playtime, Quad Mics ENx Tech, 13MM Drivers, Beast Mode(50...",boAt,"boAt Airdopes Atom 81 True Wireless in Ear Earbuds with Upto 50H Playtime, Quad Mics ENx Tech, 13MM Drivers, Beast Mode(50... boAt",/static/images/1033.jpg,220,4
207,"Ambrane 10000mAh Slim Power Bank, 20W Fast Charging, Dual Output, Type C PD (Input & Output), Quick Charge, Li-Polymer, Mu...",Ambrane,"Ambrane 10000mAh Slim Power Bank, 20W Fast Charging, Dual Output, Type C PD (Input & Output), Quick Charge, Li-Polymer, Mu... Ambrane",/static/images/1383.jpg,771,5
1749,Tizum Mouse Pad/ Computer Mouse Mat with Anti-Slip Rubber Base | Smooth Mouse Control | Spill-Resistant Surface for Lapto...,Tizum,Tizum Mouse Pad/ Computer Mouse Mat with Anti-Slip Rubber Base | Smooth Mouse Control | Spill-Resistant Surface for Lapto... Tizum,/static/images/4153.jpg,1725,1
1826,Western Digital WD Purple 64GB Surveillance and Security Camera Memory Card for CCTV & WiFi Cameras (WDD064G1P0C),Western,Western Digital WD Purple 64GB Surveillance and Security Camera Memory Card for CCTV & WiFi Cameras (WDD064G1P0C) Western,/static/images/4280.jpg,3607,4
214,"boAt Airdopes 181 in-Ear True Wireless Earbuds with ENx Tech, Beast Mode(Low Latency Upto 60ms) for Gaming, with Mic, AS...",boAt,"boAt Airdopes 181 in-Ear True Wireless Earbuds with ENx Tech, Beast Mode(Low Latency Upto 60ms) for Gaming, with Mic, AS... boAt",/static/images/1390.jpg,2055,2
1664,"Portronics Power Plate 9 with 3 USB Ports + 8 Power Sockets Power Converter, 2500W Power Output, 2.1A USB Charging Port, 3...",Portronics,"Portronics Power Plate 9 with 3 USB Ports + 8 Power Sockets Power Converter, 2500W Power Output, 2.1A USB Charging Port, 3... Portronics",/static/images/4037.jpg,4888,4
2358,"Parker Ultra Fine Navigator Roller Ball Refill, Blue",Parker,"Parker Ultra Fine Navigator Roller Ball Refill, Blue Parker",/static/images/95.jpg,2668,2
281,"ZEBRONICS Zeb-Dash Plus 2.4GHz High Precision Wireless Mouse with up to 1600 DPI, Power Saving Mode, Nano Receiver and Plu...",ZEBRONICS,"ZEBRONICS Zeb-Dash Plus 2.4GHz High Precision Wireless Mouse with up to 1600 DPI, Power Saving Mode, Nano Receiver and Plu... ZEBRONICS",/static/images/1506.jpg,2182,1
1337,"Logitech G402 Hyperion Fury USB Wired Gaming Mouse, 4,000 DPI, Lightweight, 8 Programmable Buttons, Compatible for PC/Mac...",Logitech,"Logitech G402 Hyperion Fury USB Wired Gaming Mouse, 4,000 DPI, Lightweight, 8 Programmable Buttons, Compatible for PC/Mac... Logitech",/static/images/3506.jpg,449,3
904,"SanDisk Ultra SDHC UHS-I Card 32GB 120MB/s R for DSLR Cameras, for Full HD Recording, 10Y Warranty",SanDisk,"SanDisk Ultra SDHC UHS-I Card 32GB 120MB/s R for DSLR Cameras, for Full HD Recording, 10Y Warranty SanDisk",/static/images/2511.jpg,2580,3
200,"SWAPKART Flexible Mobile Tabletop Stand, Metal Built, Heavy Duty Foldable Lazy Bracket Clip Mount Multi Angle Clamp for Al...",SWAPKART,"SWAPKART Flexible Mobile Tabletop Stand, Metal Built, Heavy Duty Foldable Lazy Bracket Clip Mount Multi Angle Clamp for Al... SWAPKART",/static/images/1376.jpg,2203,5
17,Lapster 5-in-1 Multi-Function Laptop Cleaning Brush/Keyboard Cleaning kit/Gadget Cleaning kit Gap Duster Key-Cap Puller fo...,Lapster,Lapster 5-in-1 Multi-Function Laptop Cleaning Brush/Keyboard Cleaning kit/Gadget Cleaning kit Gap Duster Key-Cap Puller fo... Lapster,/static/images/1038.jpg,2752,3
679,"boAt Airdopes 113 Bluetooth Truly Wireless in Ear Earbuds with ENx Tech, Beast Mode, ASAP Charge, 24H Playtime, Immersive ...",boAt,"boAt Airdopes 113 Bluetooth Truly Wireless in Ear Earbuds with ENx Tech, Beast Mode, ASAP Charge, 24H Playtime, Immersive ... boAt",/static/images/2174.jpg,4920,1
122,Dell Kb216 Wired Multimedia USB Keyboard with Super Quite Plunger Keys with Spill-Resistant  Black,Dell,Dell Kb216 Wired Multimedia USB Keyboard with Super Quite Plunger Keys with Spill-Resistant  Black Dell,/static/images/116.jpg,3542,3
1634,AmazonBasics AAAA Everyday Alkaline Batteries for Stylus (8-Pack) - Appearance May Vary,AmazonBasics,AmazonBasics AAAA Everyday Alkaline Batteries for Stylus (8-Pack) - Appearance May Vary AmazonBasics,/static/images/4009.jpg,381,2
2199,realme Pad WiFi+4G Tablet | 3GB RAM 32GB ROM (Expandable) | 26.4cm (10.4 inch) WUXGA+ Display | 7100 mAh Battery | Dolby A...,realme,realme Pad WiFi+4G Tablet | 3GB RAM 32GB ROM (Expandable) | 26.4cm (10.4 inch) WUXGA+ Display | 7100 mAh Battery | Dolby A... realme,/static/images/633.jpg,275,3
339,"Lava Blaze 5G (Glass Blue, 6GB RAM, UFS 2.2 128GB Storage) | 5G Ready | 50MP AI Triple Camera | Upto 9GB Expandable RAM | ...",Lava,"Lava Blaze 5G (Glass Blue, 6GB RAM, UFS 2.2 128GB Storage) | 5G Ready | 50MP AI Triple Camera | Upto 9GB Expandable RAM | ... Lava",/static/images/1618.jpg,136,1
3,"Samsung Galaxy M33 5G (Mystique Green, 6GB, 128GB Storage) | 6000mAh Battery | Upto 12GB RAM with RAM Plus | Travel Adapte...",Samsung,"Samsung Galaxy M33 5G (Mystique Green, 6GB, 128GB Storage) | 6000mAh Battery | Upto 12GB RAM with RAM Plus | Travel Adapte... Samsung",/static/images/100.jpg,1897,3
2289,"(Renewed) DELL Latitude 5490 Core i5 8th Gen Laptop, 16 GB RAM, 512GB SSD, Intel HD Graphics, 14 inch (36.83 cms) HD Scree...",(Renewed),"(Renewed) DELL Latitude 5490 Core i5 8th Gen Laptop, 16 GB RAM, 512GB SSD, Intel HD Graphics, 14 inch (36.83 cms) HD Scree... (Renewed)",/static/images/825.jpg,776,2
210,Eveready 1015 Carbon Zinc AA Battery - 10 Pieces,Eveready,Eveready 1015 Carbon Zinc AA Battery - 10 Pieces Eveready,/static/images/1386.jpg,2314,1
1881,"OPPO A15s (Fancy White, 4GB, 128GB Storage) AI Triple Camera | 6.52"" HD+ Screen | 2.3GHz Mediatek Helio P35 Octa Core Proc...",OPPO,"OPPO A15s (Fancy White, 4GB, 128GB Storage) AI Triple Camera | 6.52"" HD+ Screen | 2.3GHz Mediatek Helio P35 Octa Core Proc... OPPO",/static/images/4383.jpg,200,5
1840,"Lava Yuva 2 Pro (Glass White, 4GB RAM, 64GB Storage)| 2.3 Ghz Octa Core Helio G37| 13 MP AI Triple Camera |Fingerprint Sen...",Lava,"Lava Yuva 2 Pro (Glass White, 4GB RAM, 64GB Storage)| 2.3 Ghz Octa Core Helio G37| 13 MP AI Triple Camera |Fingerprint Sen... Lava",/static/images/4301.jpg,951,2
938,"URBN 20000 mAh lithium_polymer Power Bank with 12 Watt Fast Charging, Camo",URBN,"URBN 20000 mAh lithium_polymer Power Bank with 12 Watt Fast Charging, Camo URBN",/static/images/2576.jpg,2663,4
1901,"Airtel DigitalTV DTH Television, Setup Box Remote Compatible for SD and HD Recording (Black)",Airtel,"Airtel DigitalTV DTH Television, Setup Box Remote Compatible for SD and HD Recording (Black) Airtel",/static/images/4418.jpg,996,1
1216,"QHOHQ Polycarbonate Tempered Glass, 2 Pack Hard PC Case for Smartwatches Compatible with Apple Watch Series 8 45mm & Serie...",QHOHQ,"QHOHQ Polycarbonate Tempered Glass, 2 Pack Hard PC Case for Smartwatches Compatible with Apple Watch Series 8 45mm & Serie... QHOHQ",/static/images/3288.jpg,1723,4
2214,"MARVIK Trail Loop Band Compatible with Apple Watch Band Ultra 42mm 44mm 45mm 49mm, Nylon Weave Sport Loop Adjustable Strap...",MARVIK,"MARVIK Trail Loop Band Compatible with Apple Watch Band Ultra 42mm 44mm 45mm 49mm, Nylon Weave Sport Loop Adjustable Strap... MARVIK",/static/images/674.jpg,133,2
2267,"Samsung Galaxy M53 5G (Mystique Green, 8GB, 128GB Storage) | 108MP | sAmoled+ 120Hz | 16GB RAM with RAM Plus | Travel Adap...",Samsung,"Samsung Galaxy M53 5G (Mystique Green, 8GB, 128GB Storage) | 108MP | sAmoled+ 120Hz | 16GB RAM with RAM Plus | Travel Adap... Samsung",/static/images/800.jpg,3639,2
973,"BROLAVIYA Overhead Video Tabletop Stand Phone Holder, Metal Long Lazy Arm and Bracket for All Mobiles Phone, for Streaming...",BROLAVIYA,"BROLAVIYA Overhead Video Tabletop Stand Phone Holder, Metal Long Lazy Arm and Bracket for All Mobiles Phone, for Streaming... BROLAVIYA",/static/images/2679.jpg,2860,3
737,"Duracell Rechargeable AAA 750mAh Batteries, 2 Pcs",Duracell,"Duracell Rechargeable AAA 750mAh Batteries, 2 Pcs Duracell",/static/images/2276.jpg,4243,2
469,"Crucial P3 500GB PCIe 3.0 3D NAND NVMe M.2 SSD, up to 3500MB/s - CT500P3SSD8",Crucial,"Crucial P3 500GB PCIe 3.0 3D NAND NVMe M.2 SSD, up to 3500MB/s - CT500P3SSD8 Crucial",/static/images/1812.jpg,520,2
1669,realme Pad WiFi+4G Tablet | 4GB RAM 64GB ROM (Expandable) | 26.4cm (10.4 inch) WUXGA+ Display | 7100 mAh Battery | Dolby A...,realme,realme Pad WiFi+4G Tablet | 4GB RAM 64GB ROM (Expandable) | 26.4cm (10.4 inch) WUXGA+ Display | 7100 mAh Battery | Dolby A... realme,/static/images/4042.jpg,1224,5
1440,Maono AU-B01 Microphone Suspension Boom Scissor Arm Stand (Black),Maono,Maono AU-B01 Microphone Suspension Boom Scissor Arm Stand (Black) Maono,/static/images/3661.jpg,1755,5
1121,"Logitech MK235 Wireless Keyboard and Mouse Set for Windows, 2.4 GHz Wireless Unifying USB Receiver, 15 FN Keys, Long Batte...",Logitech,"Logitech MK235 Wireless Keyboard and Mouse Set for Windows, 2.4 GHz Wireless Unifying USB Receiver, 15 FN Keys, Long Batte... Logitech",/static/images/3.jpg,1248,2
482,Fastrack Reflex Vox Smartwatch|Alexa Built-In|Bright HD Display|Upto 10 Days Battery|5 ATM Water Resistance|Multiple Sport...,Fastrack,Fastrack Reflex Vox Smartwatch|Alexa Built-In|Bright HD Display|Upto 10 Days Battery|5 ATM Water Resistance|Multiple Sport... Fastrack,/static/images/1825.jpg,3129,5
1142,"Samsung Galaxy M13 (Stardust Brown, 4GB, 64GB Storage) | 6000mAh Battery | Upto 8GB RAM with RAM Plus",Samsung,"Samsung Galaxy M13 (Stardust Brown, 4GB, 64GB Storage) | 6000mAh Battery | Upto 8GB RAM with RAM Plus Samsung",/static/images/3037.jpg,3042,4
897,"Ambrane 27000mAh Power Bank, 20W Fast Charging, Triple Output, Type C PD (Input & Output), Quick Charge, Li-Polymer, Mult...",Ambrane,"Ambrane 27000mAh Power Bank, 20W Fast Charging, Triple Output, Type C PD (Input & Output), Quick Charge, Li-Polymer, Mult... Ambrane",/static/images/250.jpg,4468,1
1787,"iQOO 9 SE 5G (Sunset Sierra, 8GB RAM, 128GB Storage) | Qualcomm Snapdragon 888 | 66W Flash Charge",iQOO,"iQOO 9 SE 5G (Sunset Sierra, 8GB RAM, 128GB Storage) | Qualcomm Snapdragon 888 | 66W Flash Charge iQOO",/static/images/42.jpg,558,1
1597,"Belkin Apple Certified Lightning To Type C Cable, Fast Charging For Iphone, Ipad, Air Pods, 3.3 Feet (1 Meters)  White",Belkin,"Belkin Apple Certified Lightning To Type C Cable, Fast Charging For Iphone, Ipad, Air Pods, 3.3 Feet (1 Meters)  White Belkin",/static/images/3977.jpg,3199,2
988,"Amazon Basics USB 2.0 Cable - A-Male to B-Male - for Personal Computer, Printer- 6 Feet (1.8 Meters), Black",Amazon,"Amazon Basics USB 2.0 Cable - A-Male to B-Male - for Personal Computer, Printer- 6 Feet (1.8 Meters), Black Amazon",/static/images/2697.jpg,3980,5
689,"ENVIE® (AA10004PLNi-CD) AA Rechargeable Batteries, Low Self Discharge, AA 1000mAh Ni-CD (Pack of 4)",ENVIE®,"ENVIE® (AA10004PLNi-CD) AA Rechargeable Batteries, Low Self Discharge, AA 1000mAh Ni-CD (Pack of 4) ENVIE®",/static/images/220.jpg,2093,4
876,GIZGA Essentials Universal Silicone Keyboard Protector Skin for 15.6-Inches Laptop (5 X 6 X 3 Inches),GIZGA,GIZGA Essentials Universal Silicone Keyboard Protector Skin for 15.6-Inches Laptop (5 X 6 X 3 Inches) GIZGA,/static/images/2475.jpg,4249,4
697,"HP v236w 16GB USB 2.0 Pen Drive, Multi",HP,"HP v236w 16GB USB 2.0 Pen Drive, Multi HP",/static/images/2215.jpg,681,3
925,"Tukzer Gel Mouse Pad Wrist Rest Memory-Foam Ergonomic Mousepad| Cushion Wrist Support & Pain Relief| Suitable for Gaming, ...",Tukzer,"Tukzer Gel Mouse Pad Wrist Rest Memory-Foam Ergonomic Mousepad| Cushion Wrist Support & Pain Relief| Suitable for Gaming, ... Tukzer",/static/images/2541.jpg,3652,2
1264,HP 802 Small Ink Cartridge - Black,HP,HP 802 Small Ink Cartridge - Black HP,/static/images/3388.jpg,4886,5
964,"Tecno POP 7 Pro (Endless Black, 2GB RAM,64GB Storage) | Type C Port | 12MP Dual Camera | Up to 4GB RAM with Memory Fusion",Tecno,"Tecno POP 7 Pro (Endless Black, 2GB RAM,64GB Storage) | Type C Port | 12MP Dual Camera | Up to 4GB RAM with Memory Fusion Tecno",/static/images/2668.jpg,3735,2
2387,"Noise Newly Launched Evolve 2 Play AMOLED Display Smart Watch with Fast Charging, Always On Display, 50 Sports Modes, Hind...",Noise,"Noise Newly Launched Evolve 2 Play AMOLED Display Smart Watch with Fast Charging, Always On Display, 50 Sports Modes, Hind... Noise",/static/images/987.jpg,1000,4
1966,"Xiaomi Selfie Stick with Micro USB Rechargeable Bluetooth Remote, Tripod Stand, Multifunctional Selfie Stick with Extendab...",Xiaomi,"Xiaomi Selfie Stick with Micro USB Rechargeable Bluetooth Remote, Tripod Stand, Multifunctional Selfie Stick with Extendab... Xiaomi",/static/images/4572.jpg,3463,2
180,"Dell WM118 Wireless Mouse, 2.4 Ghz with USB Nano Receiver, Optical Tracking, 12-Months Battery Life, Ambidextrous, Pc/Mac/...",Dell,"Dell WM118 Wireless Mouse, 2.4 Ghz with USB Nano Receiver, Optical Tracking, 12-Months Battery Life, Ambidextrous, Pc/Mac/... Dell",/static/images/1305.jpg,4400,5
1342,Sony Premium MDR-XB55AP in-Ear Extra Bass Wired Headphones with Mic (Blue),Sony,Sony Premium MDR-XB55AP in-Ear Extra Bass Wired Headphones with Mic (Blue) Sony,/static/images/3513.jpg,4985,5
941,"Duracell Rechargeable AA 1300mAh Batteries, 2Pcs",Duracell,"Duracell Rechargeable AA 1300mAh Batteries, 2Pcs Duracell",/static/images/2579.jpg,912,3
1775,Acer 100 cm (40 inches) P Series Full HD Android Smart LED TV AR40AR2841FDFL (Black),Acer,Acer 100 cm (40 inches) P Series Full HD Android Smart LED TV AR40AR2841FDFL (Black) Acer,/static/images/4183.jpg,2813,1
401,Casio MJ-12D 150 Steps Check and Correct Desktop Calculator,Casio,Casio MJ-12D 150 Steps Check and Correct Desktop Calculator Casio,/static/images/1703.jpg,676,2
1187,"Tukzer Gizga 2-in-1 Professional Screen Cleaning Kit (500ML) for Camera, Lens, Binocular, Laptop, TV, Monitor, Smartphone,...",Tukzer,"Tukzer Gizga 2-in-1 Professional Screen Cleaning Kit (500ML) for Camera, Lens, Binocular, Laptop, TV, Monitor, Smartphone,... Tukzer",/static/images/3171.jpg,438,3
393,MI 10000mAh 3i Lithium Polymer Power Bank Dual Input(Micro-USB and Type C) and Output Ports 18W Fast Charging (Metallic Blue),MI,MI 10000mAh 3i Lithium Polymer Power Bank Dual Input(Micro-USB and Type C) and Output Ports 18W Fast Charging (Metallic Blue) MI,/static/images/1696.jpg,420,5
740,"Sounce 65W OnePlus Dash Warp Charge Cable, 6.5A Type-C to USB C PD Data Sync Fast Charging Cable Compatible with One Plus ...",Sounce,"Sounce 65W OnePlus Dash Warp Charge Cable, 6.5A Type-C to USB C PD Data Sync Fast Charging Cable Compatible with One Plus ... Sounce",/static/images/2279.jpg,514,1
1057,"boAt A400 USB Type-C to USB-A 2.0 Male Data Cable, 2 Meter (Black)",boAt,"boAt A400 USB Type-C to USB-A 2.0 Male Data Cable, 2 Meter (Black) boAt",/static/images/2864.jpg,2901,1
438,"Portronics Toad One Wireless 2.4GHz & Bluetooth Connectivity Optical Mouse with 7 Colors RGB Lights, Rechargeable Battery(...",Portronics,"Portronics Toad One Wireless 2.4GHz & Bluetooth Connectivity Optical Mouse with 7 Colors RGB Lights, Rechargeable Battery(... Portronics",/static/images/1781.jpg,3758,2
377,"Samsung 7 kg Fully-Automatic Top Loading Washing Machine (WA70A4002GS/TL, Imperial Silver, Diamond drum)",Samsung,"Samsung 7 kg Fully-Automatic Top Loading Washing Machine (WA70A4002GS/TL, Imperial Silver, Diamond drum) Samsung",/static/images/1681.jpg,874,2
561,"AirCase Protective Laptop Bag Sleeve fits Upto 13.3"" Laptop/ MacBook, Wrinkle Free, Padded, Waterproof Light Neoprene case...",AirCase,"AirCase Protective Laptop Bag Sleeve fits Upto 13.3"" Laptop/ MacBook, Wrinkle Free, Padded, Waterproof Light Neoprene case... AirCase",/static/images/1977.jpg,3046,2
1537,MI Power Bank Hypersonic 20000mAh 50W Lithium Polymer Supports Laptop Charging 50W Mobile Charging | Power Delivery 3.0 Fa...,MI,MI Power Bank Hypersonic 20000mAh 50W Lithium Polymer Supports Laptop Charging 50W Mobile Charging | Power Delivery 3.0 Fa... MI,/static/images/3870.jpg,4852,3
870,"pTron Pride Indie in-Ear Wired Earphones with Mic, Stereo Sound, 10mm Drivers, Snug-fit Design, Passive Noise Cancellatio...",pTron,"pTron Pride Indie in-Ear Wired Earphones with Mic, Stereo Sound, 10mm Drivers, Snug-fit Design, Passive Noise Cancellatio... pTron",/static/images/2467.jpg,415,3
2094,TCL 108 cm (43 inches) 4K Ultra HD Certified Android Smart LED TV 43P615 (Black),TCL,TCL 108 cm (43 inches) 4K Ultra HD Certified Android Smart LED TV 43P615 (Black) TCL,/static/images/4873.jpg,4759,5
987,"Portronics Clean M Multifunctional 8-in-1 Gadget Cleaning Kit with Mobile Holder for Smartphone, Tablet, Laptop, Earbuds(W...",Portronics,"Portronics Clean M Multifunctional 8-in-1 Gadget Cleaning Kit with Mobile Holder for Smartphone, Tablet, Laptop, Earbuds(W... Portronics",/static/images/2694.jpg,1323,4
1921,"ZEBRONICS Zeb-Juke BAR 9500WS PRO Dolby 5.1 soundbar with Wireless Satellites, Dolby Audio, 525 Watts Output Power, 16.5cm...",ZEBRONICS,"ZEBRONICS Zeb-Juke BAR 9500WS PRO Dolby 5.1 soundbar with Wireless Satellites, Dolby Audio, 525 Watts Output Power, 16.5cm... ZEBRONICS",/static/images/4453.jpg,1896,3
1709,boAt Bassheads 102 in Ear Wired Earphones with Mic(Fiery Red),boAt,boAt Bassheads 102 in Ear Wired Earphones with Mic(Fiery Red) boAt,/static/images/4085.jpg,2671,2
1207,Pilot V7 Liquid Ink Roller Ball Pen (2 Blue + 1 Black),Pilot,Pilot V7 Liquid Ink Roller Ball Pen (2 Blue + 1 Black) Pilot,/static/images/3201.jpg,3189,2
651,"Fire-Boltt Invincible Plus 1.43"" AMOLED Display Smartwatch with Bluetooth Calling, TWS Connection, 300+ Sports Modes, 110 ...",Fire-Boltt,"Fire-Boltt Invincible Plus 1.43"" AMOLED Display Smartwatch with Bluetooth Calling, TWS Connection, 300+ Sports Modes, 110 ... Fire-Boltt",/static/images/212.jpg,216,1
101,"Noise Pulse Go Buzz Bluetooth Calling Smart Watch, 1.69"" Clear Display, 550Nits,150+ Watch face, Comfort Strap, Heart Rat...",Noise,"Noise Pulse Go Buzz Bluetooth Calling Smart Watch, 1.69"" Clear Display, 550Nits,150+ Watch face, Comfort Strap, Heart Rat... Noise",/static/images/113.jpg,2587,1
1047,Bennett™ Mystic Formal Business Briefcase Bag Crossbody Messenger College Bags For Men Women MacBook INoteBook ITablet Lap...,Bennett™,Bennett™ Mystic Formal Business Briefcase Bag Crossbody Messenger College Bags For Men Women MacBook INoteBook ITablet Lap... Bennett™,/static/images/283.jpg,4270,2
1063,"ZEBRONICS Zeb-VITA Wireless Bluetooth 10W Portable Bar Speaker with Supporting USB, SD Card, AUX, FM, TWS & Call Function....",ZEBRONICS,"ZEBRONICS Zeb-VITA Wireless Bluetooth 10W Portable Bar Speaker with Supporting USB, SD Card, AUX, FM, TWS & Call Function.... ZEBRONICS",/static/images/2872.jpg,1082,5
1317,"Gizga Essentials 2-in-1 Professional Cleaning Kit (XL -170ML) for Camera, Lens, Binocular, Laptop, TV, Monitor,Smartphone,...",Gizga,"Gizga Essentials 2-in-1 Professional Cleaning Kit (XL -170ML) for Camera, Lens, Binocular, Laptop, TV, Monitor,Smartphone,... Gizga",/static/images/3484.jpg,1737,5
1580,TheGiftKart Tough Armor Bumper Back Case Cover for OnePlus 11 5G | Ring Holder & Kickstand in-Built | 360 Degree Protectio...,TheGiftKart,TheGiftKart Tough Armor Bumper Back Case Cover for OnePlus 11 5G | Ring Holder & Kickstand in-Built | 360 Degree Protectio... TheGiftKart,/static/images/3961.jpg,543,4
1823,"AmazonBasics 24W Phone Charger for Cellular Phones | Fast Charging, Dual Output | Type C and A Adapter (Black)",AmazonBasics,"AmazonBasics 24W Phone Charger for Cellular Phones | Fast Charging, Dual Output | Type C and A Adapter (Black) AmazonBasics",/static/images/4277.jpg,4161,3
961,"Silicone Rubber Earbuds Tips, Eartips, Earpads, Earplugs, for Replacement in Earphones and Bluetooth Medium Size (10 Pcs B...",Silicone,"Silicone Rubber Earbuds Tips, Eartips, Earpads, Earplugs, for Replacement in Earphones and Bluetooth Medium Size (10 Pcs B... Silicone",/static/images/266.jpg,74,4
1976,"INSTAPLAY INSTABUDS in-Ear Bluetooth 5.0 Wireless Headphones with Extra Bass Stereo Sound, 12Hrs Playtime, Lightweight Nec...",INSTAPLAY,"INSTAPLAY INSTABUDS in-Ear Bluetooth 5.0 Wireless Headphones with Extra Bass Stereo Sound, 12Hrs Playtime, Lightweight Nec... INSTAPLAY",/static/images/4632.jpg,4202,1
